id_incidencia,id_documento,tipo_incidencia,severidad,documento,enlace_documento,ruta_documento,accion_aprobada_id,estado_vinculo,estado_revision,descripcion,recomendacion
INC-0001,DOC-5CBFC4A4C438,gasto_sin_justificacion,alta,MARIA JOSE MORAL.pdf,file:///Users/usuario/Desktop/PROFESIONAL/enGira/FINANCIACIO%CC%81N/SUBVENCIONES/MINISTERIO%20DE%20CULTURA/Industrias%20Culturales%2025/JUSTIFICACION/datos_engira/05_PARTICIPANTES_Y_COLABORADORES/MARIA%20JOSE%20MORAL.pdf,/Users/usuario/Desktop/PROFESIONAL/enGira/FINANCIACIÓN/SUBVENCIONES/MINISTERIO DE CULTURA/Industrias Culturales 25/JUSTIFICACION/datos_engira/05_PARTICIPANTES_Y_COLABORADORES/MARIA JOSE MORAL.pdf,ACC-ADMINISTRACION-4BB25BB8C5,automatico,revisable,Factura sin transferencia de pago detectada: MARIA JOSE MORAL.pdf,Adjuntar justificante de pago
INC-0002,DOC-53B3DED9B890,gasto_sin_justificacion,alta,Condiciones particulares - Servidores.pdf,file:///Users/usuario/Desktop/PROFESIONAL/enGira/FINANCIACIO%CC%81N/SUBVENCIONES/MINISTERIO%20DE%20CULTURA/Industrias%20Culturales%2025/JUSTIFICACION/datos_engira/05_PARTICIPANTES_Y_COLABORADORES/servidor/Condiciones%20particulares%20-%20Servidores.pdf,/Users/usuario/Desktop/PROFESIONAL/enGira/FINANCIACIÓN/SUBVENCIONES/MINISTERIO DE CULTURA/Industrias Culturales 25/JUSTIFICACION/datos_engira/05_PARTICIPANTES_Y_COLABORADORES/servidor/Condiciones particulares - Servidores.pdf,ACC-SOPORTE-TECNICO-Y--F45DA80C53,automatico,revisable,Factura sin transferencia de pago detectada: Condiciones particulares - Servidores.pdf,Adjuntar justificante de pago
INC-0003,DOC-F8819C83CE43,gasto_sin_justificacion,alta,factura monitor.pdf,file:///Users/usuario/Desktop/PROFESIONAL/enGira/FINANCIACIO%CC%81N/SUBVENCIONES/MINISTERIO%20DE%20CULTURA/Industrias%20Culturales%2025/JUSTIFICACION/datos_engira/08_JUSTIFICACION_ECONOMICA/CONTABILIDAD/GASTOS/1TR2026/SUMINISTROS/factura%20monitor.pdf,/Users/usuario/Desktop/PROFESIONAL/enGira/FINANCIACIÓN/SUBVENCIONES/MINISTERIO DE CULTURA/Industrias Culturales 25/JUSTIFICACION/datos_engira/08_JUSTIFICACION_ECONOMICA/CONTABILIDAD/GASTOS/1TR2026/SUMINISTROS/factura monitor.pdf,ACC-ADMINISTRACION-A0CC1B65E1,automatico,revisable,Factura sin transferencia de pago detectada: factura monitor.pdf,Adjuntar justificante de pago
INC-0004,DOC-2FB158168000,gasto_sin_justificacion,alta,factura pie de tv.pdf,file:///Users/usuario/Desktop/PROFESIONAL/enGira/FINANCIACIO%CC%81N/SUBVENCIONES/MINISTERIO%20DE%20CULTURA/Industrias%20Culturales%2025/JUSTIFICACION/datos_engira/08_JUSTIFICACION_ECONOMICA/CONTABILIDAD/GASTOS/3TR2025/COMERCIALIZACI%C3%93N/MERCARTES/PRODUCCIO%CC%81N/factura%20pie%20de%20tv.pdf,/Users/usuario/Desktop/PROFESIONAL/enGira/FINANCIACIÓN/SUBVENCIONES/MINISTERIO DE CULTURA/Industrias Culturales 25/JUSTIFICACION/datos_engira/08_JUSTIFICACION_ECONOMICA/CONTABILIDAD/GASTOS/3TR2025/COMERCIALIZACIÓN/MERCARTES/PRODUCCIÓN/factura pie de tv.pdf,ACC-ADMINISTRACION-A0CC1B65E1,automatico,revisable,Factura sin transferencia de pago detectada: factura pie de tv.pdf,Adjuntar justificante de pago
INC-0005,DOC-08A70E6EFF82,gasto_sin_justificacion,alta,Factura STAND ENGIRA!.pdf,file:///Users/usuario/Desktop/PROFESIONAL/enGira/FINANCIACIO%CC%81N/SUBVENCIONES/MINISTERIO%20DE%20CULTURA/Industrias%20Culturales%2025/JUSTIFICACION/datos_engira/08_JUSTIFICACION_ECONOMICA/CONTABILIDAD/GASTOS/3TR2025/COMERCIALIZACI%C3%93N/MERCARTES/PRODUCCIO%CC%81N/Factura%20STAND%20ENGIRA%21.pdf,/Users/usuario/Desktop/PROFESIONAL/enGira/FINANCIACIÓN/SUBVENCIONES/MINISTERIO DE CULTURA/Industrias Culturales 25/JUSTIFICACION/datos_engira/08_JUSTIFICACION_ECONOMICA/CONTABILIDAD/GASTOS/3TR2025/COMERCIALIZACIÓN/MERCARTES/PRODUCCIÓN/Factura STAND ENGIRA!.pdf,ACC-COMERCIALIZACION-8BC2ED0AC1,automatico,revisable,Factura sin transferencia de pago detectada: Factura STAND ENGIRA!.pdf,Adjuntar justificante de pago
INC-0006,DOC-29C1C4C60E34,gasto_sin_justificacion,alta,Factura pccomponentes TV.pdf,file:///Users/usuario/Desktop/PROFESIONAL/enGira/FINANCIACIO%CC%81N/SUBVENCIONES/MINISTERIO%20DE%20CULTURA/Industrias%20Culturales%2025/JUSTIFICACION/datos_engira/08_JUSTIFICACION_ECONOMICA/CONTABILIDAD/GASTOS/3TR2025/COMERCIALIZACI%C3%93N/MERCARTES/PRODUCCIO%CC%81N/Factura%20pccomponentes%20TV.pdf,/Users/usuario/Desktop/PROFESIONAL/enGira/FINANCIACIÓN/SUBVENCIONES/MINISTERIO DE CULTURA/Industrias Culturales 25/JUSTIFICACION/datos_engira/08_JUSTIFICACION_ECONOMICA/CONTABILIDAD/GASTOS/3TR2025/COMERCIALIZACIÓN/MERCARTES/PRODUCCIÓN/Factura pccomponentes TV.pdf,ACC-ADMINISTRACION-A0CC1B65E1,automatico,revisable,Factura sin transferencia de pago detectada: Factura pccomponentes TV.pdf,Adjuntar justificante de pago
INC-0007,DOC-188226AA77F0,gasto_sin_justificacion,alta,Factura_Mercartes_2025_C752426 (1).pdf,file:///Users/usuario/Desktop/PROFESIONAL/enGira/FINANCIACIO%CC%81N/SUBVENCIONES/MINISTERIO%20DE%20CULTURA/Industrias%20Culturales%2025/JUSTIFICACION/datos_engira/08_JUSTIFICACION_ECONOMICA/CONTABILIDAD/GASTOS/3TR2025/COMERCIALIZACI%C3%93N/MERCARTES/DIETAS/Factura_Mercartes_2025_C752426%20%281%29.pdf,/Users/usuario/Desktop/PROFESIONAL/enGira/FINANCIACIÓN/SUBVENCIONES/MINISTERIO DE CULTURA/Industrias Culturales 25/JUSTIFICACION/datos_engira/08_JUSTIFICACION_ECONOMICA/CONTABILIDAD/GASTOS/3TR2025/COMERCIALIZACIÓN/MERCARTES/DIETAS/Factura_Mercartes_2025_C752426 (1).pdf,ACC-ADMINISTRACION-A0CC1B65E1,automatico,revisable,Factura sin transferencia de pago detectada: Factura_Mercartes_2025_C752426 (1).pdf,Adjuntar justificante de pago
INC-0008,DOC-B2CC1D5706FE,gasto_sin_justificacion,alta,Factura_Mercartes_2025_C752426 (2).pdf,file:///Users/usuario/Desktop/PROFESIONAL/enGira/FINANCIACIO%CC%81N/SUBVENCIONES/MINISTERIO%20DE%20CULTURA/Industrias%20Culturales%2025/JUSTIFICACION/datos_engira/08_JUSTIFICACION_ECONOMICA/CONTABILIDAD/GASTOS/3TR2025/COMERCIALIZACI%C3%93N/MERCARTES/DIETAS/Factura_Mercartes_2025_C752426%20%282%29.pdf,/Users/usuario/Desktop/PROFESIONAL/enGira/FINANCIACIÓN/SUBVENCIONES/MINISTERIO DE CULTURA/Industrias Culturales 25/JUSTIFICACION/datos_engira/08_JUSTIFICACION_ECONOMICA/CONTABILIDAD/GASTOS/3TR2025/COMERCIALIZACIÓN/MERCARTES/DIETAS/Factura_Mercartes_2025_C752426 (2).pdf,ACC-ADMINISTRACION-A0CC1B65E1,automatico,revisable,Factura sin transferencia de pago detectada: Factura_Mercartes_2025_C752426 (2).pdf,Adjuntar justificante de pago
INC-0009,DOC-E38CF4F9022A,gasto_sin_justificacion,alta,Factura_Mercartes_2025_C752426 (5).pdf,file:///Users/usuario/Desktop/PROFESIONAL/enGira/FINANCIACIO%CC%81N/SUBVENCIONES/MINISTERIO%20DE%20CULTURA/Industrias%20Culturales%2025/JUSTIFICACION/datos_engira/08_JUSTIFICACION_ECONOMICA/CONTABILIDAD/GASTOS/3TR2025/COMERCIALIZACI%C3%93N/MERCARTES/DIETAS/Factura_Mercartes_2025_C752426%20%285%29.pdf,/Users/usuario/Desktop/PROFESIONAL/enGira/FINANCIACIÓN/SUBVENCIONES/MINISTERIO DE CULTURA/Industrias Culturales 25/JUSTIFICACION/datos_engira/08_JUSTIFICACION_ECONOMICA/CONTABILIDAD/GASTOS/3TR2025/COMERCIALIZACIÓN/MERCARTES/DIETAS/Factura_Mercartes_2025_C752426 (5).pdf,ACC-ADMINISTRACION-A0CC1B65E1,automatico,revisable,Factura sin transferencia de pago detectada: Factura_Mercartes_2025_C752426 (5).pdf,Adjuntar justificante de pago
INC-0010,DOC-79F90709EABD,gasto_sin_justificacion,alta,invoice.pdf,file:///Users/usuario/Desktop/PROFESIONAL/enGira/FINANCIACIO%CC%81N/SUBVENCIONES/MINISTERIO%20DE%20CULTURA/Industrias%20Culturales%2025/JUSTIFICACION/datos_engira/08_JUSTIFICACION_ECONOMICA/CONTABILIDAD/GASTOS/4TR2025/SUMINISTROS/invoice.pdf,/Users/usuario/Desktop/PROFESIONAL/enGira/FINANCIACIÓN/SUBVENCIONES/MINISTERIO DE CULTURA/Industrias Culturales 25/JUSTIFICACION/datos_engira/08_JUSTIFICACION_ECONOMICA/CONTABILIDAD/GASTOS/4TR2025/SUMINISTROS/invoice.pdf,ACC-ADMINISTRACION-A0CC1B65E1,automatico,revisable,Factura sin transferencia de pago detectada: invoice.pdf,Adjuntar justificante de pago
INC-0011,DOC-F918CFB407FB,gasto_sin_justificacion,alta,BDC-6790184301-invoice-2847.pdf,file:///Users/usuario/Desktop/PROFESIONAL/enGira/FINANCIACIO%CC%81N/SUBVENCIONES/MINISTERIO%20DE%20CULTURA/Industrias%20Culturales%2025/JUSTIFICACION/datos_engira/08_JUSTIFICACION_ECONOMICA/CONTABILIDAD/GASTOS/4TR2025/DIETAS/BDC-6790184301-invoice-2847.pdf,/Users/usuario/Desktop/PROFESIONAL/enGira/FINANCIACIÓN/SUBVENCIONES/MINISTERIO DE CULTURA/Industrias Culturales 25/JUSTIFICACION/datos_engira/08_JUSTIFICACION_ECONOMICA/CONTABILIDAD/GASTOS/4TR2025/DIETAS/BDC-6790184301-invoice-2847.pdf,ACC-ADMINISTRACION-A0CC1B65E1,automatico,revisable,Factura sin transferencia de pago detectada: BDC-6790184301-invoice-2847.pdf,Adjuntar justificante de pago
INC-0012,DOC-2BAAE9519492,gasto_sin_justificacion,alta,A-V2025-5238950.pdf,file:///Users/usuario/Desktop/PROFESIONAL/enGira/FINANCIACIO%CC%81N/SUBVENCIONES/MINISTERIO%20DE%20CULTURA/Industrias%20Culturales%2025/JUSTIFICACION/datos_engira/08_JUSTIFICACION_ECONOMICA/CONTABILIDAD/GASTOS/4TR2025/COMERCIALIZACI%C3%93N/MERCARTES/A-V2025-5238950.pdf,/Users/usuario/Desktop/PROFESIONAL/enGira/FINANCIACIÓN/SUBVENCIONES/MINISTERIO DE CULTURA/Industrias Culturales 25/JUSTIFICACION/datos_engira/08_JUSTIFICACION_ECONOMICA/CONTABILIDAD/GASTOS/4TR2025/COMERCIALIZACIÓN/MERCARTES/A-V2025-5238950.pdf,ACC-ADMINISTRACION-A0CC1B65E1,automatico,revisable,Factura sin transferencia de pago detectada: A-V2025-5238950.pdf,Adjuntar justificante de pago
INC-0013,DOC-63E4B668E5B1,pago_sin_factura,media,PLANTILLA E-MAIL FUNCIONAMIENTO PROGRAMA.docx,file:///Users/usuario/Desktop/PROFESIONAL/enGira/FINANCIACIO%CC%81N/SUBVENCIONES/MINISTERIO%20DE%20CULTURA/Industrias%20Culturales%2025/JUSTIFICACION/datos_engira/02_ACTIVIDADES_REALIZADAS/PROGRAMAS%20DE%20ACOMPAN%CC%83AMIENTO/Info/PLANTILLA%20E-MAIL%20FUNCIONAMIENTO%20PROGRAMA.docx,/Users/usuario/Desktop/PROFESIONAL/enGira/FINANCIACIÓN/SUBVENCIONES/MINISTERIO DE CULTURA/Industrias Culturales 25/JUSTIFICACION/datos_engira/02_ACTIVIDADES_REALIZADAS/PROGRAMAS DE ACOMPAÑAMIENTO/Info/PLANTILLA E-MAIL FUNCIONAMIENTO PROGRAMA.docx,ACC-ADMINISTRACION-F593A8F72D,pendiente_revision,revisar_vinculo,Transferencia sin factura de referencia: PLANTILLA E-MAIL FUNCIONAMIENTO PROGRAMA.docx,Adjuntar factura o justificante del gasto
INC-0014,DOC-29005DDB9499,pago_sin_factura,media,enGira! - Artículo 01 Datos y Gestión Cultural.pdf,file:///Users/usuario/Desktop/PROFESIONAL/enGira/FINANCIACIO%CC%81N/SUBVENCIONES/MINISTERIO%20DE%20CULTURA/Industrias%20Culturales%2025/JUSTIFICACION/datos_engira/04_COMUNICACION_Y_DIFUSION/creacion_contenido/investigacion/enGira%21%20-%20Arti%CC%81culo%2001%20Datos%20y%20Gestio%CC%81n%20Cultural.pdf,/Users/usuario/Desktop/PROFESIONAL/enGira/FINANCIACIÓN/SUBVENCIONES/MINISTERIO DE CULTURA/Industrias Culturales 25/JUSTIFICACION/datos_engira/04_COMUNICACION_Y_DIFUSION/creacion_contenido/investigacion/enGira! - Artículo 01 Datos y Gestión Cultural.pdf,ACC-FORMACION-4EE5B508E3,pendiente_revision,revisar_vinculo,Transferencia sin factura de referencia: enGira! - Artículo 01 Datos y Gestión Cultural.pdf,Adjuntar factura o justificante del gasto
INC-0015,DOC-112F3941B329,pago_sin_factura,media,porfinlunes_dossier.pdf,file:///Users/usuario/Desktop/PROFESIONAL/enGira/FINANCIACIO%CC%81N/SUBVENCIONES/MINISTERIO%20DE%20CULTURA/Industrias%20Culturales%2025/JUSTIFICACION/datos_engira/08_JUSTIFICACION_ECONOMICA/JUSTIFICANTES%20DE%20PAGO/porfinlunes_dossier.pdf,/Users/usuario/Desktop/PROFESIONAL/enGira/FINANCIACIÓN/SUBVENCIONES/MINISTERIO DE CULTURA/Industrias Culturales 25/JUSTIFICACION/datos_engira/08_JUSTIFICACION_ECONOMICA/JUSTIFICANTES DE PAGO/porfinlunes_dossier.pdf,,sin_vincular,sin_vincular,Transferencia sin factura de referencia: porfinlunes_dossier.pdf,Adjuntar factura o justificante del gasto
INC-0016,DOC-E4434E1A5E2C,pago_sin_factura,media,Justificante_operacion_291220250084483.pdf,file:///Users/usuario/Desktop/PROFESIONAL/enGira/FINANCIACIO%CC%81N/SUBVENCIONES/MINISTERIO%20DE%20CULTURA/Industrias%20Culturales%2025/JUSTIFICACION/datos_engira/08_JUSTIFICACION_ECONOMICA/JUSTIFICANTES%20DE%20PAGO/Justificante_operacion_291220250084483.pdf,/Users/usuario/Desktop/PROFESIONAL/enGira/FINANCIACIÓN/SUBVENCIONES/MINISTERIO DE CULTURA/Industrias Culturales 25/JUSTIFICACION/datos_engira/08_JUSTIFICACION_ECONOMICA/JUSTIFICANTES DE PAGO/Justificante_operacion_291220250084483.pdf,,sin_vincular,sin_vincular,Transferencia sin factura de referencia: Justificante_operacion_291220250084483.pdf,Adjuntar factura o justificante del gasto
INC-0017,DOC-C29F06C5E3F7,pago_sin_factura,media,Justificante pago Darlene.pdf,file:///Users/usuario/Desktop/PROFESIONAL/enGira/FINANCIACIO%CC%81N/SUBVENCIONES/MINISTERIO%20DE%20CULTURA/Industrias%20Culturales%2025/JUSTIFICACION/datos_engira/08_JUSTIFICACION_ECONOMICA/JUSTIFICANTES%20DE%20PAGO/Justificante%20pago%20Darlene.pdf,/Users/usuario/Desktop/PROFESIONAL/enGira/FINANCIACIÓN/SUBVENCIONES/MINISTERIO DE CULTURA/Industrias Culturales 25/JUSTIFICACION/datos_engira/08_JUSTIFICACION_ECONOMICA/JUSTIFICANTES DE PAGO/Justificante pago Darlene.pdf,,sin_vincular,sin_vincular,Transferencia sin factura de referencia: Justificante pago Darlene.pdf,Adjuntar factura o justificante del gasto
INC-0018,DOC-F8F627DFAB64,pago_sin_factura,media,justificante_stand_mercartes.pdf,file:///Users/usuario/Desktop/PROFESIONAL/enGira/FINANCIACIO%CC%81N/SUBVENCIONES/MINISTERIO%20DE%20CULTURA/Industrias%20Culturales%2025/JUSTIFICACION/datos_engira/08_JUSTIFICACION_ECONOMICA/JUSTIFICANTES%20DE%20PAGO/justificante_stand_mercartes.pdf,/Users/usuario/Desktop/PROFESIONAL/enGira/FINANCIACIÓN/SUBVENCIONES/MINISTERIO DE CULTURA/Industrias Culturales 25/JUSTIFICACION/datos_engira/08_JUSTIFICACION_ECONOMICA/JUSTIFICANTES DE PAGO/justificante_stand_mercartes.pdf,ACC-COMERCIALIZACION-8BC2ED0AC1,automatico,revisable,Transferencia sin factura de referencia: justificante_stand_mercartes.pdf,Adjuntar factura o justificante del gasto
INC-0019,DOC-74810D575331,pago_sin_factura,media,Justificante_operacion_201220250038589.pdf,file:///Users/usuario/Desktop/PROFESIONAL/enGira/FINANCIACIO%CC%81N/SUBVENCIONES/MINISTERIO%20DE%20CULTURA/Industrias%20Culturales%2025/JUSTIFICACION/datos_engira/08_JUSTIFICACION_ECONOMICA/JUSTIFICANTES%20DE%20PAGO/Justificante_operacion_201220250038589.pdf,/Users/usuario/Desktop/PROFESIONAL/enGira/FINANCIACIÓN/SUBVENCIONES/MINISTERIO DE CULTURA/Industrias Culturales 25/JUSTIFICACION/datos_engira/08_JUSTIFICACION_ECONOMICA/JUSTIFICANTES DE PAGO/Justificante_operacion_201220250038589.pdf,ACC-GESTORIA-6F82F39FEF,automatico,revisable,Transferencia sin factura de referencia: Justificante_operacion_201220250038589.pdf,Adjuntar factura o justificante del gasto
INC-0020,DOC-0CDA1BA7298B,pago_sin_factura,media,Justificante_operacion_201220250038229.pdf,file:///Users/usuario/Desktop/PROFESIONAL/enGira/FINANCIACIO%CC%81N/SUBVENCIONES/MINISTERIO%20DE%20CULTURA/Industrias%20Culturales%2025/JUSTIFICACION/datos_engira/08_JUSTIFICACION_ECONOMICA/JUSTIFICANTES%20DE%20PAGO/Justificante_operacion_201220250038229.pdf,/Users/usuario/Desktop/PROFESIONAL/enGira/FINANCIACIÓN/SUBVENCIONES/MINISTERIO DE CULTURA/Industrias Culturales 25/JUSTIFICACION/datos_engira/08_JUSTIFICACION_ECONOMICA/JUSTIFICANTES DE PAGO/Justificante_operacion_201220250038229.pdf,ACC-GESTORIA-6F82F39FEF,automatico,revisable,Transferencia sin factura de referencia: Justificante_operacion_201220250038229.pdf,Adjuntar factura o justificante del gasto
INC-0021,DOC-393D177306F8,pago_sin_factura,media,Justificante_nómina_carles_septiembre.pdf,file:///Users/usuario/Desktop/PROFESIONAL/enGira/FINANCIACIO%CC%81N/SUBVENCIONES/MINISTERIO%20DE%20CULTURA/Industrias%20Culturales%2025/JUSTIFICACION/datos_engira/08_JUSTIFICACION_ECONOMICA/JUSTIFICANTES%20DE%20PAGO/Justificante_no%CC%81mina_carles_septiembre.pdf,/Users/usuario/Desktop/PROFESIONAL/enGira/FINANCIACIÓN/SUBVENCIONES/MINISTERIO DE CULTURA/Industrias Culturales 25/JUSTIFICACION/datos_engira/08_JUSTIFICACION_ECONOMICA/JUSTIFICANTES DE PAGO/Justificante_nómina_carles_septiembre.pdf,,sin_vincular,sin_vincular,Transferencia sin factura de referencia: Justificante_nómina_carles_septiembre.pdf,Adjuntar factura o justificante del gasto
INC-0022,DOC-1655BF55581F,pago_sin_factura,media,alvaro_caboalles.pdf,file:///Users/usuario/Desktop/PROFESIONAL/enGira/FINANCIACIO%CC%81N/SUBVENCIONES/MINISTERIO%20DE%20CULTURA/Industrias%20Culturales%2025/JUSTIFICACION/datos_engira/08_JUSTIFICACION_ECONOMICA/JUSTIFICANTES%20DE%20PAGO/alvaro_caboalles.pdf,/Users/usuario/Desktop/PROFESIONAL/enGira/FINANCIACIÓN/SUBVENCIONES/MINISTERIO DE CULTURA/Industrias Culturales 25/JUSTIFICACION/datos_engira/08_JUSTIFICACION_ECONOMICA/JUSTIFICANTES DE PAGO/alvaro_caboalles.pdf,,sin_vincular,sin_vincular,Transferencia sin factura de referencia: alvaro_caboalles.pdf,Adjuntar factura o justificante del gasto
INC-0023,DOC-7EECEC54E7E6,pago_sin_factura,media,gestoria 2sem26.pdf,file:///Users/usuario/Desktop/PROFESIONAL/enGira/FINANCIACIO%CC%81N/SUBVENCIONES/MINISTERIO%20DE%20CULTURA/Industrias%20Culturales%2025/JUSTIFICACION/datos_engira/08_JUSTIFICACION_ECONOMICA/JUSTIFICANTES%20DE%20PAGO/gestoria%202sem26.pdf,/Users/usuario/Desktop/PROFESIONAL/enGira/FINANCIACIÓN/SUBVENCIONES/MINISTERIO DE CULTURA/Industrias Culturales 25/JUSTIFICACION/datos_engira/08_JUSTIFICACION_ECONOMICA/JUSTIFICANTES DE PAGO/gestoria 2sem26.pdf,ACC-GESTORIA-6F82F39FEF,automatico,revisable,Transferencia sin factura de referencia: gestoria 2sem26.pdf,Adjuntar factura o justificante del gasto
INC-0024,DOC-C5F9A63D2051,pago_sin_factura,media,Justificante_operacion_211120250104897.pdf,file:///Users/usuario/Desktop/PROFESIONAL/enGira/FINANCIACIO%CC%81N/SUBVENCIONES/MINISTERIO%20DE%20CULTURA/Industrias%20Culturales%2025/JUSTIFICACION/datos_engira/08_JUSTIFICACION_ECONOMICA/JUSTIFICANTES%20DE%20PAGO/Justificante_operacion_211120250104897.pdf,/Users/usuario/Desktop/PROFESIONAL/enGira/FINANCIACIÓN/SUBVENCIONES/MINISTERIO DE CULTURA/Industrias Culturales 25/JUSTIFICACION/datos_engira/08_JUSTIFICACION_ECONOMICA/JUSTIFICANTES DE PAGO/Justificante_operacion_211120250104897.pdf,,sin_vincular,sin_vincular,Transferencia sin factura de referencia: Justificante_operacion_211120250104897.pdf,Adjuntar factura o justificante del gasto
INC-0025,DOC-E3CAD57C1B15,pago_sin_factura,media,Justificante_operacion_031120250065659.pdf,file:///Users/usuario/Desktop/PROFESIONAL/enGira/FINANCIACIO%CC%81N/SUBVENCIONES/MINISTERIO%20DE%20CULTURA/Industrias%20Culturales%2025/JUSTIFICACION/datos_engira/08_JUSTIFICACION_ECONOMICA/JUSTIFICANTES%20DE%20PAGO/Justificante_operacion_031120250065659.pdf,/Users/usuario/Desktop/PROFESIONAL/enGira/FINANCIACIÓN/SUBVENCIONES/MINISTERIO DE CULTURA/Industrias Culturales 25/JUSTIFICACION/datos_engira/08_JUSTIFICACION_ECONOMICA/JUSTIFICANTES DE PAGO/Justificante_operacion_031120250065659.pdf,,sin_vincular,sin_vincular,Transferencia sin factura de referencia: Justificante_operacion_031120250065659.pdf,Adjuntar factura o justificante del gasto
INC-0026,DOC-3C00C564085D,pago_sin_factura,media,Justificante_operacion_151220250002633.pdf,file:///Users/usuario/Desktop/PROFESIONAL/enGira/FINANCIACIO%CC%81N/SUBVENCIONES/MINISTERIO%20DE%20CULTURA/Industrias%20Culturales%2025/JUSTIFICACION/datos_engira/08_JUSTIFICACION_ECONOMICA/JUSTIFICANTES%20DE%20PAGO/Justificante_operacion_151220250002633.pdf,/Users/usuario/Desktop/PROFESIONAL/enGira/FINANCIACIÓN/SUBVENCIONES/MINISTERIO DE CULTURA/Industrias Culturales 25/JUSTIFICACION/datos_engira/08_JUSTIFICACION_ECONOMICA/JUSTIFICANTES DE PAGO/Justificante_operacion_151220250002633.pdf,,sin_vincular,sin_vincular,Transferencia sin factura de referencia: Justificante_operacion_151220250002633.pdf,Adjuntar factura o justificante del gasto
INC-0027,DOC-F3012A059EC6,pago_sin_factura,media,MKT 50%.pdf,file:///Users/usuario/Desktop/PROFESIONAL/enGira/FINANCIACIO%CC%81N/SUBVENCIONES/MINISTERIO%20DE%20CULTURA/Industrias%20Culturales%2025/JUSTIFICACION/datos_engira/08_JUSTIFICACION_ECONOMICA/JUSTIFICANTES%20DE%20PAGO/MKT%2050%25.pdf,/Users/usuario/Desktop/PROFESIONAL/enGira/FINANCIACIÓN/SUBVENCIONES/MINISTERIO DE CULTURA/Industrias Culturales 25/JUSTIFICACION/datos_engira/08_JUSTIFICACION_ECONOMICA/JUSTIFICANTES DE PAGO/MKT 50%.pdf,,sin_vincular,sin_vincular,Transferencia sin factura de referencia: MKT 50%.pdf,Adjuntar factura o justificante del gasto
INC-0028,DOC-B47B5DF1E5E7,pago_sin_factura,media,Justificante_operacion_270220260145618.pdf,file:///Users/usuario/Desktop/PROFESIONAL/enGira/FINANCIACIO%CC%81N/SUBVENCIONES/MINISTERIO%20DE%20CULTURA/Industrias%20Culturales%2025/JUSTIFICACION/datos_engira/08_JUSTIFICACION_ECONOMICA/JUSTIFICANTES%20DE%20PAGO/Justificante_operacion_270220260145618.pdf,/Users/usuario/Desktop/PROFESIONAL/enGira/FINANCIACIÓN/SUBVENCIONES/MINISTERIO DE CULTURA/Industrias Culturales 25/JUSTIFICACION/datos_engira/08_JUSTIFICACION_ECONOMICA/JUSTIFICANTES DE PAGO/Justificante_operacion_270220260145618.pdf,,sin_vincular,sin_vincular,Transferencia sin factura de referencia: Justificante_operacion_270220260145618.pdf,Adjuntar factura o justificante del gasto
INC-0029,DOC-389FBF68D2E8,pago_sin_factura,media,QUOTANDA.pdf,file:///Users/usuario/Desktop/PROFESIONAL/enGira/FINANCIACIO%CC%81N/SUBVENCIONES/MINISTERIO%20DE%20CULTURA/Industrias%20Culturales%2025/JUSTIFICACION/datos_engira/08_JUSTIFICACION_ECONOMICA/JUSTIFICANTES%20DE%20PAGO/QUOTANDA.pdf,/Users/usuario/Desktop/PROFESIONAL/enGira/FINANCIACIÓN/SUBVENCIONES/MINISTERIO DE CULTURA/Industrias Culturales 25/JUSTIFICACION/datos_engira/08_JUSTIFICACION_ECONOMICA/JUSTIFICANTES DE PAGO/QUOTANDA.pdf,,sin_vincular,sin_vincular,Transferencia sin factura de referencia: QUOTANDA.pdf,Adjuntar factura o justificante del gasto
INC-0030,DOC-527B5B6E3E50,pago_sin_factura,media,Justificante_operacion_161220250060976.pdf,file:///Users/usuario/Desktop/PROFESIONAL/enGira/FINANCIACIO%CC%81N/SUBVENCIONES/MINISTERIO%20DE%20CULTURA/Industrias%20Culturales%2025/JUSTIFICACION/datos_engira/08_JUSTIFICACION_ECONOMICA/JUSTIFICANTES%20DE%20PAGO/Justificante_operacion_161220250060976.pdf,/Users/usuario/Desktop/PROFESIONAL/enGira/FINANCIACIÓN/SUBVENCIONES/MINISTERIO DE CULTURA/Industrias Culturales 25/JUSTIFICACION/datos_engira/08_JUSTIFICACION_ECONOMICA/JUSTIFICANTES DE PAGO/Justificante_operacion_161220250060976.pdf,ACC-COMERCIALIZACION-396ABB13E0,pendiente_revision,revisar_vinculo,Transferencia sin factura de referencia: Justificante_operacion_161220250060976.pdf,Adjuntar factura o justificante del gasto
INC-0031,DOC-F8F627DFAB64,fecha_fuera_periodo,media,justificante_stand_mercartes.pdf,file:///Users/usuario/Desktop/PROFESIONAL/enGira/FINANCIACIO%CC%81N/SUBVENCIONES/MINISTERIO%20DE%20CULTURA/Industrias%20Culturales%2025/JUSTIFICACION/datos_engira/08_JUSTIFICACION_ECONOMICA/JUSTIFICANTES%20DE%20PAGO/justificante_stand_mercartes.pdf,/Users/usuario/Desktop/PROFESIONAL/enGira/FINANCIACIÓN/SUBVENCIONES/MINISTERIO DE CULTURA/Industrias Culturales 25/JUSTIFICACION/datos_engira/08_JUSTIFICACION_ECONOMICA/JUSTIFICANTES DE PAGO/justificante_stand_mercartes.pdf,ACC-COMERCIALIZACION-8BC2ED0AC1,automatico,revisable,Fecha fuera del período de ejecución: 0001-21-30,Verificar que la fecha es correcta
INC-0032,DOC-5F112550AB86,fecha_fuera_periodo,media,Justificante_operacion_291220250085625.pdf,file:///Users/usuario/Desktop/PROFESIONAL/enGira/FINANCIACIO%CC%81N/SUBVENCIONES/MINISTERIO%20DE%20CULTURA/Industrias%20Culturales%2025/JUSTIFICACION/datos_engira/08_JUSTIFICACION_ECONOMICA/JUSTIFICANTES%20DE%20PAGO/Justificante_operacion_291220250085625.pdf,/Users/usuario/Desktop/PROFESIONAL/enGira/FINANCIACIÓN/SUBVENCIONES/MINISTERIO DE CULTURA/Industrias Culturales 25/JUSTIFICACION/datos_engira/08_JUSTIFICACION_ECONOMICA/JUSTIFICANTES DE PAGO/Justificante_operacion_291220250085625.pdf,ACC-SOPORTE-TECNICO-Y--68F07784A8,pendiente_revision,revisar_vinculo,Fecha fuera del período de ejecución: 0001-29-20,Verificar que la fecha es correcta
INC-0033,DOC-E4434E1A5E2C,fecha_fuera_periodo,media,Justificante_operacion_291220250084483.pdf,file:///Users/usuario/Desktop/PROFESIONAL/enGira/FINANCIACIO%CC%81N/SUBVENCIONES/MINISTERIO%20DE%20CULTURA/Industrias%20Culturales%2025/JUSTIFICACION/datos_engira/08_JUSTIFICACION_ECONOMICA/JUSTIFICANTES%20DE%20PAGO/Justificante_operacion_291220250084483.pdf,/Users/usuario/Desktop/PROFESIONAL/enGira/FINANCIACIÓN/SUBVENCIONES/MINISTERIO DE CULTURA/Industrias Culturales 25/JUSTIFICACION/datos_engira/08_JUSTIFICACION_ECONOMICA/JUSTIFICANTES DE PAGO/Justificante_operacion_291220250084483.pdf,,sin_vincular,sin_vincular,Fecha fuera del período de ejecución: 0020-60-01,Verificar que la fecha es correcta
INC-0034,DOC-B47B5DF1E5E7,fecha_fuera_periodo,media,Justificante_operacion_270220260145618.pdf,file:///Users/usuario/Desktop/PROFESIONAL/enGira/FINANCIACIO%CC%81N/SUBVENCIONES/MINISTERIO%20DE%20CULTURA/Industrias%20Culturales%2025/JUSTIFICACION/datos_engira/08_JUSTIFICACION_ECONOMICA/JUSTIFICANTES%20DE%20PAGO/Justificante_operacion_270220260145618.pdf,/Users/usuario/Desktop/PROFESIONAL/enGira/FINANCIACIÓN/SUBVENCIONES/MINISTERIO DE CULTURA/Industrias Culturales 25/JUSTIFICACION/datos_engira/08_JUSTIFICACION_ECONOMICA/JUSTIFICANTES DE PAGO/Justificante_operacion_270220260145618.pdf,,sin_vincular,sin_vincular,Fecha fuera del período de ejecución: 0022-53-01,Verificar que la fecha es correcta
INC-0035,DOC-F8F627DFAB64,fecha_fuera_periodo,media,justificante_stand_mercartes.pdf,file:///Users/usuario/Desktop/PROFESIONAL/enGira/FINANCIACIO%CC%81N/SUBVENCIONES/MINISTERIO%20DE%20CULTURA/Industrias%20Culturales%2025/JUSTIFICACION/datos_engira/08_JUSTIFICACION_ECONOMICA/JUSTIFICANTES%20DE%20PAGO/justificante_stand_mercartes.pdf,/Users/usuario/Desktop/PROFESIONAL/enGira/FINANCIACIÓN/SUBVENCIONES/MINISTERIO DE CULTURA/Industrias Culturales 25/JUSTIFICACION/datos_engira/08_JUSTIFICACION_ECONOMICA/JUSTIFICANTES DE PAGO/justificante_stand_mercartes.pdf,ACC-COMERCIALIZACION-8BC2ED0AC1,automatico,revisable,Fecha fuera del período de ejecución: 01-21-3000,Verificar que la fecha es correcta
INC-0036,DOC-5F112550AB86,fecha_fuera_periodo,media,Justificante_operacion_291220250085625.pdf,file:///Users/usuario/Desktop/PROFESIONAL/enGira/FINANCIACIO%CC%81N/SUBVENCIONES/MINISTERIO%20DE%20CULTURA/Industrias%20Culturales%2025/JUSTIFICACION/datos_engira/08_JUSTIFICACION_ECONOMICA/JUSTIFICANTES%20DE%20PAGO/Justificante_operacion_291220250085625.pdf,/Users/usuario/Desktop/PROFESIONAL/enGira/FINANCIACIÓN/SUBVENCIONES/MINISTERIO DE CULTURA/Industrias Culturales 25/JUSTIFICACION/datos_engira/08_JUSTIFICACION_ECONOMICA/JUSTIFICANTES DE PAGO/Justificante_operacion_291220250085625.pdf,ACC-SOPORTE-TECNICO-Y--68F07784A8,pendiente_revision,revisar_vinculo,Fecha fuera del período de ejecución: 01-29-2065,Verificar que la fecha es correcta
INC-0037,DOC-B7F86EF9B4DF,fecha_fuera_periodo,media,Papel de trabajo.pdf,file:///Users/usuario/Desktop/PROFESIONAL/enGira/FINANCIACIO%CC%81N/SUBVENCIONES/MINISTERIO%20DE%20CULTURA/Industrias%20Culturales%2025/JUSTIFICACION/datos_engira/00_BASES_Y_RESOLUCION/BASES/Papel%20de%20trabajo.pdf,/Users/usuario/Desktop/PROFESIONAL/enGira/FINANCIACIÓN/SUBVENCIONES/MINISTERIO DE CULTURA/Industrias Culturales 25/JUSTIFICACION/datos_engira/00_BASES_Y_RESOLUCION/BASES/Papel de trabajo.pdf,,,revisable,Fecha fuera del período de ejecución: 01/04/2025,Verificar que la fecha es correcta
INC-0038,DOC-08A70E6EFF82,fecha_fuera_periodo,media,Factura STAND ENGIRA!.pdf,file:///Users/usuario/Desktop/PROFESIONAL/enGira/FINANCIACIO%CC%81N/SUBVENCIONES/MINISTERIO%20DE%20CULTURA/Industrias%20Culturales%2025/JUSTIFICACION/datos_engira/08_JUSTIFICACION_ECONOMICA/CONTABILIDAD/GASTOS/3TR2025/COMERCIALIZACI%C3%93N/MERCARTES/PRODUCCIO%CC%81N/Factura%20STAND%20ENGIRA%21.pdf,/Users/usuario/Desktop/PROFESIONAL/enGira/FINANCIACIÓN/SUBVENCIONES/MINISTERIO DE CULTURA/Industrias Culturales 25/JUSTIFICACION/datos_engira/08_JUSTIFICACION_ECONOMICA/CONTABILIDAD/GASTOS/3TR2025/COMERCIALIZACIÓN/MERCARTES/PRODUCCIÓN/Factura STAND ENGIRA!.pdf,ACC-COMERCIALIZACION-8BC2ED0AC1,automatico,revisable,Fecha fuera del período de ejecución: 01/09/2025,Verificar que la fecha es correcta
INC-0039,DOC-B29DCB2E00E1,fecha_fuera_periodo,media,Esquema_modalidad_a1_regimen_especial.pdf,file:///Users/usuario/Desktop/PROFESIONAL/enGira/FINANCIACIO%CC%81N/SUBVENCIONES/MINISTERIO%20DE%20CULTURA/Industrias%20Culturales%2025/JUSTIFICACION/datos_engira/02_ACTIVIDADES_REALIZADAS/PROGRAMAS%20DE%20ACOMPAN%CC%83AMIENTO/entregables/subvencion_a_gira_2026/Esquema_modalidad_a1_regimen_especial.pdf,/Users/usuario/Desktop/PROFESIONAL/enGira/FINANCIACIÓN/SUBVENCIONES/MINISTERIO DE CULTURA/Industrias Culturales 25/JUSTIFICACION/datos_engira/02_ACTIVIDADES_REALIZADAS/PROGRAMAS DE ACOMPAÑAMIENTO/entregables/subvencion_a_gira_2026/Esquema_modalidad_a1_regimen_especial.pdf,,sin_vincular,sin_vincular,Fecha fuera del período de ejecución: 02/04/2026,Verificar que la fecha es correcta
INC-0040,DOC-09CC85C69697,fecha_fuera_periodo,media,INV328281907.pdf,file:///Users/usuario/Desktop/PROFESIONAL/enGira/FINANCIACIO%CC%81N/SUBVENCIONES/MINISTERIO%20DE%20CULTURA/Industrias%20Culturales%2025/JUSTIFICACION/datos_engira/08_JUSTIFICACION_ECONOMICA/CONTABILIDAD/GASTOS/4TR2025/SUMINISTROS/INV328281907.pdf,/Users/usuario/Desktop/PROFESIONAL/enGira/FINANCIACIÓN/SUBVENCIONES/MINISTERIO DE CULTURA/Industrias Culturales 25/JUSTIFICACION/datos_engira/08_JUSTIFICACION_ECONOMICA/CONTABILIDAD/GASTOS/4TR2025/SUMINISTROS/INV328281907.pdf,ACC-ADMINISTRACION-A0CC1B65E1,automatico,revisable,Fecha fuera del período de ejecución: 02/12/2025,Verificar que la fecha es correcta
INC-0041,DOC-5E1A98E8FCE4,fecha_fuera_periodo,media,VJTLVPX73H4Y7930.pdf,file:///Users/usuario/Desktop/PROFESIONAL/enGira/FINANCIACIO%CC%81N/SUBVENCIONES/MINISTERIO%20DE%20CULTURA/Industrias%20Culturales%2025/JUSTIFICACION/datos_engira/08_JUSTIFICACION_ECONOMICA/CONTABILIDAD/GASTOS/4TR2025/TRANSPORTE/VJTLVPX73H4Y7930.pdf,/Users/usuario/Desktop/PROFESIONAL/enGira/FINANCIACIÓN/SUBVENCIONES/MINISTERIO DE CULTURA/Industrias Culturales 25/JUSTIFICACION/datos_engira/08_JUSTIFICACION_ECONOMICA/CONTABILIDAD/GASTOS/4TR2025/TRANSPORTE/VJTLVPX73H4Y7930.pdf,ACC-ADMINISTRACION-A0CC1B65E1,automatico,revisable,Fecha fuera del período de ejecución: 03-11-2025,Verificar que la fecha es correcta
INC-0042,DOC-5CBFC4A4C438,fecha_fuera_periodo,media,MARIA JOSE MORAL.pdf,file:///Users/usuario/Desktop/PROFESIONAL/enGira/FINANCIACIO%CC%81N/SUBVENCIONES/MINISTERIO%20DE%20CULTURA/Industrias%20Culturales%2025/JUSTIFICACION/datos_engira/05_PARTICIPANTES_Y_COLABORADORES/MARIA%20JOSE%20MORAL.pdf,/Users/usuario/Desktop/PROFESIONAL/enGira/FINANCIACIÓN/SUBVENCIONES/MINISTERIO DE CULTURA/Industrias Culturales 25/JUSTIFICACION/datos_engira/05_PARTICIPANTES_Y_COLABORADORES/MARIA JOSE MORAL.pdf,ACC-ADMINISTRACION-4BB25BB8C5,automatico,revisable,Fecha fuera del período de ejecución: 03/09/2024,Verificar que la fecha es correcta
INC-0043,DOC-5CBFC4A4C438,fecha_fuera_periodo,media,MARIA JOSE MORAL.pdf,file:///Users/usuario/Desktop/PROFESIONAL/enGira/FINANCIACIO%CC%81N/SUBVENCIONES/MINISTERIO%20DE%20CULTURA/Industrias%20Culturales%2025/JUSTIFICACION/datos_engira/05_PARTICIPANTES_Y_COLABORADORES/MARIA%20JOSE%20MORAL.pdf,/Users/usuario/Desktop/PROFESIONAL/enGira/FINANCIACIÓN/SUBVENCIONES/MINISTERIO DE CULTURA/Industrias Culturales 25/JUSTIFICACION/datos_engira/05_PARTICIPANTES_Y_COLABORADORES/MARIA JOSE MORAL.pdf,ACC-ADMINISTRACION-4BB25BB8C5,automatico,revisable,Fecha fuera del período de ejecución: 03/10/2024,Verificar que la fecha es correcta
INC-0044,DOC-09CC85C69697,fecha_fuera_periodo,media,INV328281907.pdf,file:///Users/usuario/Desktop/PROFESIONAL/enGira/FINANCIACIO%CC%81N/SUBVENCIONES/MINISTERIO%20DE%20CULTURA/Industrias%20Culturales%2025/JUSTIFICACION/datos_engira/08_JUSTIFICACION_ECONOMICA/CONTABILIDAD/GASTOS/4TR2025/SUMINISTROS/INV328281907.pdf,/Users/usuario/Desktop/PROFESIONAL/enGira/FINANCIACIÓN/SUBVENCIONES/MINISTERIO DE CULTURA/Industrias Culturales 25/JUSTIFICACION/datos_engira/08_JUSTIFICACION_ECONOMICA/CONTABILIDAD/GASTOS/4TR2025/SUMINISTROS/INV328281907.pdf,ACC-ADMINISTRACION-A0CC1B65E1,automatico,revisable,Fecha fuera del período de ejecución: 03/11/2025,Verificar que la fecha es correcta
INC-0045,DOC-18F3E34993E1,fecha_fuera_periodo,media,Innovación_-_Autónomos_-_Curriculum_y_Proyecto.docx,file:///Users/usuario/Desktop/PROFESIONAL/enGira/FINANCIACIO%CC%81N/SUBVENCIONES/MINISTERIO%20DE%20CULTURA/Industrias%20Culturales%2025/JUSTIFICACION/datos_engira/01_PROYECTO_PRESENTADO/Innovacio%CC%81n_-_Auto%CC%81nomos_-_Curriculum_y_Proyecto.docx,/Users/usuario/Desktop/PROFESIONAL/enGira/FINANCIACIÓN/SUBVENCIONES/MINISTERIO DE CULTURA/Industrias Culturales 25/JUSTIFICACION/datos_engira/01_PROYECTO_PRESENTADO/Innovación_-_Autónomos_-_Curriculum_y_Proyecto.docx,,,revisable,Fecha fuera del período de ejecución: 04/09/1982,Verificar que la fecha es correcta
INC-0046,DOC-09E372A1EC84,fecha_fuera_periodo,media,Invoice_2025_0054_Big_Bang_TA25.pdf,file:///Users/usuario/Desktop/PROFESIONAL/enGira/FINANCIACIO%CC%81N/SUBVENCIONES/MINISTERIO%20DE%20CULTURA/Industrias%20Culturales%2025/JUSTIFICACION/datos_engira/08_JUSTIFICACION_ECONOMICA/CONTABILIDAD/GASTOS/4TR2025/COMERCIALIZACI%C3%93N/Invoice_2025_0054_Big_Bang_TA25.pdf,/Users/usuario/Desktop/PROFESIONAL/enGira/FINANCIACIÓN/SUBVENCIONES/MINISTERIO DE CULTURA/Industrias Culturales 25/JUSTIFICACION/datos_engira/08_JUSTIFICACION_ECONOMICA/CONTABILIDAD/GASTOS/4TR2025/COMERCIALIZACIÓN/Invoice_2025_0054_Big_Bang_TA25.pdf,ACC-ADMINISTRACION-A0CC1B65E1,automatico,revisable,Fecha fuera del período de ejecución: 04/11/2025,Verificar que la fecha es correcta
INC-0047,DOC-C29F06C5E3F7,fecha_fuera_periodo,media,Justificante pago Darlene.pdf,file:///Users/usuario/Desktop/PROFESIONAL/enGira/FINANCIACIO%CC%81N/SUBVENCIONES/MINISTERIO%20DE%20CULTURA/Industrias%20Culturales%2025/JUSTIFICACION/datos_engira/08_JUSTIFICACION_ECONOMICA/JUSTIFICANTES%20DE%20PAGO/Justificante%20pago%20Darlene.pdf,/Users/usuario/Desktop/PROFESIONAL/enGira/FINANCIACIÓN/SUBVENCIONES/MINISTERIO DE CULTURA/Industrias Culturales 25/JUSTIFICACION/datos_engira/08_JUSTIFICACION_ECONOMICA/JUSTIFICANTES DE PAGO/Justificante pago Darlene.pdf,,sin_vincular,sin_vincular,Fecha fuera del período de ejecución: 0417-02-00,Verificar que la fecha es correcta
INC-0048,DOC-112F3941B329,fecha_fuera_periodo,media,porfinlunes_dossier.pdf,file:///Users/usuario/Desktop/PROFESIONAL/enGira/FINANCIACIO%CC%81N/SUBVENCIONES/MINISTERIO%20DE%20CULTURA/Industrias%20Culturales%2025/JUSTIFICACION/datos_engira/08_JUSTIFICACION_ECONOMICA/JUSTIFICANTES%20DE%20PAGO/porfinlunes_dossier.pdf,/Users/usuario/Desktop/PROFESIONAL/enGira/FINANCIACIÓN/SUBVENCIONES/MINISTERIO DE CULTURA/Industrias Culturales 25/JUSTIFICACION/datos_engira/08_JUSTIFICACION_ECONOMICA/JUSTIFICANTES DE PAGO/porfinlunes_dossier.pdf,,sin_vincular,sin_vincular,Fecha fuera del período de ejecución: 0424-69-02,Verificar que la fecha es correcta
INC-0049,DOC-69F8560214B9,fecha_fuera_periodo,media,FACTURA_MMPVAGI0016002_25-07-2025.pdf,file:///Users/usuario/Desktop/PROFESIONAL/enGira/FINANCIACIO%CC%81N/SUBVENCIONES/MINISTERIO%20DE%20CULTURA/Industrias%20Culturales%2025/JUSTIFICACION/datos_engira/08_JUSTIFICACION_ECONOMICA/CONTABILIDAD/GASTOS/3TR2025/SUMINISTROS/FACTURA_MMPVAGI0016002_25-07-2025.pdf,/Users/usuario/Desktop/PROFESIONAL/enGira/FINANCIACIÓN/SUBVENCIONES/MINISTERIO DE CULTURA/Industrias Culturales 25/JUSTIFICACION/datos_engira/08_JUSTIFICACION_ECONOMICA/CONTABILIDAD/GASTOS/3TR2025/SUMINISTROS/FACTURA_MMPVAGI0016002_25-07-2025.pdf,ACC-ADMINISTRACION-A0CC1B65E1,automatico,revisable,Fecha fuera del período de ejecución: 06-06-2025,Verificar que la fecha es correcta
INC-0050,DOC-6B9C93624958,fecha_fuera_periodo,media,FACTURA_MMPVAHI0004037_25-08-2025.pdf,file:///Users/usuario/Desktop/PROFESIONAL/enGira/FINANCIACIO%CC%81N/SUBVENCIONES/MINISTERIO%20DE%20CULTURA/Industrias%20Culturales%2025/JUSTIFICACION/datos_engira/08_JUSTIFICACION_ECONOMICA/CONTABILIDAD/GASTOS/3TR2025/SUMINISTROS/FACTURA_MMPVAHI0004037_25-08-2025.pdf,/Users/usuario/Desktop/PROFESIONAL/enGira/FINANCIACIÓN/SUBVENCIONES/MINISTERIO DE CULTURA/Industrias Culturales 25/JUSTIFICACION/datos_engira/08_JUSTIFICACION_ECONOMICA/CONTABILIDAD/GASTOS/3TR2025/SUMINISTROS/FACTURA_MMPVAHI0004037_25-08-2025.pdf,ACC-ADMINISTRACION-A0CC1B65E1,automatico,revisable,Fecha fuera del período de ejecución: 06-07-2025,Verificar que la fecha es correcta
INC-0051,DOC-204CA4E3251B,fecha_fuera_periodo,media,Factura_MMPVAII001XXXX.pdf,file:///Users/usuario/Desktop/PROFESIONAL/enGira/FINANCIACIO%CC%81N/SUBVENCIONES/MINISTERIO%20DE%20CULTURA/Industrias%20Culturales%2025/JUSTIFICACION/datos_engira/08_JUSTIFICACION_ECONOMICA/CONTABILIDAD/GASTOS/3TR2025/SUMINISTROS/Factura_MMPVAII001XXXX.pdf,/Users/usuario/Desktop/PROFESIONAL/enGira/FINANCIACIÓN/SUBVENCIONES/MINISTERIO DE CULTURA/Industrias Culturales 25/JUSTIFICACION/datos_engira/08_JUSTIFICACION_ECONOMICA/CONTABILIDAD/GASTOS/3TR2025/SUMINISTROS/Factura_MMPVAII001XXXX.pdf,ACC-ADMINISTRACION-A0CC1B65E1,automatico,revisable,Fecha fuera del período de ejecución: 06-08-2025,Verificar que la fecha es correcta
INC-0052,DOC-66902A6FF766,fecha_fuera_periodo,media,mpE_C6GGUgR7ow3P7hDAqKrZCdxvjCajFoM+YNnH2Fw=.pdf,file:///Users/usuario/Desktop/PROFESIONAL/enGira/FINANCIACIO%CC%81N/SUBVENCIONES/MINISTERIO%20DE%20CULTURA/Industrias%20Culturales%2025/JUSTIFICACION/datos_engira/06_DESARROLLO_PLATAFORMA/SEO/mpE_C6GGUgR7ow3P7hDAqKrZCdxvjCajFoM%2BYNnH2Fw%3D.pdf,/Users/usuario/Desktop/PROFESIONAL/enGira/FINANCIACIÓN/SUBVENCIONES/MINISTERIO DE CULTURA/Industrias Culturales 25/JUSTIFICACION/datos_engira/06_DESARROLLO_PLATAFORMA/SEO/mpE_C6GGUgR7ow3P7hDAqKrZCdxvjCajFoM+YNnH2Fw=.pdf,ACC-ADMINISTRACION-F593A8F72D,pendiente_revision,revisar_vinculo,Fecha fuera del período de ejecución: 07/10/2024,Verificar que la fecha es correcta
INC-0053,DOC-90B67F5D8E7E,fecha_fuera_periodo,media,CONTRATO PRL MARIA JOSE MORAL_signed.pdf,file:///Users/usuario/Desktop/PROFESIONAL/enGira/FINANCIACIO%CC%81N/SUBVENCIONES/MINISTERIO%20DE%20CULTURA/Industrias%20Culturales%2025/JUSTIFICACION/datos_engira/05_PARTICIPANTES_Y_COLABORADORES/CONTRATO%20PRL%20MARIA%20JOSE%20MORAL_signed.pdf,/Users/usuario/Desktop/PROFESIONAL/enGira/FINANCIACIÓN/SUBVENCIONES/MINISTERIO DE CULTURA/Industrias Culturales 25/JUSTIFICACION/datos_engira/05_PARTICIPANTES_Y_COLABORADORES/CONTRATO PRL MARIA JOSE MORAL_signed.pdf,ACC-GESTORIA-EEEA1E56B7,automatico,revisable,Fecha fuera del período de ejecución: 07/10/2025,Verificar que la fecha es correcta
INC-0054,DOC-647CCE610022,fecha_fuera_periodo,media,20251104152200_210.pdf,file:///Users/usuario/Desktop/PROFESIONAL/enGira/FINANCIACIO%CC%81N/SUBVENCIONES/MINISTERIO%20DE%20CULTURA/Industrias%20Culturales%2025/JUSTIFICACION/datos_engira/05_PARTICIPANTES_Y_COLABORADORES/20251104152200_210.pdf,/Users/usuario/Desktop/PROFESIONAL/enGira/FINANCIACIÓN/SUBVENCIONES/MINISTERIO DE CULTURA/Industrias Culturales 25/JUSTIFICACION/datos_engira/05_PARTICIPANTES_Y_COLABORADORES/20251104152200_210.pdf,ACC-LABORAL-2DD02484ED,pendiente_revision,revisar_vinculo,Fecha fuera del período de ejecución: 07/10/2026,Verificar que la fecha es correcta
INC-0055,DOC-0B49D98CE029,fecha_fuera_periodo,media,INV337023537.pdf,file:///Users/usuario/Desktop/PROFESIONAL/enGira/FINANCIACIO%CC%81N/SUBVENCIONES/MINISTERIO%20DE%20CULTURA/Industrias%20Culturales%2025/JUSTIFICACION/datos_engira/08_JUSTIFICACION_ECONOMICA/CONTABILIDAD/GASTOS/1TR2026/SUMINISTROS/INV337023537.pdf,/Users/usuario/Desktop/PROFESIONAL/enGira/FINANCIACIÓN/SUBVENCIONES/MINISTERIO DE CULTURA/Industrias Culturales 25/JUSTIFICACION/datos_engira/08_JUSTIFICACION_ECONOMICA/CONTABILIDAD/GASTOS/1TR2026/SUMINISTROS/INV337023537.pdf,ACC-ADMINISTRACION-A0CC1B65E1,automatico,revisable,Fecha fuera del período de ejecución: 08/02/2026,Verificar que la fecha es correcta
INC-0056,DOC-F40CD0A3B111,fecha_fuera_periodo,media,INV341096775.pdf,file:///Users/usuario/Desktop/PROFESIONAL/enGira/FINANCIACIO%CC%81N/SUBVENCIONES/MINISTERIO%20DE%20CULTURA/Industrias%20Culturales%2025/JUSTIFICACION/datos_engira/08_JUSTIFICACION_ECONOMICA/CONTABILIDAD/GASTOS/1TR2026/SUMINISTROS/INV341096775.pdf,/Users/usuario/Desktop/PROFESIONAL/enGira/FINANCIACIÓN/SUBVENCIONES/MINISTERIO DE CULTURA/Industrias Culturales 25/JUSTIFICACION/datos_engira/08_JUSTIFICACION_ECONOMICA/CONTABILIDAD/GASTOS/1TR2026/SUMINISTROS/INV341096775.pdf,ACC-ADMINISTRACION-A0CC1B65E1,automatico,revisable,Fecha fuera del período de ejecución: 08/03/2026,Verificar que la fecha es correcta
INC-0057,DOC-55137881336A,fecha_fuera_periodo,media,INV345039957_A23333533_03092026.pdf,file:///Users/usuario/Desktop/PROFESIONAL/enGira/FINANCIACIO%CC%81N/SUBVENCIONES/MINISTERIO%20DE%20CULTURA/Industrias%20Culturales%2025/JUSTIFICACION/datos_engira/08_JUSTIFICACION_ECONOMICA/CONTABILIDAD/GASTOS/1TR2026/SUMINISTROS/INV345039957_A23333533_03092026.pdf,/Users/usuario/Desktop/PROFESIONAL/enGira/FINANCIACIÓN/SUBVENCIONES/MINISTERIO DE CULTURA/Industrias Culturales 25/JUSTIFICACION/datos_engira/08_JUSTIFICACION_ECONOMICA/CONTABILIDAD/GASTOS/1TR2026/SUMINISTROS/INV345039957_A23333533_03092026.pdf,ACC-ADMINISTRACION-A0CC1B65E1,automatico,revisable,Fecha fuera del período de ejecución: 08/04/2026,Verificar que la fecha es correcta
INC-0058,DOC-647CCE610022,fecha_fuera_periodo,media,20251104152200_210.pdf,file:///Users/usuario/Desktop/PROFESIONAL/enGira/FINANCIACIO%CC%81N/SUBVENCIONES/MINISTERIO%20DE%20CULTURA/Industrias%20Culturales%2025/JUSTIFICACION/datos_engira/05_PARTICIPANTES_Y_COLABORADORES/20251104152200_210.pdf,/Users/usuario/Desktop/PROFESIONAL/enGira/FINANCIACIÓN/SUBVENCIONES/MINISTERIO DE CULTURA/Industrias Culturales 25/JUSTIFICACION/datos_engira/05_PARTICIPANTES_Y_COLABORADORES/20251104152200_210.pdf,ACC-LABORAL-2DD02484ED,pendiente_revision,revisar_vinculo,Fecha fuera del período de ejecución: 08/10/2025,Verificar que la fecha es correcta
INC-0059,DOC-647CCE610022,fecha_fuera_periodo,media,20251104152200_210.pdf,file:///Users/usuario/Desktop/PROFESIONAL/enGira/FINANCIACIO%CC%81N/SUBVENCIONES/MINISTERIO%20DE%20CULTURA/Industrias%20Culturales%2025/JUSTIFICACION/datos_engira/05_PARTICIPANTES_Y_COLABORADORES/20251104152200_210.pdf,/Users/usuario/Desktop/PROFESIONAL/enGira/FINANCIACIÓN/SUBVENCIONES/MINISTERIO DE CULTURA/Industrias Culturales 25/JUSTIFICACION/datos_engira/05_PARTICIPANTES_Y_COLABORADORES/20251104152200_210.pdf,ACC-LABORAL-2DD02484ED,pendiente_revision,revisar_vinculo,Fecha fuera del período de ejecución: 08/10/2026,Verificar que la fecha es correcta
INC-0060,DOC-0B49D98CE029,fecha_fuera_periodo,media,INV337023537.pdf,file:///Users/usuario/Desktop/PROFESIONAL/enGira/FINANCIACIO%CC%81N/SUBVENCIONES/MINISTERIO%20DE%20CULTURA/Industrias%20Culturales%2025/JUSTIFICACION/datos_engira/08_JUSTIFICACION_ECONOMICA/CONTABILIDAD/GASTOS/1TR2026/SUMINISTROS/INV337023537.pdf,/Users/usuario/Desktop/PROFESIONAL/enGira/FINANCIACIÓN/SUBVENCIONES/MINISTERIO DE CULTURA/Industrias Culturales 25/JUSTIFICACION/datos_engira/08_JUSTIFICACION_ECONOMICA/CONTABILIDAD/GASTOS/1TR2026/SUMINISTROS/INV337023537.pdf,ACC-ADMINISTRACION-A0CC1B65E1,automatico,revisable,Fecha fuera del período de ejecución: 09/01/2026,Verificar que la fecha es correcta
INC-0061,DOC-F40CD0A3B111,fecha_fuera_periodo,media,INV341096775.pdf,file:///Users/usuario/Desktop/PROFESIONAL/enGira/FINANCIACIO%CC%81N/SUBVENCIONES/MINISTERIO%20DE%20CULTURA/Industrias%20Culturales%2025/JUSTIFICACION/datos_engira/08_JUSTIFICACION_ECONOMICA/CONTABILIDAD/GASTOS/1TR2026/SUMINISTROS/INV341096775.pdf,/Users/usuario/Desktop/PROFESIONAL/enGira/FINANCIACIÓN/SUBVENCIONES/MINISTERIO DE CULTURA/Industrias Culturales 25/JUSTIFICACION/datos_engira/08_JUSTIFICACION_ECONOMICA/CONTABILIDAD/GASTOS/1TR2026/SUMINISTROS/INV341096775.pdf,ACC-ADMINISTRACION-A0CC1B65E1,automatico,revisable,Fecha fuera del período de ejecución: 09/02/2026,Verificar que la fecha es correcta
INC-0062,DOC-55137881336A,fecha_fuera_periodo,media,INV345039957_A23333533_03092026.pdf,file:///Users/usuario/Desktop/PROFESIONAL/enGira/FINANCIACIO%CC%81N/SUBVENCIONES/MINISTERIO%20DE%20CULTURA/Industrias%20Culturales%2025/JUSTIFICACION/datos_engira/08_JUSTIFICACION_ECONOMICA/CONTABILIDAD/GASTOS/1TR2026/SUMINISTROS/INV345039957_A23333533_03092026.pdf,/Users/usuario/Desktop/PROFESIONAL/enGira/FINANCIACIÓN/SUBVENCIONES/MINISTERIO DE CULTURA/Industrias Culturales 25/JUSTIFICACION/datos_engira/08_JUSTIFICACION_ECONOMICA/CONTABILIDAD/GASTOS/1TR2026/SUMINISTROS/INV345039957_A23333533_03092026.pdf,ACC-ADMINISTRACION-A0CC1B65E1,automatico,revisable,Fecha fuera del período de ejecución: 09/03/2026,Verificar que la fecha es correcta
INC-0063,DOC-B7DBD8BC9698,fecha_fuera_periodo,media,Factura_FMPVAAJ001XXXX.pdf,file:///Users/usuario/Desktop/PROFESIONAL/enGira/FINANCIACIO%CC%81N/SUBVENCIONES/MINISTERIO%20DE%20CULTURA/Industrias%20Culturales%2025/JUSTIFICACION/datos_engira/08_JUSTIFICACION_ECONOMICA/CONTABILIDAD/GASTOS/1TR2026/SUMINISTROS/Factura_FMPVAAJ001XXXX.pdf,/Users/usuario/Desktop/PROFESIONAL/enGira/FINANCIACIÓN/SUBVENCIONES/MINISTERIO DE CULTURA/Industrias Culturales 25/JUSTIFICACION/datos_engira/08_JUSTIFICACION_ECONOMICA/CONTABILIDAD/GASTOS/1TR2026/SUMINISTROS/Factura_FMPVAAJ001XXXX.pdf,ACC-ADMINISTRACION-A0CC1B65E1,automatico,revisable,Fecha fuera del período de ejecución: 10-09-2029,Verificar que la fecha es correcta
INC-0064,DOC-C5F9A63D2051,fecha_fuera_periodo,media,Justificante_operacion_211120250104897.pdf,file:///Users/usuario/Desktop/PROFESIONAL/enGira/FINANCIACIO%CC%81N/SUBVENCIONES/MINISTERIO%20DE%20CULTURA/Industrias%20Culturales%2025/JUSTIFICACION/datos_engira/08_JUSTIFICACION_ECONOMICA/JUSTIFICANTES%20DE%20PAGO/Justificante_operacion_211120250104897.pdf,/Users/usuario/Desktop/PROFESIONAL/enGira/FINANCIACIÓN/SUBVENCIONES/MINISTERIO DE CULTURA/Industrias Culturales 25/JUSTIFICACION/datos_engira/08_JUSTIFICACION_ECONOMICA/JUSTIFICANTES DE PAGO/Justificante_operacion_211120250104897.pdf,,sin_vincular,sin_vincular,Fecha fuera del período de ejecución: 11-10-0003,Verificar que la fecha es correcta
INC-0065,DOC-29C1C4C60E34,fecha_fuera_periodo,media,Factura pccomponentes TV.pdf,file:///Users/usuario/Desktop/PROFESIONAL/enGira/FINANCIACIO%CC%81N/SUBVENCIONES/MINISTERIO%20DE%20CULTURA/Industrias%20Culturales%2025/JUSTIFICACION/datos_engira/08_JUSTIFICACION_ECONOMICA/CONTABILIDAD/GASTOS/3TR2025/COMERCIALIZACI%C3%93N/MERCARTES/PRODUCCIO%CC%81N/Factura%20pccomponentes%20TV.pdf,/Users/usuario/Desktop/PROFESIONAL/enGira/FINANCIACIÓN/SUBVENCIONES/MINISTERIO DE CULTURA/Industrias Culturales 25/JUSTIFICACION/datos_engira/08_JUSTIFICACION_ECONOMICA/CONTABILIDAD/GASTOS/3TR2025/COMERCIALIZACIÓN/MERCARTES/PRODUCCIÓN/Factura pccomponentes TV.pdf,ACC-ADMINISTRACION-A0CC1B65E1,automatico,revisable,Fecha fuera del período de ejecución: 11/09/2025,Verificar que la fecha es correcta
INC-0066,DOC-BDA93DE89A8C,fecha_fuera_periodo,media,FACTURA 25032622R.pdf,file:///Users/usuario/Desktop/PROFESIONAL/enGira/FINANCIACIO%CC%81N/SUBVENCIONES/MINISTERIO%20DE%20CULTURA/Industrias%20Culturales%2025/JUSTIFICACION/datos_engira/08_JUSTIFICACION_ECONOMICA/CONTABILIDAD/GASTOS/4TR2025/LEGAL/FACTURA%2025032622R.pdf,/Users/usuario/Desktop/PROFESIONAL/enGira/FINANCIACIÓN/SUBVENCIONES/MINISTERIO DE CULTURA/Industrias Culturales 25/JUSTIFICACION/datos_engira/08_JUSTIFICACION_ECONOMICA/CONTABILIDAD/GASTOS/4TR2025/LEGAL/FACTURA 25032622R.pdf,ACC-ADMINISTRACION-A0CC1B65E1,automatico,revisable,Fecha fuera del período de ejecución: 11/10/2025,Verificar que la fecha es correcta
INC-0067,DOC-56B8DD431CAB,fecha_fuera_periodo,media,DIART - programa de acompañamiento - 1a sesion.pdf,file:///Users/usuario/Desktop/PROFESIONAL/enGira/FINANCIACIO%CC%81N/SUBVENCIONES/MINISTERIO%20DE%20CULTURA/Industrias%20Culturales%2025/JUSTIFICACION/datos_engira/02_ACTIVIDADES_REALIZADAS/PROGRAMAS%20DE%20ACOMPAN%CC%83AMIENTO/DiArt/DIART%20-%20programa%20de%20acompan%CC%83amiento%20-%201a%20sesion.pdf,/Users/usuario/Desktop/PROFESIONAL/enGira/FINANCIACIÓN/SUBVENCIONES/MINISTERIO DE CULTURA/Industrias Culturales 25/JUSTIFICACION/datos_engira/02_ACTIVIDADES_REALIZADAS/PROGRAMAS DE ACOMPAÑAMIENTO/DiArt/DIART - programa de acompañamiento - 1a sesion.pdf,ACC-COMUNICACION-59E0E34B98,pendiente_revision,revisar_vinculo,Fecha fuera del período de ejecución: 14/01/2026,Verificar que la fecha es correcta
INC-0068,DOC-9B6D790D2117,fecha_fuera_periodo,media,FACTURA 25005841RSPD.pdf,file:///Users/usuario/Desktop/PROFESIONAL/enGira/FINANCIACIO%CC%81N/SUBVENCIONES/MINISTERIO%20DE%20CULTURA/Industrias%20Culturales%2025/JUSTIFICACION/datos_engira/08_JUSTIFICACION_ECONOMICA/CONTABILIDAD/GASTOS/4TR2025/LEGAL/FACTURA%2025005841RSPD.pdf,/Users/usuario/Desktop/PROFESIONAL/enGira/FINANCIACIÓN/SUBVENCIONES/MINISTERIO DE CULTURA/Industrias Culturales 25/JUSTIFICACION/datos_engira/08_JUSTIFICACION_ECONOMICA/CONTABILIDAD/GASTOS/4TR2025/LEGAL/FACTURA 25005841RSPD.pdf,ACC-ADMINISTRACION-A0CC1B65E1,automatico,revisable,Fecha fuera del período de ejecución: 14/10/2025,Verificar que la fecha es correcta
INC-0069,DOC-F3012A059EC6,fecha_fuera_periodo,media,MKT 50%.pdf,file:///Users/usuario/Desktop/PROFESIONAL/enGira/FINANCIACIO%CC%81N/SUBVENCIONES/MINISTERIO%20DE%20CULTURA/Industrias%20Culturales%2025/JUSTIFICACION/datos_engira/08_JUSTIFICACION_ECONOMICA/JUSTIFICANTES%20DE%20PAGO/MKT%2050%25.pdf,/Users/usuario/Desktop/PROFESIONAL/enGira/FINANCIACIÓN/SUBVENCIONES/MINISTERIO DE CULTURA/Industrias Culturales 25/JUSTIFICACION/datos_engira/08_JUSTIFICACION_ECONOMICA/JUSTIFICANTES DE PAGO/MKT 50%.pdf,,sin_vincular,sin_vincular,Fecha fuera del período de ejecución: 15-11-0002,Verificar que la fecha es correcta
INC-0070,DOC-847E531C55D0,fecha_fuera_periodo,media,Autorizacion_modificaciones_sustanciales.pdf,file:///Users/usuario/Desktop/PROFESIONAL/enGira/FINANCIACIO%CC%81N/SUBVENCIONES/MINISTERIO%20DE%20CULTURA/Industrias%20Culturales%2025/JUSTIFICACION/datos_engira/09_DESVIACIONES_Y_CAMBIOS/Autorizacion_modificaciones_sustanciales.pdf,/Users/usuario/Desktop/PROFESIONAL/enGira/FINANCIACIÓN/SUBVENCIONES/MINISTERIO DE CULTURA/Industrias Culturales 25/JUSTIFICACION/datos_engira/09_DESVIACIONES_Y_CAMBIOS/Autorizacion_modificaciones_sustanciales.pdf,,sin_vincular,sin_vincular,Fecha fuera del período de ejecución: 15/06/2026,Verificar que la fecha es correcta
INC-0071,DOC-1122ECE9AC62,fecha_fuera_periodo,media,2501003 maría j moral morgado.pdf,file:///Users/usuario/Desktop/PROFESIONAL/enGira/FINANCIACIO%CC%81N/SUBVENCIONES/MINISTERIO%20DE%20CULTURA/Industrias%20Culturales%2025/JUSTIFICACION/datos_engira/08_JUSTIFICACION_ECONOMICA/CONTABILIDAD/GASTOS/4TR2025/GESTORIA/2501003%20mari%CC%81a%20j%20moral%20morgado.pdf,/Users/usuario/Desktop/PROFESIONAL/enGira/FINANCIACIÓN/SUBVENCIONES/MINISTERIO DE CULTURA/Industrias Culturales 25/JUSTIFICACION/datos_engira/08_JUSTIFICACION_ECONOMICA/CONTABILIDAD/GASTOS/4TR2025/GESTORIA/2501003 maría j moral morgado.pdf,ACC-GESTORIA-6F82F39FEF,automatico,revisable,Fecha fuera del período de ejecución: 15/12/2025,Verificar que la fecha es correcta
INC-0072,DOC-C29F06C5E3F7,fecha_fuera_periodo,media,Justificante pago Darlene.pdf,file:///Users/usuario/Desktop/PROFESIONAL/enGira/FINANCIACIO%CC%81N/SUBVENCIONES/MINISTERIO%20DE%20CULTURA/Industrias%20Culturales%2025/JUSTIFICACION/datos_engira/08_JUSTIFICACION_ECONOMICA/JUSTIFICANTES%20DE%20PAGO/Justificante%20pago%20Darlene.pdf,/Users/usuario/Desktop/PROFESIONAL/enGira/FINANCIACIÓN/SUBVENCIONES/MINISTERIO DE CULTURA/Industrias Culturales 25/JUSTIFICACION/datos_engira/08_JUSTIFICACION_ECONOMICA/JUSTIFICANTES DE PAGO/Justificante pago Darlene.pdf,,sin_vincular,sin_vincular,Fecha fuera del período de ejecución: 17-02-0046,Verificar que la fecha es correcta
INC-0073,DOC-2E1743795323,fecha_fuera_periodo,media,DiArt_sesion2_programa de acompañamiento .pdf,file:///Users/usuario/Desktop/PROFESIONAL/enGira/FINANCIACIO%CC%81N/SUBVENCIONES/MINISTERIO%20DE%20CULTURA/Industrias%20Culturales%2025/JUSTIFICACION/datos_engira/02_ACTIVIDADES_REALIZADAS/PROGRAMAS%20DE%20ACOMPAN%CC%83AMIENTO/DiArt/DiArt_sesion2_programa%20de%20acompan%CC%83amiento%20.pdf,/Users/usuario/Desktop/PROFESIONAL/enGira/FINANCIACIÓN/SUBVENCIONES/MINISTERIO DE CULTURA/Industrias Culturales 25/JUSTIFICACION/datos_engira/02_ACTIVIDADES_REALIZADAS/PROGRAMAS DE ACOMPAÑAMIENTO/DiArt/DiArt_sesion2_programa de acompañamiento .pdf,ACC-ADMINISTRACION-F593A8F72D,pendiente_revision,revisar_vinculo,Fecha fuera del período de ejecución: 18/03/2026,Verificar que la fecha es correcta
INC-0074,DOC-B2CC1D5706FE,fecha_fuera_periodo,media,Factura_Mercartes_2025_C752426 (2).pdf,file:///Users/usuario/Desktop/PROFESIONAL/enGira/FINANCIACIO%CC%81N/SUBVENCIONES/MINISTERIO%20DE%20CULTURA/Industrias%20Culturales%2025/JUSTIFICACION/datos_engira/08_JUSTIFICACION_ECONOMICA/CONTABILIDAD/GASTOS/3TR2025/COMERCIALIZACI%C3%93N/MERCARTES/DIETAS/Factura_Mercartes_2025_C752426%20%282%29.pdf,/Users/usuario/Desktop/PROFESIONAL/enGira/FINANCIACIÓN/SUBVENCIONES/MINISTERIO DE CULTURA/Industrias Culturales 25/JUSTIFICACION/datos_engira/08_JUSTIFICACION_ECONOMICA/CONTABILIDAD/GASTOS/3TR2025/COMERCIALIZACIÓN/MERCARTES/DIETAS/Factura_Mercartes_2025_C752426 (2).pdf,ACC-ADMINISTRACION-A0CC1B65E1,automatico,revisable,Fecha fuera del período de ejecución: 18/09/2025,Verificar que la fecha es correcta
INC-0075,DOC-74810D575331,fecha_fuera_periodo,media,Justificante_operacion_201220250038589.pdf,file:///Users/usuario/Desktop/PROFESIONAL/enGira/FINANCIACIO%CC%81N/SUBVENCIONES/MINISTERIO%20DE%20CULTURA/Industrias%20Culturales%2025/JUSTIFICACION/datos_engira/08_JUSTIFICACION_ECONOMICA/JUSTIFICANTES%20DE%20PAGO/Justificante_operacion_201220250038589.pdf,/Users/usuario/Desktop/PROFESIONAL/enGira/FINANCIACIÓN/SUBVENCIONES/MINISTERIO DE CULTURA/Industrias Culturales 25/JUSTIFICACION/datos_engira/08_JUSTIFICACION_ECONOMICA/JUSTIFICANTES DE PAGO/Justificante_operacion_201220250038589.pdf,ACC-GESTORIA-6F82F39FEF,automatico,revisable,Fecha fuera del período de ejecución: 1876-81-02,Verificar que la fecha es correcta
INC-0076,DOC-188226AA77F0,fecha_fuera_periodo,media,Factura_Mercartes_2025_C752426 (1).pdf,file:///Users/usuario/Desktop/PROFESIONAL/enGira/FINANCIACIO%CC%81N/SUBVENCIONES/MINISTERIO%20DE%20CULTURA/Industrias%20Culturales%2025/JUSTIFICACION/datos_engira/08_JUSTIFICACION_ECONOMICA/CONTABILIDAD/GASTOS/3TR2025/COMERCIALIZACI%C3%93N/MERCARTES/DIETAS/Factura_Mercartes_2025_C752426%20%281%29.pdf,/Users/usuario/Desktop/PROFESIONAL/enGira/FINANCIACIÓN/SUBVENCIONES/MINISTERIO DE CULTURA/Industrias Culturales 25/JUSTIFICACION/datos_engira/08_JUSTIFICACION_ECONOMICA/CONTABILIDAD/GASTOS/3TR2025/COMERCIALIZACIÓN/MERCARTES/DIETAS/Factura_Mercartes_2025_C752426 (1).pdf,ACC-ADMINISTRACION-A0CC1B65E1,automatico,revisable,Fecha fuera del período de ejecución: 19/09/2025,Verificar que la fecha es correcta
INC-0077,DOC-469F97899222,fecha_fuera_periodo,media,2501006 maría j moral morgado.pdf,file:///Users/usuario/Desktop/PROFESIONAL/enGira/FINANCIACIO%CC%81N/SUBVENCIONES/MINISTERIO%20DE%20CULTURA/Industrias%20Culturales%2025/JUSTIFICACION/datos_engira/08_JUSTIFICACION_ECONOMICA/CONTABILIDAD/GASTOS/4TR2025/GESTORIA/2501006%20mari%CC%81a%20j%20moral%20morgado.pdf,/Users/usuario/Desktop/PROFESIONAL/enGira/FINANCIACIÓN/SUBVENCIONES/MINISTERIO DE CULTURA/Industrias Culturales 25/JUSTIFICACION/datos_engira/08_JUSTIFICACION_ECONOMICA/CONTABILIDAD/GASTOS/4TR2025/GESTORIA/2501006 maría j moral morgado.pdf,ACC-GESTORIA-6F82F39FEF,automatico,revisable,Fecha fuera del período de ejecución: 19/12/2025,Verificar que la fecha es correcta
INC-0078,DOC-3E6177CD61A0,fecha_fuera_periodo,media,VJ5GPLTFTKM50244.pdf,file:///Users/usuario/Desktop/PROFESIONAL/enGira/FINANCIACIO%CC%81N/SUBVENCIONES/MINISTERIO%20DE%20CULTURA/Industrias%20Culturales%2025/JUSTIFICACION/datos_engira/08_JUSTIFICACION_ECONOMICA/CONTABILIDAD/GASTOS/4TR2025/TRANSPORTE/VJ5GPLTFTKM50244.pdf,/Users/usuario/Desktop/PROFESIONAL/enGira/FINANCIACIÓN/SUBVENCIONES/MINISTERIO DE CULTURA/Industrias Culturales 25/JUSTIFICACION/datos_engira/08_JUSTIFICACION_ECONOMICA/CONTABILIDAD/GASTOS/4TR2025/TRANSPORTE/VJ5GPLTFTKM50244.pdf,ACC-ADMINISTRACION-A0CC1B65E1,automatico,revisable,Fecha fuera del período de ejecución: 20-10-2025,Verificar que la fecha es correcta
INC-0079,DOC-E4434E1A5E2C,fecha_fuera_periodo,media,Justificante_operacion_291220250084483.pdf,file:///Users/usuario/Desktop/PROFESIONAL/enGira/FINANCIACIO%CC%81N/SUBVENCIONES/MINISTERIO%20DE%20CULTURA/Industrias%20Culturales%2025/JUSTIFICACION/datos_engira/08_JUSTIFICACION_ECONOMICA/JUSTIFICANTES%20DE%20PAGO/Justificante_operacion_291220250084483.pdf,/Users/usuario/Desktop/PROFESIONAL/enGira/FINANCIACIÓN/SUBVENCIONES/MINISTERIO DE CULTURA/Industrias Culturales 25/JUSTIFICACION/datos_engira/08_JUSTIFICACION_ECONOMICA/JUSTIFICANTES DE PAGO/Justificante_operacion_291220250084483.pdf,,sin_vincular,sin_vincular,Fecha fuera del período de ejecución: 20-60-0100,Verificar que la fecha es correcta
INC-0080,DOC-C08E5BC409AA,fecha_fuera_periodo,media,F260009 -Zeena - Dossier EnGira.pdf,file:///Users/usuario/Desktop/PROFESIONAL/enGira/FINANCIACIO%CC%81N/SUBVENCIONES/MINISTERIO%20DE%20CULTURA/Industrias%20Culturales%2025/JUSTIFICACION/datos_engira/08_JUSTIFICACION_ECONOMICA/CONTABILIDAD/GASTOS/1TR2026/ALIANZAS%20/F260009%20-Zeena%20-%20Dossier%20EnGira.pdf,/Users/usuario/Desktop/PROFESIONAL/enGira/FINANCIACIÓN/SUBVENCIONES/MINISTERIO DE CULTURA/Industrias Culturales 25/JUSTIFICACION/datos_engira/08_JUSTIFICACION_ECONOMICA/CONTABILIDAD/GASTOS/1TR2026/ALIANZAS /F260009 -Zeena - Dossier EnGira.pdf,ACC-ADMINISTRACION-A0CC1B65E1,automatico,revisable,Fecha fuera del período de ejecución: 20/01/2026,Verificar que la fecha es correcta
INC-0081,DOC-5E7A4292555D,fecha_fuera_periodo,media,bases_ayudas_a_gira.pdf,file:///Users/usuario/Desktop/PROFESIONAL/enGira/FINANCIACIO%CC%81N/SUBVENCIONES/MINISTERIO%20DE%20CULTURA/Industrias%20Culturales%2025/JUSTIFICACION/datos_engira/02_ACTIVIDADES_REALIZADAS/PROGRAMAS%20DE%20ACOMPAN%CC%83AMIENTO/entregables/subvencion_a_gira_2026/bases_ayudas_a_gira.pdf,/Users/usuario/Desktop/PROFESIONAL/enGira/FINANCIACIÓN/SUBVENCIONES/MINISTERIO DE CULTURA/Industrias Culturales 25/JUSTIFICACION/datos_engira/02_ACTIVIDADES_REALIZADAS/PROGRAMAS DE ACOMPAÑAMIENTO/entregables/subvencion_a_gira_2026/bases_ayudas_a_gira.pdf,ACC-COMUNICACION-7E8A7C43A1,pendiente_revision,revisar_vinculo,Fecha fuera del período de ejecución: 20/03/2026,Verificar que la fecha es correcta
INC-0082,DOC-82810FAECA35,fecha_fuera_periodo,media,Adobe Scan 20 oct 2025 (1).pdf,file:///Users/usuario/Desktop/PROFESIONAL/enGira/FINANCIACIO%CC%81N/SUBVENCIONES/MINISTERIO%20DE%20CULTURA/Industrias%20Culturales%2025/JUSTIFICACION/datos_engira/08_JUSTIFICACION_ECONOMICA/CONTABILIDAD/GASTOS/4TR2025/COMERCIALIZACI%C3%93N/MERCARTES/Adobe%20Scan%2020%20oct%202025%20%281%29.pdf,/Users/usuario/Desktop/PROFESIONAL/enGira/FINANCIACIÓN/SUBVENCIONES/MINISTERIO DE CULTURA/Industrias Culturales 25/JUSTIFICACION/datos_engira/08_JUSTIFICACION_ECONOMICA/CONTABILIDAD/GASTOS/4TR2025/COMERCIALIZACIÓN/MERCARTES/Adobe Scan 20 oct 2025 (1).pdf,ACC-ADMINISTRACION-A0CC1B65E1,automatico,revisable,Fecha fuera del período de ejecución: 20/10/2025,Verificar que la fecha es correcta
INC-0083,DOC-3E6177CD61A0,fecha_fuera_periodo,media,VJ5GPLTFTKM50244.pdf,file:///Users/usuario/Desktop/PROFESIONAL/enGira/FINANCIACIO%CC%81N/SUBVENCIONES/MINISTERIO%20DE%20CULTURA/Industrias%20Culturales%2025/JUSTIFICACION/datos_engira/08_JUSTIFICACION_ECONOMICA/CONTABILIDAD/GASTOS/4TR2025/TRANSPORTE/VJ5GPLTFTKM50244.pdf,/Users/usuario/Desktop/PROFESIONAL/enGira/FINANCIACIÓN/SUBVENCIONES/MINISTERIO DE CULTURA/Industrias Culturales 25/JUSTIFICACION/datos_engira/08_JUSTIFICACION_ECONOMICA/CONTABILIDAD/GASTOS/4TR2025/TRANSPORTE/VJ5GPLTFTKM50244.pdf,ACC-ADMINISTRACION-A0CC1B65E1,automatico,revisable,Fecha fuera del período de ejecución: 21-10-2025,Verificar que la fecha es correcta
INC-0084,DOC-CB9128E19BC1,fecha_fuera_periodo,media,Campaña_posicionamiento_LasTeatrísimas.pdf,file:///Users/usuario/Desktop/PROFESIONAL/enGira/FINANCIACIO%CC%81N/SUBVENCIONES/MINISTERIO%20DE%20CULTURA/Industrias%20Culturales%2025/JUSTIFICACION/datos_engira/02_ACTIVIDADES_REALIZADAS/PROGRAMAS%20DE%20ACOMPAN%CC%83AMIENTO/Las%20Teatri%CC%81simas/Campan%CC%83a_posicionamiento_LasTeatri%CC%81simas.pdf,/Users/usuario/Desktop/PROFESIONAL/enGira/FINANCIACIÓN/SUBVENCIONES/MINISTERIO DE CULTURA/Industrias Culturales 25/JUSTIFICACION/datos_engira/02_ACTIVIDADES_REALIZADAS/PROGRAMAS DE ACOMPAÑAMIENTO/Las Teatrísimas/Campaña_posicionamiento_LasTeatrísimas.pdf,ACC-COMUNICACION-3483E4784F,pendiente_revision,revisar_vinculo,Fecha fuera del período de ejecución: 21/05/2026,Verificar que la fecha es correcta
INC-0085,DOC-85DFBFA6F7FC,fecha_fuera_periodo,media,parking mercartes.pdf,file:///Users/usuario/Desktop/PROFESIONAL/enGira/FINANCIACIO%CC%81N/SUBVENCIONES/MINISTERIO%20DE%20CULTURA/Industrias%20Culturales%2025/JUSTIFICACION/datos_engira/08_JUSTIFICACION_ECONOMICA/CONTABILIDAD/GASTOS/4TR2025/TRANSPORTE/parking%20mercartes.pdf,/Users/usuario/Desktop/PROFESIONAL/enGira/FINANCIACIÓN/SUBVENCIONES/MINISTERIO DE CULTURA/Industrias Culturales 25/JUSTIFICACION/datos_engira/08_JUSTIFICACION_ECONOMICA/CONTABILIDAD/GASTOS/4TR2025/TRANSPORTE/parking mercartes.pdf,ACC-ADMINISTRACION-A0CC1B65E1,automatico,revisable,Fecha fuera del período de ejecución: 21/10/2025,Verificar que la fecha es correcta
INC-0086,DOC-F7C0B570468F,fecha_fuera_periodo,media,VJLVK4WVZN6U2846.pdf,file:///Users/usuario/Desktop/PROFESIONAL/enGira/FINANCIACIO%CC%81N/SUBVENCIONES/MINISTERIO%20DE%20CULTURA/Industrias%20Culturales%2025/JUSTIFICACION/datos_engira/08_JUSTIFICACION_ECONOMICA/CONTABILIDAD/GASTOS/3TR2025/COMERCIALIZACI%C3%93N/MERCARTES/TRANSPORTE/VJLVK4WVZN6U2846.pdf,/Users/usuario/Desktop/PROFESIONAL/enGira/FINANCIACIÓN/SUBVENCIONES/MINISTERIO DE CULTURA/Industrias Culturales 25/JUSTIFICACION/datos_engira/08_JUSTIFICACION_ECONOMICA/CONTABILIDAD/GASTOS/3TR2025/COMERCIALIZACIÓN/MERCARTES/TRANSPORTE/VJLVK4WVZN6U2846.pdf,ACC-ADMINISTRACION-A0CC1B65E1,automatico,revisable,Fecha fuera del período de ejecución: 22-10-2025,Verificar que la fecha es correcta
INC-0087,DOC-5E1A98E8FCE4,fecha_fuera_periodo,media,VJTLVPX73H4Y7930.pdf,file:///Users/usuario/Desktop/PROFESIONAL/enGira/FINANCIACIO%CC%81N/SUBVENCIONES/MINISTERIO%20DE%20CULTURA/Industrias%20Culturales%2025/JUSTIFICACION/datos_engira/08_JUSTIFICACION_ECONOMICA/CONTABILIDAD/GASTOS/4TR2025/TRANSPORTE/VJTLVPX73H4Y7930.pdf,/Users/usuario/Desktop/PROFESIONAL/enGira/FINANCIACIÓN/SUBVENCIONES/MINISTERIO DE CULTURA/Industrias Culturales 25/JUSTIFICACION/datos_engira/08_JUSTIFICACION_ECONOMICA/CONTABILIDAD/GASTOS/4TR2025/TRANSPORTE/VJTLVPX73H4Y7930.pdf,ACC-ADMINISTRACION-A0CC1B65E1,automatico,revisable,Fecha fuera del período de ejecución: 22-11-2025,Verificar que la fecha es correcta
INC-0088,DOC-B47B5DF1E5E7,fecha_fuera_periodo,media,Justificante_operacion_270220260145618.pdf,file:///Users/usuario/Desktop/PROFESIONAL/enGira/FINANCIACIO%CC%81N/SUBVENCIONES/MINISTERIO%20DE%20CULTURA/Industrias%20Culturales%2025/JUSTIFICACION/datos_engira/08_JUSTIFICACION_ECONOMICA/JUSTIFICANTES%20DE%20PAGO/Justificante_operacion_270220260145618.pdf,/Users/usuario/Desktop/PROFESIONAL/enGira/FINANCIACIÓN/SUBVENCIONES/MINISTERIO DE CULTURA/Industrias Culturales 25/JUSTIFICACION/datos_engira/08_JUSTIFICACION_ECONOMICA/JUSTIFICANTES DE PAGO/Justificante_operacion_270220260145618.pdf,,sin_vincular,sin_vincular,Fecha fuera del período de ejecución: 22-53-0100,Verificar que la fecha es correcta
INC-0089,DOC-85DFBFA6F7FC,fecha_fuera_periodo,media,parking mercartes.pdf,file:///Users/usuario/Desktop/PROFESIONAL/enGira/FINANCIACIO%CC%81N/SUBVENCIONES/MINISTERIO%20DE%20CULTURA/Industrias%20Culturales%2025/JUSTIFICACION/datos_engira/08_JUSTIFICACION_ECONOMICA/CONTABILIDAD/GASTOS/4TR2025/TRANSPORTE/parking%20mercartes.pdf,/Users/usuario/Desktop/PROFESIONAL/enGira/FINANCIACIÓN/SUBVENCIONES/MINISTERIO DE CULTURA/Industrias Culturales 25/JUSTIFICACION/datos_engira/08_JUSTIFICACION_ECONOMICA/CONTABILIDAD/GASTOS/4TR2025/TRANSPORTE/parking mercartes.pdf,ACC-ADMINISTRACION-A0CC1B65E1,automatico,revisable,Fecha fuera del período de ejecución: 22/10/2025,Verificar que la fecha es correcta
INC-0090,DOC-09E372A1EC84,fecha_fuera_periodo,media,Invoice_2025_0054_Big_Bang_TA25.pdf,file:///Users/usuario/Desktop/PROFESIONAL/enGira/FINANCIACIO%CC%81N/SUBVENCIONES/MINISTERIO%20DE%20CULTURA/Industrias%20Culturales%2025/JUSTIFICACION/datos_engira/08_JUSTIFICACION_ECONOMICA/CONTABILIDAD/GASTOS/4TR2025/COMERCIALIZACI%C3%93N/Invoice_2025_0054_Big_Bang_TA25.pdf,/Users/usuario/Desktop/PROFESIONAL/enGira/FINANCIACIÓN/SUBVENCIONES/MINISTERIO DE CULTURA/Industrias Culturales 25/JUSTIFICACION/datos_engira/08_JUSTIFICACION_ECONOMICA/CONTABILIDAD/GASTOS/4TR2025/COMERCIALIZACIÓN/Invoice_2025_0054_Big_Bang_TA25.pdf,ACC-ADMINISTRACION-A0CC1B65E1,automatico,revisable,Fecha fuera del período de ejecución: 22/11/2025,Verificar que la fecha es correcta
INC-0091,DOC-064D3E260F08,fecha_fuera_periodo,media,VJXCFZZJ3WNC7931.pdf,file:///Users/usuario/Desktop/PROFESIONAL/enGira/FINANCIACIO%CC%81N/SUBVENCIONES/MINISTERIO%20DE%20CULTURA/Industrias%20Culturales%2025/JUSTIFICACION/datos_engira/08_JUSTIFICACION_ECONOMICA/CONTABILIDAD/GASTOS/4TR2025/TRANSPORTE/VJXCFZZJ3WNC7931.pdf,/Users/usuario/Desktop/PROFESIONAL/enGira/FINANCIACIÓN/SUBVENCIONES/MINISTERIO DE CULTURA/Industrias Culturales 25/JUSTIFICACION/datos_engira/08_JUSTIFICACION_ECONOMICA/CONTABILIDAD/GASTOS/4TR2025/TRANSPORTE/VJXCFZZJ3WNC7931.pdf,ACC-ADMINISTRACION-A0CC1B65E1,automatico,revisable,Fecha fuera del período de ejecución: 23-11-2025,Verificar que la fecha es correcta
INC-0092,DOC-2B0E9BEF28C7,fecha_fuera_periodo,media,LaPeraDelOlmo_sesion3_programa_acompañamiento.pdf,file:///Users/usuario/Desktop/PROFESIONAL/enGira/FINANCIACIO%CC%81N/SUBVENCIONES/MINISTERIO%20DE%20CULTURA/Industrias%20Culturales%2025/JUSTIFICACION/datos_engira/02_ACTIVIDADES_REALIZADAS/PROGRAMAS%20DE%20ACOMPAN%CC%83AMIENTO/LaPeraDelOlmo/LaPeraDelOlmo_sesion3_programa_acompan%CC%83amiento.pdf,/Users/usuario/Desktop/PROFESIONAL/enGira/FINANCIACIÓN/SUBVENCIONES/MINISTERIO DE CULTURA/Industrias Culturales 25/JUSTIFICACION/datos_engira/02_ACTIVIDADES_REALIZADAS/PROGRAMAS DE ACOMPAÑAMIENTO/LaPeraDelOlmo/LaPeraDelOlmo_sesion3_programa_acompañamiento.pdf,ACC-ALIANZAS-ESTRATEGI-995F56EB25,pendiente_revision,revisar_vinculo,Fecha fuera del período de ejecución: 23/01/2026,Verificar que la fecha es correcta
INC-0093,DOC-09E372A1EC84,fecha_fuera_periodo,media,Invoice_2025_0054_Big_Bang_TA25.pdf,file:///Users/usuario/Desktop/PROFESIONAL/enGira/FINANCIACIO%CC%81N/SUBVENCIONES/MINISTERIO%20DE%20CULTURA/Industrias%20Culturales%2025/JUSTIFICACION/datos_engira/08_JUSTIFICACION_ECONOMICA/CONTABILIDAD/GASTOS/4TR2025/COMERCIALIZACI%C3%93N/Invoice_2025_0054_Big_Bang_TA25.pdf,/Users/usuario/Desktop/PROFESIONAL/enGira/FINANCIACIÓN/SUBVENCIONES/MINISTERIO DE CULTURA/Industrias Culturales 25/JUSTIFICACION/datos_engira/08_JUSTIFICACION_ECONOMICA/CONTABILIDAD/GASTOS/4TR2025/COMERCIALIZACIÓN/Invoice_2025_0054_Big_Bang_TA25.pdf,ACC-ADMINISTRACION-A0CC1B65E1,automatico,revisable,Fecha fuera del período de ejecución: 23/11/2025,Verificar que la fecha es correcta
INC-0094,DOC-112F3941B329,fecha_fuera_periodo,media,porfinlunes_dossier.pdf,file:///Users/usuario/Desktop/PROFESIONAL/enGira/FINANCIACIO%CC%81N/SUBVENCIONES/MINISTERIO%20DE%20CULTURA/Industrias%20Culturales%2025/JUSTIFICACION/datos_engira/08_JUSTIFICACION_ECONOMICA/JUSTIFICANTES%20DE%20PAGO/porfinlunes_dossier.pdf,/Users/usuario/Desktop/PROFESIONAL/enGira/FINANCIACIÓN/SUBVENCIONES/MINISTERIO DE CULTURA/Industrias Culturales 25/JUSTIFICACION/datos_engira/08_JUSTIFICACION_ECONOMICA/JUSTIFICANTES DE PAGO/porfinlunes_dossier.pdf,,sin_vincular,sin_vincular,Fecha fuera del período de ejecución: 24-69-0202,Verificar que la fecha es correcta
INC-0095,DOC-393D177306F8,fecha_fuera_periodo,media,Justificante_nómina_carles_septiembre.pdf,file:///Users/usuario/Desktop/PROFESIONAL/enGira/FINANCIACIO%CC%81N/SUBVENCIONES/MINISTERIO%20DE%20CULTURA/Industrias%20Culturales%2025/JUSTIFICACION/datos_engira/08_JUSTIFICACION_ECONOMICA/JUSTIFICANTES%20DE%20PAGO/Justificante_no%CC%81mina_carles_septiembre.pdf,/Users/usuario/Desktop/PROFESIONAL/enGira/FINANCIACIÓN/SUBVENCIONES/MINISTERIO DE CULTURA/Industrias Culturales 25/JUSTIFICACION/datos_engira/08_JUSTIFICACION_ECONOMICA/JUSTIFICANTES DE PAGO/Justificante_nómina_carles_septiembre.pdf,,sin_vincular,sin_vincular,Fecha fuera del período de ejecución: 27-53-0200,Verificar que la fecha es correcta
INC-0096,DOC-2CBFA7D9B702,fecha_fuera_periodo,media,E127 - ENGIRA!_signed.pdf,file:///Users/usuario/Desktop/PROFESIONAL/enGira/FINANCIACIO%CC%81N/SUBVENCIONES/MINISTERIO%20DE%20CULTURA/Industrias%20Culturales%2025/JUSTIFICACION/datos_engira/02_ACTIVIDADES_REALIZADAS/MERCARTES/E127%20-%20ENGIRA%21_signed.pdf,/Users/usuario/Desktop/PROFESIONAL/enGira/FINANCIACIÓN/SUBVENCIONES/MINISTERIO DE CULTURA/Industrias Culturales 25/JUSTIFICACION/datos_engira/02_ACTIVIDADES_REALIZADAS/MERCARTES/E127 - ENGIRA!_signed.pdf,ACC-COMERCIALIZACION-8BC2ED0AC1,automatico,revisable,Fecha fuera del período de ejecución: 27/08/2025,Verificar que la fecha es correcta
INC-0097,DOC-BDA93DE89A8C,fecha_fuera_periodo,media,FACTURA 25032622R.pdf,file:///Users/usuario/Desktop/PROFESIONAL/enGira/FINANCIACIO%CC%81N/SUBVENCIONES/MINISTERIO%20DE%20CULTURA/Industrias%20Culturales%2025/JUSTIFICACION/datos_engira/08_JUSTIFICACION_ECONOMICA/CONTABILIDAD/GASTOS/4TR2025/LEGAL/FACTURA%2025032622R.pdf,/Users/usuario/Desktop/PROFESIONAL/enGira/FINANCIACIÓN/SUBVENCIONES/MINISTERIO DE CULTURA/Industrias Culturales 25/JUSTIFICACION/datos_engira/08_JUSTIFICACION_ECONOMICA/CONTABILIDAD/GASTOS/4TR2025/LEGAL/FACTURA 25032622R.pdf,ACC-ADMINISTRACION-A0CC1B65E1,automatico,revisable,Fecha fuera del período de ejecución: 27/10/2025,Verificar que la fecha es correcta
INC-0098,DOC-F18DB590DD34,fecha_fuera_periodo,media,Factura_FMPVACJ007XXXX.pdf,file:///Users/usuario/Desktop/PROFESIONAL/enGira/FINANCIACIO%CC%81N/SUBVENCIONES/MINISTERIO%20DE%20CULTURA/Industrias%20Culturales%2025/JUSTIFICACION/datos_engira/08_JUSTIFICACION_ECONOMICA/CONTABILIDAD/GASTOS/1TR2026/SUMINISTROS/Factura_FMPVACJ007XXXX.pdf,/Users/usuario/Desktop/PROFESIONAL/enGira/FINANCIACIÓN/SUBVENCIONES/MINISTERIO DE CULTURA/Industrias Culturales 25/JUSTIFICACION/datos_engira/08_JUSTIFICACION_ECONOMICA/CONTABILIDAD/GASTOS/1TR2026/SUMINISTROS/Factura_FMPVACJ007XXXX.pdf,ACC-ADMINISTRACION-A0CC1B65E1,automatico,revisable,Fecha fuera del período de ejecución: 28-01-2026,Verificar que la fecha es correcta
INC-0099,DOC-523850FB7DF0,fecha_fuera_periodo,media,FACTURA_FMPVAGI0013315_25-07-2025.pdf,file:///Users/usuario/Desktop/PROFESIONAL/enGira/FINANCIACIO%CC%81N/SUBVENCIONES/MINISTERIO%20DE%20CULTURA/Industrias%20Culturales%2025/JUSTIFICACION/datos_engira/08_JUSTIFICACION_ECONOMICA/CONTABILIDAD/GASTOS/3TR2025/SUMINISTROS/FACTURA_FMPVAGI0013315_25-07-2025.pdf,/Users/usuario/Desktop/PROFESIONAL/enGira/FINANCIACIÓN/SUBVENCIONES/MINISTERIO DE CULTURA/Industrias Culturales 25/JUSTIFICACION/datos_engira/08_JUSTIFICACION_ECONOMICA/CONTABILIDAD/GASTOS/3TR2025/SUMINISTROS/FACTURA_FMPVAGI0013315_25-07-2025.pdf,ACC-ADMINISTRACION-A0CC1B65E1,automatico,revisable,Fecha fuera del período de ejecución: 28-05-2025,Verificar que la fecha es correcta
INC-0100,DOC-89684BF10E10,fecha_fuera_periodo,media,FACTURA_FMPVAHI0010009_25-08-2025.pdf,file:///Users/usuario/Desktop/PROFESIONAL/enGira/FINANCIACIO%CC%81N/SUBVENCIONES/MINISTERIO%20DE%20CULTURA/Industrias%20Culturales%2025/JUSTIFICACION/datos_engira/08_JUSTIFICACION_ECONOMICA/CONTABILIDAD/GASTOS/3TR2025/SUMINISTROS/FACTURA_FMPVAHI0010009_25-08-2025.pdf,/Users/usuario/Desktop/PROFESIONAL/enGira/FINANCIACIÓN/SUBVENCIONES/MINISTERIO DE CULTURA/Industrias Culturales 25/JUSTIFICACION/datos_engira/08_JUSTIFICACION_ECONOMICA/CONTABILIDAD/GASTOS/3TR2025/SUMINISTROS/FACTURA_FMPVAHI0010009_25-08-2025.pdf,ACC-ADMINISTRACION-A0CC1B65E1,automatico,revisable,Fecha fuera del período de ejecución: 28-06-2025,Verificar que la fecha es correcta
INC-0101,DOC-B9D169A95F89,fecha_fuera_periodo,media,Factura_FMPVAII004XXXX.pdf,file:///Users/usuario/Desktop/PROFESIONAL/enGira/FINANCIACIO%CC%81N/SUBVENCIONES/MINISTERIO%20DE%20CULTURA/Industrias%20Culturales%2025/JUSTIFICACION/datos_engira/08_JUSTIFICACION_ECONOMICA/CONTABILIDAD/GASTOS/3TR2025/SUMINISTROS/Factura_FMPVAII004XXXX.pdf,/Users/usuario/Desktop/PROFESIONAL/enGira/FINANCIACIÓN/SUBVENCIONES/MINISTERIO DE CULTURA/Industrias Culturales 25/JUSTIFICACION/datos_engira/08_JUSTIFICACION_ECONOMICA/CONTABILIDAD/GASTOS/3TR2025/SUMINISTROS/Factura_FMPVAII004XXXX.pdf,ACC-ADMINISTRACION-A0CC1B65E1,automatico,revisable,Fecha fuera del período de ejecución: 28-07-2025,Verificar que la fecha es correcta
INC-0102,DOC-334A28E34561,fecha_fuera_periodo,media,Factura_FMPVAJI006XXXX.pdf,file:///Users/usuario/Desktop/PROFESIONAL/enGira/FINANCIACIO%CC%81N/SUBVENCIONES/MINISTERIO%20DE%20CULTURA/Industrias%20Culturales%2025/JUSTIFICACION/datos_engira/08_JUSTIFICACION_ECONOMICA/CONTABILIDAD/GASTOS/4TR2025/SUMINISTROS/Factura_FMPVAJI006XXXX.pdf,/Users/usuario/Desktop/PROFESIONAL/enGira/FINANCIACIÓN/SUBVENCIONES/MINISTERIO DE CULTURA/Industrias Culturales 25/JUSTIFICACION/datos_engira/08_JUSTIFICACION_ECONOMICA/CONTABILIDAD/GASTOS/4TR2025/SUMINISTROS/Factura_FMPVAJI006XXXX.pdf,ACC-ADMINISTRACION-A0CC1B65E1,automatico,revisable,Fecha fuera del período de ejecución: 28-08-2025,Verificar que la fecha es correcta
INC-0103,DOC-AF70091CF90E,fecha_fuera_periodo,media,Factura_FMPVAKI003XXXX.pdf,file:///Users/usuario/Desktop/PROFESIONAL/enGira/FINANCIACIO%CC%81N/SUBVENCIONES/MINISTERIO%20DE%20CULTURA/Industrias%20Culturales%2025/JUSTIFICACION/datos_engira/08_JUSTIFICACION_ECONOMICA/CONTABILIDAD/GASTOS/4TR2025/SUMINISTROS/Factura_FMPVAKI003XXXX.pdf,/Users/usuario/Desktop/PROFESIONAL/enGira/FINANCIACIÓN/SUBVENCIONES/MINISTERIO DE CULTURA/Industrias Culturales 25/JUSTIFICACION/datos_engira/08_JUSTIFICACION_ECONOMICA/CONTABILIDAD/GASTOS/4TR2025/SUMINISTROS/Factura_FMPVAKI003XXXX.pdf,ACC-ADMINISTRACION-A0CC1B65E1,automatico,revisable,Fecha fuera del período de ejecución: 28-09-2025,Verificar que la fecha es correcta
INC-0104,DOC-994D94B2104D,fecha_fuera_periodo,media,Factura_FMPVALI001XXXX.pdf,file:///Users/usuario/Desktop/PROFESIONAL/enGira/FINANCIACIO%CC%81N/SUBVENCIONES/MINISTERIO%20DE%20CULTURA/Industrias%20Culturales%2025/JUSTIFICACION/datos_engira/08_JUSTIFICACION_ECONOMICA/CONTABILIDAD/GASTOS/4TR2025/SUMINISTROS/Factura_FMPVALI001XXXX.pdf,/Users/usuario/Desktop/PROFESIONAL/enGira/FINANCIACIÓN/SUBVENCIONES/MINISTERIO DE CULTURA/Industrias Culturales 25/JUSTIFICACION/datos_engira/08_JUSTIFICACION_ECONOMICA/CONTABILIDAD/GASTOS/4TR2025/SUMINISTROS/Factura_FMPVALI001XXXX.pdf,ACC-ADMINISTRACION-A0CC1B65E1,automatico,revisable,Fecha fuera del período de ejecución: 28-10-2025,Verificar que la fecha es correcta
INC-0105,DOC-B7DBD8BC9698,fecha_fuera_periodo,media,Factura_FMPVAAJ001XXXX.pdf,file:///Users/usuario/Desktop/PROFESIONAL/enGira/FINANCIACIO%CC%81N/SUBVENCIONES/MINISTERIO%20DE%20CULTURA/Industrias%20Culturales%2025/JUSTIFICACION/datos_engira/08_JUSTIFICACION_ECONOMICA/CONTABILIDAD/GASTOS/1TR2026/SUMINISTROS/Factura_FMPVAAJ001XXXX.pdf,/Users/usuario/Desktop/PROFESIONAL/enGira/FINANCIACIÓN/SUBVENCIONES/MINISTERIO DE CULTURA/Industrias Culturales 25/JUSTIFICACION/datos_engira/08_JUSTIFICACION_ECONOMICA/CONTABILIDAD/GASTOS/1TR2026/SUMINISTROS/Factura_FMPVAAJ001XXXX.pdf,ACC-ADMINISTRACION-A0CC1B65E1,automatico,revisable,Fecha fuera del período de ejecución: 28-11-2025,Verificar que la fecha es correcta
INC-0106,DOC-1236A8D4E4AE,fecha_fuera_periodo,media,Factura_FMPVABJ005XXXX.pdf,file:///Users/usuario/Desktop/PROFESIONAL/enGira/FINANCIACIO%CC%81N/SUBVENCIONES/MINISTERIO%20DE%20CULTURA/Industrias%20Culturales%2025/JUSTIFICACION/datos_engira/08_JUSTIFICACION_ECONOMICA/CONTABILIDAD/GASTOS/1TR2026/SUMINISTROS/Factura_FMPVABJ005XXXX.pdf,/Users/usuario/Desktop/PROFESIONAL/enGira/FINANCIACIÓN/SUBVENCIONES/MINISTERIO DE CULTURA/Industrias Culturales 25/JUSTIFICACION/datos_engira/08_JUSTIFICACION_ECONOMICA/CONTABILIDAD/GASTOS/1TR2026/SUMINISTROS/Factura_FMPVABJ005XXXX.pdf,ACC-ADMINISTRACION-A0CC1B65E1,automatico,revisable,Fecha fuera del período de ejecución: 28-12-2025,Verificar que la fecha es correcta
INC-0107,DOC-684CB5478E2F,fecha_fuera_periodo,media,cos maria moral0925.pdf,file:///Users/usuario/Desktop/PROFESIONAL/enGira/FINANCIACIO%CC%81N/SUBVENCIONES/MINISTERIO%20DE%20CULTURA/Industrias%20Culturales%2025/JUSTIFICACION/datos_engira/08_JUSTIFICACION_ECONOMICA/CONTABILIDAD/GASTOS/3TR2025/SEGURIDAD%20SOCIAL/cos%20maria%20moral0925.pdf,/Users/usuario/Desktop/PROFESIONAL/enGira/FINANCIACIÓN/SUBVENCIONES/MINISTERIO DE CULTURA/Industrias Culturales 25/JUSTIFICACION/datos_engira/08_JUSTIFICACION_ECONOMICA/CONTABILIDAD/GASTOS/3TR2025/SEGURIDAD SOCIAL/cos maria moral0925.pdf,ACC-ADMINISTRACION-A0CC1B65E1,automatico,revisable,Fecha fuera del período de ejecución: 29/09/2025,Verificar que la fecha es correcta
INC-0108,DOC-F7C0B570468F,fecha_fuera_periodo,media,VJLVK4WVZN6U2846.pdf,file:///Users/usuario/Desktop/PROFESIONAL/enGira/FINANCIACIO%CC%81N/SUBVENCIONES/MINISTERIO%20DE%20CULTURA/Industrias%20Culturales%2025/JUSTIFICACION/datos_engira/08_JUSTIFICACION_ECONOMICA/CONTABILIDAD/GASTOS/3TR2025/COMERCIALIZACI%C3%93N/MERCARTES/TRANSPORTE/VJLVK4WVZN6U2846.pdf,/Users/usuario/Desktop/PROFESIONAL/enGira/FINANCIACIÓN/SUBVENCIONES/MINISTERIO DE CULTURA/Industrias Culturales 25/JUSTIFICACION/datos_engira/08_JUSTIFICACION_ECONOMICA/CONTABILIDAD/GASTOS/3TR2025/COMERCIALIZACIÓN/MERCARTES/TRANSPORTE/VJLVK4WVZN6U2846.pdf,ACC-ADMINISTRACION-A0CC1B65E1,automatico,revisable,Fecha fuera del período de ejecución: 30-09-2025,Verificar que la fecha es correcta
INC-0109,DOC-228011A36323,fecha_fuera_periodo,media,resoluci-n--de-concesi-n.pdf,file:///Users/usuario/Desktop/PROFESIONAL/enGira/FINANCIACIO%CC%81N/SUBVENCIONES/MINISTERIO%20DE%20CULTURA/Industrias%20Culturales%2025/JUSTIFICACION/datos_engira/00_BASES_Y_RESOLUCION/resoluci-n--de-concesi-n.pdf,/Users/usuario/Desktop/PROFESIONAL/enGira/FINANCIACIÓN/SUBVENCIONES/MINISTERIO DE CULTURA/Industrias Culturales 25/JUSTIFICACION/datos_engira/00_BASES_Y_RESOLUCION/resoluci-n--de-concesi-n.pdf,,,revisable,Fecha fuera del período de ejecución: 30/09/2025,Verificar que la fecha es correcta
INC-0110,DOC-F531CB5813E7,fecha_fuera_periodo,media,cos maria moral09-1025.pdf,file:///Users/usuario/Desktop/PROFESIONAL/enGira/FINANCIACIO%CC%81N/SUBVENCIONES/MINISTERIO%20DE%20CULTURA/Industrias%20Culturales%2025/JUSTIFICACION/datos_engira/08_JUSTIFICACION_ECONOMICA/CONTABILIDAD/GASTOS/4TR2025/NOMINAS/cos%20maria%20moral09-1025.pdf,/Users/usuario/Desktop/PROFESIONAL/enGira/FINANCIACIÓN/SUBVENCIONES/MINISTERIO DE CULTURA/Industrias Culturales 25/JUSTIFICACION/datos_engira/08_JUSTIFICACION_ECONOMICA/CONTABILIDAD/GASTOS/4TR2025/NOMINAS/cos maria moral09-1025.pdf,ACC-ADMINISTRACION-A0CC1B65E1,automatico,revisable,Fecha fuera del período de ejecución: 30/11/2025,Verificar que la fecha es correcta
INC-0111,,fecha_fuera_periodo,media,Acompañamiento semestral.pdf,,,,,documento_no_resuelto,Fecha fuera del período de ejecución: 31/12/2025,Verificar que la fecha es correcta
INC-0112,DOC-1655BF55581F,fecha_fuera_periodo,media,alvaro_caboalles.pdf,file:///Users/usuario/Desktop/PROFESIONAL/enGira/FINANCIACIO%CC%81N/SUBVENCIONES/MINISTERIO%20DE%20CULTURA/Industrias%20Culturales%2025/JUSTIFICACION/datos_engira/08_JUSTIFICACION_ECONOMICA/JUSTIFICANTES%20DE%20PAGO/alvaro_caboalles.pdf,/Users/usuario/Desktop/PROFESIONAL/enGira/FINANCIACIÓN/SUBVENCIONES/MINISTERIO DE CULTURA/Industrias Culturales 25/JUSTIFICACION/datos_engira/08_JUSTIFICACION_ECONOMICA/JUSTIFICANTES DE PAGO/alvaro_caboalles.pdf,,sin_vincular,sin_vincular,Fecha fuera del período de ejecución: 40-02-0201,Verificar que la fecha es correcta
INC-0113,DOC-A3A4C6F4628A,fecha_fuera_periodo,media,Justificante_paloma calle.pdf,file:///Users/usuario/Desktop/PROFESIONAL/enGira/FINANCIACIO%CC%81N/SUBVENCIONES/MINISTERIO%20DE%20CULTURA/Industrias%20Culturales%2025/JUSTIFICACION/datos_engira/08_JUSTIFICACION_ECONOMICA/JUSTIFICANTES%20DE%20PAGO/Justificante_paloma%20calle.pdf,/Users/usuario/Desktop/PROFESIONAL/enGira/FINANCIACIÓN/SUBVENCIONES/MINISTERIO DE CULTURA/Industrias Culturales 25/JUSTIFICACION/datos_engira/08_JUSTIFICACION_ECONOMICA/JUSTIFICANTES DE PAGO/Justificante_paloma calle.pdf,ACC-COMERCIALIZACION-8BC2ED0AC1,automatico,revisable,Fecha fuera del período de ejecución: 51-66-0201,Verificar que la fecha es correcta
INC-0114,DOC-1655BF55581F,fecha_fuera_periodo,media,alvaro_caboalles.pdf,file:///Users/usuario/Desktop/PROFESIONAL/enGira/FINANCIACIO%CC%81N/SUBVENCIONES/MINISTERIO%20DE%20CULTURA/Industrias%20Culturales%2025/JUSTIFICACION/datos_engira/08_JUSTIFICACION_ECONOMICA/JUSTIFICANTES%20DE%20PAGO/alvaro_caboalles.pdf,/Users/usuario/Desktop/PROFESIONAL/enGira/FINANCIACIÓN/SUBVENCIONES/MINISTERIO DE CULTURA/Industrias Culturales 25/JUSTIFICACION/datos_engira/08_JUSTIFICACION_ECONOMICA/JUSTIFICANTES DE PAGO/alvaro_caboalles.pdf,,sin_vincular,sin_vincular,Fecha fuera del período de ejecución: 5140-02-02,Verificar que la fecha es correcta
INC-0115,DOC-C5F9A63D2051,fecha_fuera_periodo,media,Justificante_operacion_211120250104897.pdf,file:///Users/usuario/Desktop/PROFESIONAL/enGira/FINANCIACIO%CC%81N/SUBVENCIONES/MINISTERIO%20DE%20CULTURA/Industrias%20Culturales%2025/JUSTIFICACION/datos_engira/08_JUSTIFICACION_ECONOMICA/JUSTIFICANTES%20DE%20PAGO/Justificante_operacion_211120250104897.pdf,/Users/usuario/Desktop/PROFESIONAL/enGira/FINANCIACIÓN/SUBVENCIONES/MINISTERIO DE CULTURA/Industrias Culturales 25/JUSTIFICACION/datos_engira/08_JUSTIFICACION_ECONOMICA/JUSTIFICANTES DE PAGO/Justificante_operacion_211120250104897.pdf,,sin_vincular,sin_vincular,Fecha fuera del período de ejecución: 7011-10-00,Verificar que la fecha es correcta
INC-0116,DOC-F3012A059EC6,fecha_fuera_periodo,media,MKT 50%.pdf,file:///Users/usuario/Desktop/PROFESIONAL/enGira/FINANCIACIO%CC%81N/SUBVENCIONES/MINISTERIO%20DE%20CULTURA/Industrias%20Culturales%2025/JUSTIFICACION/datos_engira/08_JUSTIFICACION_ECONOMICA/JUSTIFICANTES%20DE%20PAGO/MKT%2050%25.pdf,/Users/usuario/Desktop/PROFESIONAL/enGira/FINANCIACIÓN/SUBVENCIONES/MINISTERIO DE CULTURA/Industrias Culturales 25/JUSTIFICACION/datos_engira/08_JUSTIFICACION_ECONOMICA/JUSTIFICANTES DE PAGO/MKT 50%.pdf,,sin_vincular,sin_vincular,Fecha fuera del período de ejecución: 7115-11-00,Verificar que la fecha es correcta
INC-0117,DOC-74810D575331,fecha_fuera_periodo,media,Justificante_operacion_201220250038589.pdf,file:///Users/usuario/Desktop/PROFESIONAL/enGira/FINANCIACIO%CC%81N/SUBVENCIONES/MINISTERIO%20DE%20CULTURA/Industrias%20Culturales%2025/JUSTIFICACION/datos_engira/08_JUSTIFICACION_ECONOMICA/JUSTIFICANTES%20DE%20PAGO/Justificante_operacion_201220250038589.pdf,/Users/usuario/Desktop/PROFESIONAL/enGira/FINANCIACIÓN/SUBVENCIONES/MINISTERIO DE CULTURA/Industrias Culturales 25/JUSTIFICACION/datos_engira/08_JUSTIFICACION_ECONOMICA/JUSTIFICANTES DE PAGO/Justificante_operacion_201220250038589.pdf,ACC-GESTORIA-6F82F39FEF,automatico,revisable,Fecha fuera del período de ejecución: 76-81-0201,Verificar que la fecha es correcta
INC-0118,DOC-393D177306F8,fecha_fuera_periodo,media,Justificante_nómina_carles_septiembre.pdf,file:///Users/usuario/Desktop/PROFESIONAL/enGira/FINANCIACIO%CC%81N/SUBVENCIONES/MINISTERIO%20DE%20CULTURA/Industrias%20Culturales%2025/JUSTIFICACION/datos_engira/08_JUSTIFICACION_ECONOMICA/JUSTIFICANTES%20DE%20PAGO/Justificante_no%CC%81mina_carles_septiembre.pdf,/Users/usuario/Desktop/PROFESIONAL/enGira/FINANCIACIÓN/SUBVENCIONES/MINISTERIO DE CULTURA/Industrias Culturales 25/JUSTIFICACION/datos_engira/08_JUSTIFICACION_ECONOMICA/JUSTIFICANTES DE PAGO/Justificante_nómina_carles_septiembre.pdf,,sin_vincular,sin_vincular,Fecha fuera del período de ejecución: 8727-53-02,Verificar que la fecha es correcta
INC-0119,DOC-A3A4C6F4628A,fecha_fuera_periodo,media,Justificante_paloma calle.pdf,file:///Users/usuario/Desktop/PROFESIONAL/enGira/FINANCIACIO%CC%81N/SUBVENCIONES/MINISTERIO%20DE%20CULTURA/Industrias%20Culturales%2025/JUSTIFICACION/datos_engira/08_JUSTIFICACION_ECONOMICA/JUSTIFICANTES%20DE%20PAGO/Justificante_paloma%20calle.pdf,/Users/usuario/Desktop/PROFESIONAL/enGira/FINANCIACIÓN/SUBVENCIONES/MINISTERIO DE CULTURA/Industrias Culturales 25/JUSTIFICACION/datos_engira/08_JUSTIFICACION_ECONOMICA/JUSTIFICANTES DE PAGO/Justificante_paloma calle.pdf,ACC-COMERCIALIZACION-8BC2ED0AC1,automatico,revisable,Fecha fuera del período de ejecución: 9051-66-02,Verificar que la fecha es correcta
INC-0120,,documento_duplicado,baja,Acompañamiento semestral.pdf,,,,,documento_no_resuelto,Posible duplicado detectado,Verificar y eliminar si es necesario
INC-0121,,documento_duplicado,baja,Acompañamiento semestral.pdf,,,,,documento_no_resuelto,Posible duplicado detectado,Verificar y eliminar si es necesario
INC-0122,,documento_duplicado,baja,"ChatGPT Image 12 jun 2026, 11_08_20.png",,,,,documento_no_resuelto,Posible duplicado detectado,Verificar y eliminar si es necesario
INC-0123,,documento_duplicado,baja,"ChatGPT Image 12 jun 2026, 11_08_20.png",,,,,documento_no_resuelto,Posible duplicado detectado,Verificar y eliminar si es necesario
INC-0124,,documento_duplicado,baja,"ChatGPT Image 12 jun 2026, 10_40_02.png",,,,,documento_no_resuelto,Posible duplicado detectado,Verificar y eliminar si es necesario
INC-0125,,documento_duplicado,baja,"ChatGPT Image 12 jun 2026, 10_40_02.png",,,,,documento_no_resuelto,Posible duplicado detectado,Verificar y eliminar si es necesario
INC-0126,,documento_duplicado,baja,"ChatGPT Image 12 jun 2026, 11_45_24.png",,,,,documento_no_resuelto,Posible duplicado detectado,Verificar y eliminar si es necesario
INC-0127,,documento_duplicado,baja,"ChatGPT Image 12 jun 2026, 11_45_24.png",,,,,documento_no_resuelto,Posible duplicado detectado,Verificar y eliminar si es necesario
INC-0128,,documento_duplicado,baja,"ChatGPT Image 12 jun 2026, 11_45_30.png",,,,,documento_no_resuelto,Posible duplicado detectado,Verificar y eliminar si es necesario
INC-0129,,documento_duplicado,baja,"ChatGPT Image 12 jun 2026, 11_45_30.png",,,,,documento_no_resuelto,Posible duplicado detectado,Verificar y eliminar si es necesario
INC-0130,,documento_duplicado,baja,"ChatGPT Image 12 jun 2026, 11_35_46.png",,,,,documento_no_resuelto,Posible duplicado detectado,Verificar y eliminar si es necesario
INC-0131,,documento_duplicado,baja,"ChatGPT Image 12 jun 2026, 11_35_46.png",,,,,documento_no_resuelto,Posible duplicado detectado,Verificar y eliminar si es necesario
INC-0132,,documento_duplicado,baja,"ChatGPT Image 12 jun 2026, 11_31_08.png",,,,,documento_no_resuelto,Posible duplicado detectado,Verificar y eliminar si es necesario
INC-0133,,documento_duplicado,baja,"ChatGPT Image 12 jun 2026, 11_31_08.png",,,,,documento_no_resuelto,Posible duplicado detectado,Verificar y eliminar si es necesario
INC-0134,,documento_duplicado,baja,"ChatGPT Image 12 jun 2026, 10_55_11.png",,,,,documento_no_resuelto,Posible duplicado detectado,Verificar y eliminar si es necesario
INC-0135,,documento_duplicado,baja,"ChatGPT Image 12 jun 2026, 10_55_11.png",,,,,documento_no_resuelto,Posible duplicado detectado,Verificar y eliminar si es necesario
INC-0136,,documento_duplicado,baja,"ChatGPT Image 12 jun 2026, 10_28_39.png",,,,,documento_no_resuelto,Posible duplicado detectado,Verificar y eliminar si es necesario
INC-0137,,documento_duplicado,baja,"ChatGPT Image 12 jun 2026, 10_28_39.png",,,,,documento_no_resuelto,Posible duplicado detectado,Verificar y eliminar si es necesario
INC-0138,,documento_duplicado,baja,finiq. maria jose 311025.pdf,,,,,documento_no_resuelto,Posible duplicado detectado,Verificar y eliminar si es necesario
INC-0139,,documento_duplicado,baja,finiq. maria jose 311025.pdf,,,,,documento_no_resuelto,Posible duplicado detectado,Verificar y eliminar si es necesario
INC-0140,,documento_duplicado,baja,finiq. darlene 241125.pdf,,,,,documento_no_resuelto,Posible duplicado detectado,Verificar y eliminar si es necesario
INC-0141,,documento_duplicado,baja,finiq. darlene 241125.pdf,,,,,documento_no_resuelto,Posible duplicado detectado,Verificar y eliminar si es necesario
INC-0142,DOC-7BDF2C16D1BB,documento_duplicado,baja,03_Zeena_MKT_engira.pdf,file:///Users/usuario/Desktop/PROFESIONAL/enGira/FINANCIACIO%CC%81N/SUBVENCIONES/MINISTERIO%20DE%20CULTURA/Industrias%20Culturales%2025/JUSTIFICACION/datos_engira/08_JUSTIFICACION_ECONOMICA/CONTABILIDAD/GASTOS/2TR2026/MKT/03_Zeena_MKT_engira.pdf,/Users/usuario/Desktop/PROFESIONAL/enGira/FINANCIACIÓN/SUBVENCIONES/MINISTERIO DE CULTURA/Industrias Culturales 25/JUSTIFICACION/datos_engira/08_JUSTIFICACION_ECONOMICA/CONTABILIDAD/GASTOS/2TR2026/MKT/03_Zeena_MKT_engira.pdf,ACC-ADMINISTRACION-A0CC1B65E1,automatico,revisable,Posible duplicado detectado,Verificar y eliminar si es necesario
INC-0142,DOC-59B500DDE928,documento_duplicado,baja,04_Zeena_MKT_enGira.pdf,file:///Users/usuario/Desktop/PROFESIONAL/enGira/FINANCIACIO%CC%81N/SUBVENCIONES/MINISTERIO%20DE%20CULTURA/Industrias%20Culturales%2025/JUSTIFICACION/datos_engira/08_JUSTIFICACION_ECONOMICA/CONTABILIDAD/GASTOS/2TR2026/MKT/04_Zeena_MKT_enGira.pdf,/Users/usuario/Desktop/PROFESIONAL/enGira/FINANCIACIÓN/SUBVENCIONES/MINISTERIO DE CULTURA/Industrias Culturales 25/JUSTIFICACION/datos_engira/08_JUSTIFICACION_ECONOMICA/CONTABILIDAD/GASTOS/2TR2026/MKT/04_Zeena_MKT_enGira.pdf,ACC-ADMINISTRACION-A0CC1B65E1,automatico,revisable,Posible duplicado detectado,Verificar y eliminar si es necesario
INC-0143,DOC-7BDF2C16D1BB,documento_duplicado,baja,03_Zeena_MKT_engira.pdf,file:///Users/usuario/Desktop/PROFESIONAL/enGira/FINANCIACIO%CC%81N/SUBVENCIONES/MINISTERIO%20DE%20CULTURA/Industrias%20Culturales%2025/JUSTIFICACION/datos_engira/08_JUSTIFICACION_ECONOMICA/CONTABILIDAD/GASTOS/2TR2026/MKT/03_Zeena_MKT_engira.pdf,/Users/usuario/Desktop/PROFESIONAL/enGira/FINANCIACIÓN/SUBVENCIONES/MINISTERIO DE CULTURA/Industrias Culturales 25/JUSTIFICACION/datos_engira/08_JUSTIFICACION_ECONOMICA/CONTABILIDAD/GASTOS/2TR2026/MKT/03_Zeena_MKT_engira.pdf,ACC-ADMINISTRACION-A0CC1B65E1,automatico,revisable,Posible duplicado detectado,Verificar y eliminar si es necesario
INC-0143,DOC-59B500DDE928,documento_duplicado,baja,04_Zeena_MKT_enGira.pdf,file:///Users/usuario/Desktop/PROFESIONAL/enGira/FINANCIACIO%CC%81N/SUBVENCIONES/MINISTERIO%20DE%20CULTURA/Industrias%20Culturales%2025/JUSTIFICACION/datos_engira/08_JUSTIFICACION_ECONOMICA/CONTABILIDAD/GASTOS/2TR2026/MKT/04_Zeena_MKT_enGira.pdf,/Users/usuario/Desktop/PROFESIONAL/enGira/FINANCIACIÓN/SUBVENCIONES/MINISTERIO DE CULTURA/Industrias Culturales 25/JUSTIFICACION/datos_engira/08_JUSTIFICACION_ECONOMICA/CONTABILIDAD/GASTOS/2TR2026/MKT/04_Zeena_MKT_enGira.pdf,ACC-ADMINISTRACION-A0CC1B65E1,automatico,revisable,Posible duplicado detectado,Verificar y eliminar si es necesario
INC-0144,,documento_duplicado,baja,Factura_202512_02.pdf,,,,,documento_no_resuelto,Posible duplicado detectado,Verificar y eliminar si es necesario
INC-0145,,documento_duplicado,baja,Factura_202512_02.pdf,,,,,documento_no_resuelto,Posible duplicado detectado,Verificar y eliminar si es necesario
INC-0146,DOC-7EECEC54E7E6,importe_anomalo,baja,gestoria 2sem26.pdf,file:///Users/usuario/Desktop/PROFESIONAL/enGira/FINANCIACIO%CC%81N/SUBVENCIONES/MINISTERIO%20DE%20CULTURA/Industrias%20Culturales%2025/JUSTIFICACION/datos_engira/08_JUSTIFICACION_ECONOMICA/JUSTIFICANTES%20DE%20PAGO/gestoria%202sem26.pdf,/Users/usuario/Desktop/PROFESIONAL/enGira/FINANCIACIÓN/SUBVENCIONES/MINISTERIO DE CULTURA/Industrias Culturales 25/JUSTIFICACION/datos_engira/08_JUSTIFICACION_ECONOMICA/JUSTIFICANTES DE PAGO/gestoria 2sem26.pdf,ACC-GESTORIA-6F82F39FEF,automatico,revisable,Importe inusualmente alto: 7.0720260084836e+18€,Verificar la cantidad
INC-0147,DOC-1655BF55581F,importe_anomalo,baja,alvaro_caboalles.pdf,file:///Users/usuario/Desktop/PROFESIONAL/enGira/FINANCIACIO%CC%81N/SUBVENCIONES/MINISTERIO%20DE%20CULTURA/Industrias%20Culturales%2025/JUSTIFICACION/datos_engira/08_JUSTIFICACION_ECONOMICA/JUSTIFICANTES%20DE%20PAGO/alvaro_caboalles.pdf,/Users/usuario/Desktop/PROFESIONAL/enGira/FINANCIACIÓN/SUBVENCIONES/MINISTERIO DE CULTURA/Industrias Culturales 25/JUSTIFICACION/datos_engira/08_JUSTIFICACION_ECONOMICA/JUSTIFICANTES DE PAGO/alvaro_caboalles.pdf,,sin_vincular,sin_vincular,Importe inusualmente alto: 1.1062026015992e+19€,Verificar la cantidad
INC-0148,DOC-389FBF68D2E8,importe_anomalo,baja,QUOTANDA.pdf,file:///Users/usuario/Desktop/PROFESIONAL/enGira/FINANCIACIO%CC%81N/SUBVENCIONES/MINISTERIO%20DE%20CULTURA/Industrias%20Culturales%2025/JUSTIFICACION/datos_engira/08_JUSTIFICACION_ECONOMICA/JUSTIFICANTES%20DE%20PAGO/QUOTANDA.pdf,/Users/usuario/Desktop/PROFESIONAL/enGira/FINANCIACIÓN/SUBVENCIONES/MINISTERIO DE CULTURA/Industrias Culturales 25/JUSTIFICACION/datos_engira/08_JUSTIFICACION_ECONOMICA/JUSTIFICANTES DE PAGO/QUOTANDA.pdf,,sin_vincular,sin_vincular,Importe inusualmente alto: 1.20520260059678e+19€,Verificar la cantidad
INC-0149,DOC-A3A4C6F4628A,importe_anomalo,baja,Justificante_paloma calle.pdf,file:///Users/usuario/Desktop/PROFESIONAL/enGira/FINANCIACIO%CC%81N/SUBVENCIONES/MINISTERIO%20DE%20CULTURA/Industrias%20Culturales%2025/JUSTIFICACION/datos_engira/08_JUSTIFICACION_ECONOMICA/JUSTIFICANTES%20DE%20PAGO/Justificante_paloma%20calle.pdf,/Users/usuario/Desktop/PROFESIONAL/enGira/FINANCIACIÓN/SUBVENCIONES/MINISTERIO DE CULTURA/Industrias Culturales 25/JUSTIFICACION/datos_engira/08_JUSTIFICACION_ECONOMICA/JUSTIFICANTES DE PAGO/Justificante_paloma calle.pdf,ACC-COMERCIALIZACION-8BC2ED0AC1,automatico,revisable,Importe inusualmente alto: 1.21120250070843e+19€,Verificar la cantidad
INC-0150,DOC-3C00C564085D,importe_anomalo,baja,Justificante_operacion_151220250002633.pdf,file:///Users/usuario/Desktop/PROFESIONAL/enGira/FINANCIACIO%CC%81N/SUBVENCIONES/MINISTERIO%20DE%20CULTURA/Industrias%20Culturales%2025/JUSTIFICACION/datos_engira/08_JUSTIFICACION_ECONOMICA/JUSTIFICANTES%20DE%20PAGO/Justificante_operacion_151220250002633.pdf,/Users/usuario/Desktop/PROFESIONAL/enGira/FINANCIACIÓN/SUBVENCIONES/MINISTERIO DE CULTURA/Industrias Culturales 25/JUSTIFICACION/datos_engira/08_JUSTIFICACION_ECONOMICA/JUSTIFICANTES DE PAGO/Justificante_operacion_151220250002633.pdf,,sin_vincular,sin_vincular,Importe inusualmente alto: 1.51220250002633e+19€,Verificar la cantidad
INC-0151,DOC-527B5B6E3E50,importe_anomalo,baja,Justificante_operacion_161220250060976.pdf,file:///Users/usuario/Desktop/PROFESIONAL/enGira/FINANCIACIO%CC%81N/SUBVENCIONES/MINISTERIO%20DE%20CULTURA/Industrias%20Culturales%2025/JUSTIFICACION/datos_engira/08_JUSTIFICACION_ECONOMICA/JUSTIFICANTES%20DE%20PAGO/Justificante_operacion_161220250060976.pdf,/Users/usuario/Desktop/PROFESIONAL/enGira/FINANCIACIÓN/SUBVENCIONES/MINISTERIO DE CULTURA/Industrias Culturales 25/JUSTIFICACION/datos_engira/08_JUSTIFICACION_ECONOMICA/JUSTIFICANTES DE PAGO/Justificante_operacion_161220250060976.pdf,ACC-COMERCIALIZACION-396ABB13E0,pendiente_revision,revisar_vinculo,Importe inusualmente alto: 1.61220250060976e+19€,Verificar la cantidad
INC-0152,DOC-0CDA1BA7298B,importe_anomalo,baja,Justificante_operacion_201220250038229.pdf,file:///Users/usuario/Desktop/PROFESIONAL/enGira/FINANCIACIO%CC%81N/SUBVENCIONES/MINISTERIO%20DE%20CULTURA/Industrias%20Culturales%2025/JUSTIFICACION/datos_engira/08_JUSTIFICACION_ECONOMICA/JUSTIFICANTES%20DE%20PAGO/Justificante_operacion_201220250038229.pdf,/Users/usuario/Desktop/PROFESIONAL/enGira/FINANCIACIÓN/SUBVENCIONES/MINISTERIO DE CULTURA/Industrias Culturales 25/JUSTIFICACION/datos_engira/08_JUSTIFICACION_ECONOMICA/JUSTIFICANTES DE PAGO/Justificante_operacion_201220250038229.pdf,ACC-GESTORIA-6F82F39FEF,automatico,revisable,Importe inusualmente alto: 2.01220250038229e+19€,Verificar la cantidad
INC-0153,DOC-74810D575331,importe_anomalo,baja,Justificante_operacion_201220250038589.pdf,file:///Users/usuario/Desktop/PROFESIONAL/enGira/FINANCIACIO%CC%81N/SUBVENCIONES/MINISTERIO%20DE%20CULTURA/Industrias%20Culturales%2025/JUSTIFICACION/datos_engira/08_JUSTIFICACION_ECONOMICA/JUSTIFICANTES%20DE%20PAGO/Justificante_operacion_201220250038589.pdf,/Users/usuario/Desktop/PROFESIONAL/enGira/FINANCIACIÓN/SUBVENCIONES/MINISTERIO DE CULTURA/Industrias Culturales 25/JUSTIFICACION/datos_engira/08_JUSTIFICACION_ECONOMICA/JUSTIFICANTES DE PAGO/Justificante_operacion_201220250038589.pdf,ACC-GESTORIA-6F82F39FEF,automatico,revisable,Importe inusualmente alto: 2.01220250038589e+19€,Verificar la cantidad
INC-0154,DOC-C5F9A63D2051,importe_anomalo,baja,Justificante_operacion_211120250104897.pdf,file:///Users/usuario/Desktop/PROFESIONAL/enGira/FINANCIACIO%CC%81N/SUBVENCIONES/MINISTERIO%20DE%20CULTURA/Industrias%20Culturales%2025/JUSTIFICACION/datos_engira/08_JUSTIFICACION_ECONOMICA/JUSTIFICANTES%20DE%20PAGO/Justificante_operacion_211120250104897.pdf,/Users/usuario/Desktop/PROFESIONAL/enGira/FINANCIACIÓN/SUBVENCIONES/MINISTERIO DE CULTURA/Industrias Culturales 25/JUSTIFICACION/datos_engira/08_JUSTIFICACION_ECONOMICA/JUSTIFICANTES DE PAGO/Justificante_operacion_211120250104897.pdf,,sin_vincular,sin_vincular,Importe inusualmente alto: 2.11120250104897e+19€,Verificar la cantidad
INC-0155,DOC-F3012A059EC6,importe_anomalo,baja,MKT 50%.pdf,file:///Users/usuario/Desktop/PROFESIONAL/enGira/FINANCIACIO%CC%81N/SUBVENCIONES/MINISTERIO%20DE%20CULTURA/Industrias%20Culturales%2025/JUSTIFICACION/datos_engira/08_JUSTIFICACION_ECONOMICA/JUSTIFICANTES%20DE%20PAGO/MKT%2050%25.pdf,/Users/usuario/Desktop/PROFESIONAL/enGira/FINANCIACIÓN/SUBVENCIONES/MINISTERIO DE CULTURA/Industrias Culturales 25/JUSTIFICACION/datos_engira/08_JUSTIFICACION_ECONOMICA/JUSTIFICANTES DE PAGO/MKT 50%.pdf,,sin_vincular,sin_vincular,Importe inusualmente alto: 2.20620260284927e+19€,Verificar la cantidad
INC-0156,DOC-C29F06C5E3F7,importe_anomalo,baja,Justificante pago Darlene.pdf,file:///Users/usuario/Desktop/PROFESIONAL/enGira/FINANCIACIO%CC%81N/SUBVENCIONES/MINISTERIO%20DE%20CULTURA/Industrias%20Culturales%2025/JUSTIFICACION/datos_engira/08_JUSTIFICACION_ECONOMICA/JUSTIFICANTES%20DE%20PAGO/Justificante%20pago%20Darlene.pdf,/Users/usuario/Desktop/PROFESIONAL/enGira/FINANCIACIÓN/SUBVENCIONES/MINISTERIO DE CULTURA/Industrias Culturales 25/JUSTIFICACION/datos_engira/08_JUSTIFICACION_ECONOMICA/JUSTIFICANTES DE PAGO/Justificante pago Darlene.pdf,,sin_vincular,sin_vincular,Importe inusualmente alto: 2.51120250112885e+19€,Verificar la cantidad
INC-0157,DOC-112F3941B329,importe_anomalo,baja,porfinlunes_dossier.pdf,file:///Users/usuario/Desktop/PROFESIONAL/enGira/FINANCIACIO%CC%81N/SUBVENCIONES/MINISTERIO%20DE%20CULTURA/Industrias%20Culturales%2025/JUSTIFICACION/datos_engira/08_JUSTIFICACION_ECONOMICA/JUSTIFICANTES%20DE%20PAGO/porfinlunes_dossier.pdf,/Users/usuario/Desktop/PROFESIONAL/enGira/FINANCIACIÓN/SUBVENCIONES/MINISTERIO DE CULTURA/Industrias Culturales 25/JUSTIFICACION/datos_engira/08_JUSTIFICACION_ECONOMICA/JUSTIFICANTES DE PAGO/porfinlunes_dossier.pdf,,sin_vincular,sin_vincular,Importe inusualmente alto: 2.60120260083924e+19€,Verificar la cantidad
INC-0158,DOC-B47B5DF1E5E7,importe_anomalo,baja,Justificante_operacion_270220260145618.pdf,file:///Users/usuario/Desktop/PROFESIONAL/enGira/FINANCIACIO%CC%81N/SUBVENCIONES/MINISTERIO%20DE%20CULTURA/Industrias%20Culturales%2025/JUSTIFICACION/datos_engira/08_JUSTIFICACION_ECONOMICA/JUSTIFICANTES%20DE%20PAGO/Justificante_operacion_270220260145618.pdf,/Users/usuario/Desktop/PROFESIONAL/enGira/FINANCIACIÓN/SUBVENCIONES/MINISTERIO DE CULTURA/Industrias Culturales 25/JUSTIFICACION/datos_engira/08_JUSTIFICACION_ECONOMICA/JUSTIFICANTES DE PAGO/Justificante_operacion_270220260145618.pdf,,sin_vincular,sin_vincular,Importe inusualmente alto: 2.70220260145618e+19€,Verificar la cantidad
INC-0159,DOC-F8F627DFAB64,importe_anomalo,baja,justificante_stand_mercartes.pdf,file:///Users/usuario/Desktop/PROFESIONAL/enGira/FINANCIACIO%CC%81N/SUBVENCIONES/MINISTERIO%20DE%20CULTURA/Industrias%20Culturales%2025/JUSTIFICACION/datos_engira/08_JUSTIFICACION_ECONOMICA/JUSTIFICANTES%20DE%20PAGO/justificante_stand_mercartes.pdf,/Users/usuario/Desktop/PROFESIONAL/enGira/FINANCIACIÓN/SUBVENCIONES/MINISTERIO DE CULTURA/Industrias Culturales 25/JUSTIFICACION/datos_engira/08_JUSTIFICACION_ECONOMICA/JUSTIFICANTES DE PAGO/justificante_stand_mercartes.pdf,ACC-COMERCIALIZACION-8BC2ED0AC1,automatico,revisable,Importe inusualmente alto: 2.90820250147926e+19€,Verificar la cantidad
INC-0160,DOC-393D177306F8,importe_anomalo,baja,Justificante_nómina_carles_septiembre.pdf,file:///Users/usuario/Desktop/PROFESIONAL/enGira/FINANCIACIO%CC%81N/SUBVENCIONES/MINISTERIO%20DE%20CULTURA/Industrias%20Culturales%2025/JUSTIFICACION/datos_engira/08_JUSTIFICACION_ECONOMICA/JUSTIFICANTES%20DE%20PAGO/Justificante_no%CC%81mina_carles_septiembre.pdf,/Users/usuario/Desktop/PROFESIONAL/enGira/FINANCIACIÓN/SUBVENCIONES/MINISTERIO DE CULTURA/Industrias Culturales 25/JUSTIFICACION/datos_engira/08_JUSTIFICACION_ECONOMICA/JUSTIFICANTES DE PAGO/Justificante_nómina_carles_septiembre.pdf,,sin_vincular,sin_vincular,Importe inusualmente alto: 2.9092025038857e+19€,Verificar la cantidad
INC-0161,DOC-E4434E1A5E2C,importe_anomalo,baja,Justificante_operacion_291220250084483.pdf,file:///Users/usuario/Desktop/PROFESIONAL/enGira/FINANCIACIO%CC%81N/SUBVENCIONES/MINISTERIO%20DE%20CULTURA/Industrias%20Culturales%2025/JUSTIFICACION/datos_engira/08_JUSTIFICACION_ECONOMICA/JUSTIFICANTES%20DE%20PAGO/Justificante_operacion_291220250084483.pdf,/Users/usuario/Desktop/PROFESIONAL/enGira/FINANCIACIÓN/SUBVENCIONES/MINISTERIO DE CULTURA/Industrias Culturales 25/JUSTIFICACION/datos_engira/08_JUSTIFICACION_ECONOMICA/JUSTIFICANTES DE PAGO/Justificante_operacion_291220250084483.pdf,,sin_vincular,sin_vincular,Importe inusualmente alto: 2.91220250084483e+19€,Verificar la cantidad
INC-0162,DOC-5F112550AB86,importe_anomalo,baja,Justificante_operacion_291220250085625.pdf,file:///Users/usuario/Desktop/PROFESIONAL/enGira/FINANCIACIO%CC%81N/SUBVENCIONES/MINISTERIO%20DE%20CULTURA/Industrias%20Culturales%2025/JUSTIFICACION/datos_engira/08_JUSTIFICACION_ECONOMICA/JUSTIFICANTES%20DE%20PAGO/Justificante_operacion_291220250085625.pdf,/Users/usuario/Desktop/PROFESIONAL/enGira/FINANCIACIÓN/SUBVENCIONES/MINISTERIO DE CULTURA/Industrias Culturales 25/JUSTIFICACION/datos_engira/08_JUSTIFICACION_ECONOMICA/JUSTIFICANTES DE PAGO/Justificante_operacion_291220250085625.pdf,ACC-SOPORTE-TECNICO-Y--68F07784A8,pendiente_revision,revisar_vinculo,Importe inusualmente alto: 2.91220250085625e+19€,Verificar la cantidad
INC-0163,,vinculo_evidencia_pendiente,media,02_ACTIVIDADES_REALIZADAS/Servicios enGira!.pdf,,,,,documento_no_resuelto,El vínculo entre evidencia y actuación aprobada requiere revisión humana.,Confirmar o corregir la actuación asociada.
INC-0164,,vinculo_evidencia_pendiente,media,02_ACTIVIDADES_REALIZADAS/dossier_patrocinio.pdf,,,,,documento_no_resuelto,El vínculo entre evidencia y actuación aprobada requiere revisión humana.,Confirmar o corregir la actuación asociada.
INC-0165,,vinculo_evidencia_pendiente,media,02_ACTIVIDADES_REALIZADAS/PROGRAMAS DE ACOMPAÑAMIENTO/Acompañamiento semestral.pdf,,,,,documento_no_resuelto,El vínculo entre evidencia y actuación aprobada requiere revisión humana.,Confirmar o corregir la actuación asociada.
INC-0166,,vinculo_evidencia_pendiente,media,02_ACTIVIDADES_REALIZADAS/PROGRAMAS DE ACOMPAÑAMIENTO/Las Teatrísimas/Campaña_posicionamiento_LasTeatrísimas.pdf,,,,,documento_no_resuelto,El vínculo entre evidencia y actuación aprobada requiere revisión humana.,Confirmar o corregir la actuación asociada.
INC-0167,,vinculo_evidencia_pendiente,media,02_ACTIVIDADES_REALIZADAS/PROGRAMAS DE ACOMPAÑAMIENTO/Las Teatrísimas/Informe_sesion1_LasTeatrisimas.pdf,,,,,documento_no_resuelto,El vínculo entre evidencia y actuación aprobada requiere revisión humana.,Confirmar o corregir la actuación asociada.
INC-0168,,vinculo_evidencia_pendiente,media,02_ACTIVIDADES_REALIZADAS/PROGRAMAS DE ACOMPAÑAMIENTO/Las Teatrísimas/DIART - programa de acompañamiento - 1a sesion.docx,,,,,documento_no_resuelto,El vínculo entre evidencia y actuación aprobada requiere revisión humana.,Confirmar o corregir la actuación asociada.
INC-0169,,vinculo_evidencia_pendiente,media,02_ACTIVIDADES_REALIZADAS/PROGRAMAS DE ACOMPAÑAMIENTO/Las Teatrísimas/210_dossier_2056391700.pdf,,,,,documento_no_resuelto,El vínculo entre evidencia y actuación aprobada requiere revisión humana.,Confirmar o corregir la actuación asociada.
INC-0170,,vinculo_evidencia_pendiente,media,02_ACTIVIDADES_REALIZADAS/PROGRAMAS DE ACOMPAÑAMIENTO/entregables/plantilla_email_distribucion.docx,,,,,documento_no_resuelto,El vínculo entre evidencia y actuación aprobada requiere revisión humana.,Confirmar o corregir la actuación asociada.
INC-0171,,vinculo_evidencia_pendiente,media,02_ACTIVIDADES_REALIZADAS/PROGRAMAS DE ACOMPAÑAMIENTO/entregables/modelo_mail_comision_RED_CAM.docx,,,,,documento_no_resuelto,El vínculo entre evidencia y actuación aprobada requiere revisión humana.,Confirmar o corregir la actuación asociada.
INC-0172,,vinculo_evidencia_pendiente,media,02_ACTIVIDADES_REALIZADAS/PROGRAMAS DE ACOMPAÑAMIENTO/DiArt/escenarios_de_venta.docx,,,,,documento_no_resuelto,El vínculo entre evidencia y actuación aprobada requiere revisión humana.,Confirmar o corregir la actuación asociada.
INC-0173,,vinculo_evidencia_pendiente,media,02_ACTIVIDADES_REALIZADAS/PROGRAMAS DE ACOMPAÑAMIENTO/DiArt/DiArt_sesion2_programa de acompañamiento .pdf,,,,,documento_no_resuelto,El vínculo entre evidencia y actuación aprobada requiere revisión humana.,Confirmar o corregir la actuación asociada.
INC-0174,,vinculo_evidencia_pendiente,media,02_ACTIVIDADES_REALIZADAS/PROGRAMAS DE ACOMPAÑAMIENTO/DiArt/comisionprograma.pdf,,,,,documento_no_resuelto,El vínculo entre evidencia y actuación aprobada requiere revisión humana.,Confirmar o corregir la actuación asociada.
INC-0175,,vinculo_evidencia_pendiente,media,02_ACTIVIDADES_REALIZADAS/PROGRAMAS DE ACOMPAÑAMIENTO/DiArt/DIART - programa de acompañamiento - 1a sesion.pdf,,,,,documento_no_resuelto,El vínculo entre evidencia y actuación aprobada requiere revisión humana.,Confirmar o corregir la actuación asociada.
INC-0176,,vinculo_evidencia_pendiente,media,02_ACTIVIDADES_REALIZADAS/PROGRAMAS DE ACOMPAÑAMIENTO/Info/Acompañamiento semestral.pdf,,,,,documento_no_resuelto,El vínculo entre evidencia y actuación aprobada requiere revisión humana.,Confirmar o corregir la actuación asociada.
INC-0177,,vinculo_evidencia_pendiente,media,02_ACTIVIDADES_REALIZADAS/PROGRAMAS DE ACOMPAÑAMIENTO/Info/Espacios colaboradores.xlsx,,,,,documento_no_resuelto,El vínculo entre evidencia y actuación aprobada requiere revisión humana.,Confirmar o corregir la actuación asociada.
INC-0178,,vinculo_evidencia_pendiente,media,02_ACTIVIDADES_REALIZADAS/PROGRAMAS DE ACOMPAÑAMIENTO/Info/Borrador e-mail.docx,,,,,documento_no_resuelto,El vínculo entre evidencia y actuación aprobada requiere revisión humana.,Confirmar o corregir la actuación asociada.
INC-0179,,vinculo_evidencia_pendiente,media,02_ACTIVIDADES_REALIZADAS/PROGRAMAS DE ACOMPAÑAMIENTO/Info/PLANTILLA E-MAIL FUNCIONAMIENTO PROGRAMA.docx,,,,,documento_no_resuelto,El vínculo entre evidencia y actuación aprobada requiere revisión humana.,Confirmar o corregir la actuación asociada.
INC-0180,,vinculo_evidencia_pendiente,media,02_ACTIVIDADES_REALIZADAS/PROGRAMAS DE ACOMPAÑAMIENTO/Info/PLANTILLA E-MAIL FUNCIONAMIENTO PROGRAMA.pages,,,,,documento_no_resuelto,El vínculo entre evidencia y actuación aprobada requiere revisión humana.,Confirmar o corregir la actuación asociada.
INC-0181,,vinculo_evidencia_pendiente,media,02_ACTIVIDADES_REALIZADAS/PROGRAMAS DE ACOMPAÑAMIENTO/LaPeraDelOlmo/LaPeraDelOlmo_sesion3_programa_acompañamiento.pdf,,,,,documento_no_resuelto,El vínculo entre evidencia y actuación aprobada requiere revisión humana.,Confirmar o corregir la actuación asociada.
INC-0182,,vinculo_evidencia_pendiente,media,02_ACTIVIDADES_REALIZADAS/PROGRAMAS DE ACOMPAÑAMIENTO/LaPeraDelOlmo/LaPeraDelOlmo_sesion1_programa_acompañamiento.pdf,,,,,documento_no_resuelto,El vínculo entre evidencia y actuación aprobada requiere revisión humana.,Confirmar o corregir la actuación asociada.
INC-0183,,vinculo_evidencia_pendiente,media,02_ACTIVIDADES_REALIZADAS/PROGRAMAS DE ACOMPAÑAMIENTO/Info/IMPRESIONES Y PAISAJES/BIBILIOGRAFÍA.docx,,,,,documento_no_resuelto,El vínculo entre evidencia y actuación aprobada requiere revisión humana.,Confirmar o corregir la actuación asociada.
INC-0184,,vinculo_evidencia_pendiente,media,02_ACTIVIDADES_REALIZADAS/PROGRAMAS DE ACOMPAÑAMIENTO/entregables/subvencion_a_gira_2026/Resumen_bases.pdf,,,,,documento_no_resuelto,El vínculo entre evidencia y actuación aprobada requiere revisión humana.,Confirmar o corregir la actuación asociada.
INC-0185,,vinculo_evidencia_pendiente,media,02_ACTIVIDADES_REALIZADAS/PROGRAMAS DE ACOMPAÑAMIENTO/entregables/subvencion_a_gira_2026/bases_ayudas_a_gira.pdf,,,,,documento_no_resuelto,El vínculo entre evidencia y actuación aprobada requiere revisión humana.,Confirmar o corregir la actuación asociada.
INC-0186,,vinculo_evidencia_pendiente,media,02_ACTIVIDADES_REALIZADAS/WEBINARS/26-11/Presentación enGira!.pdf,,,,,documento_no_resuelto,El vínculo entre evidencia y actuación aprobada requiere revisión humana.,Confirmar o corregir la actuación asociada.
INC-0187,,vinculo_evidencia_pendiente,media,04_COMUNICACION_Y_DIFUSION/creacion_contenido/investigacion/enGira! - Artículo 01 Datos y Gestión Cultural.pdf,,,,,documento_no_resuelto,El vínculo entre evidencia y actuación aprobada requiere revisión humana.,Confirmar o corregir la actuación asociada.
INC-0188,,vinculo_evidencia_pendiente,media,05_PARTICIPANTES_Y_COLABORADORES/contrato zeena_signed_signed.pdf,,,,,documento_no_resuelto,El vínculo entre evidencia y actuación aprobada requiere revisión humana.,Confirmar o corregir la actuación asociada.
INC-0189,,vinculo_evidencia_pendiente,media,05_PARTICIPANTES_Y_COLABORADORES/20251104152200_210.pdf,,,,,documento_no_resuelto,El vínculo entre evidencia y actuación aprobada requiere revisión humana.,Confirmar o corregir la actuación asociada.
INC-0190,,vinculo_evidencia_pendiente,media,05_PARTICIPANTES_Y_COLABORADORES/contrato_carles_firmado.pdf,,,,,documento_no_resuelto,El vínculo entre evidencia y actuación aprobada requiere revisión humana.,Confirmar o corregir la actuación asociada.
INC-0191,,vinculo_evidencia_pendiente,media,05_PARTICIPANTES_Y_COLABORADORES/CONTRATO_PRESTADOR_SERVICIOS_FIRMADO_MARIA JOSE MORAL.pdf,,,,,documento_no_resuelto,El vínculo entre evidencia y actuación aprobada requiere revisión humana.,Confirmar o corregir la actuación asociada.
INC-0192,,vinculo_evidencia_pendiente,media,05_PARTICIPANTES_Y_COLABORADORES/redespidotrabajador/recibo finiq. maria jose 311025.pdf,,,,,documento_no_resuelto,El vínculo entre evidencia y actuación aprobada requiere revisión humana.,Confirmar o corregir la actuación asociada.
INC-0193,,vinculo_evidencia_pendiente,media,05_PARTICIPANTES_Y_COLABORADORES/redespidotrabajador/finiq. maria jose 311025.pdf,,,,,documento_no_resuelto,El vínculo entre evidencia y actuación aprobada requiere revisión humana.,Confirmar o corregir la actuación asociada.
INC-0194,,vinculo_evidencia_pendiente,media,05_PARTICIPANTES_Y_COLABORADORES/rebajanuevaempleadaautnoma/recibo finiq. darlene 241125.pdf,,,,,documento_no_resuelto,El vínculo entre evidencia y actuación aprobada requiere revisión humana.,Confirmar o corregir la actuación asociada.
INC-0195,,vinculo_evidencia_pendiente,media,05_PARTICIPANTES_Y_COLABORADORES/rebajanuevaempleadaautnoma/finiq. darlene 241125.pdf,,,,,documento_no_resuelto,El vínculo entre evidencia y actuación aprobada requiere revisión humana.,Confirmar o corregir la actuación asociada.
INC-0196,,vinculo_evidencia_pendiente,media,05_PARTICIPANTES_Y_COLABORADORES/NÓMINAS/Copia de NOM_CARLES_HARILLO_signed.pdf,,,,,documento_no_resuelto,El vínculo entre evidencia y actuación aprobada requiere revisión humana.,Confirmar o corregir la actuación asociada.
INC-0197,,vinculo_evidencia_pendiente,media,06_DESARROLLO_PLATAFORMA/SEO/3.2736.-Maria-Artes-Escenicas-DISP-SIN-IVA_2025_11_01.pdf,,,,,documento_no_resuelto,El vínculo entre evidencia y actuación aprobada requiere revisión humana.,Confirmar o corregir la actuación asociada.
INC-0198,,vinculo_evidencia_pendiente,media,06_DESARROLLO_PLATAFORMA/SEO/3.2736.-Maria-Artes-Escenicas-DISP-SIN-IVA_2026_02_01.pdf,,,,,documento_no_resuelto,El vínculo entre evidencia y actuación aprobada requiere revisión humana.,Confirmar o corregir la actuación asociada.
INC-0199,,vinculo_evidencia_pendiente,media,06_DESARROLLO_PLATAFORMA/SEO/mpE_C6GGUgR7ow3P7hDAqKrZCdxvjCajFoM+YNnH2Fw=.pdf,,,,,documento_no_resuelto,El vínculo entre evidencia y actuación aprobada requiere revisión humana.,Confirmar o corregir la actuación asociada.
INC-0200,,vinculo_evidencia_pendiente,media,06_DESARROLLO_PLATAFORMA/SEO/Implementación - Engina art.docx,,,,,documento_no_resuelto,El vínculo entre evidencia y actuación aprobada requiere revisión humana.,Confirmar o corregir la actuación asociada.
INC-0201,,vinculo_evidencia_pendiente,media,06_DESARROLLO_PLATAFORMA/SEO/reportes/3.2736.-Maria-Artes-Escenicas-DISP-SIN-IVA_2025_03_03.pdf,,,,,documento_no_resuelto,El vínculo entre evidencia y actuación aprobada requiere revisión humana.,Confirmar o corregir la actuación asociada.
INC-0202,,vinculo_evidencia_pendiente,media,06_DESARROLLO_PLATAFORMA/SEO/reportes/3.2736.-Maria-Artes-Escenicas-DISP-SIN-IVA_2025_07_03.pdf,,,,,documento_no_resuelto,El vínculo entre evidencia y actuación aprobada requiere revisión humana.,Confirmar o corregir la actuación asociada.
INC-0203,,vinculo_evidencia_pendiente,media,06_DESARROLLO_PLATAFORMA/SEO/reportes/3.2736.-Maria-Artes-Escenicas-DISP-SIN-IVA_2025_10_07.pdf,,,,,documento_no_resuelto,El vínculo entre evidencia y actuación aprobada requiere revisión humana.,Confirmar o corregir la actuación asociada.
INC-0204,,vinculo_evidencia_pendiente,media,06_DESARROLLO_PLATAFORMA/SEO/reportes/3.2736.-Maria-Artes-Escenicas-DISP-SIN-IVA_2025_02_03.pdf,,,,,documento_no_resuelto,El vínculo entre evidencia y actuación aprobada requiere revisión humana.,Confirmar o corregir la actuación asociada.
INC-0205,,vinculo_evidencia_pendiente,media,06_DESARROLLO_PLATAFORMA/SEO/reportes/3.2736.-Maria-Artes-Escenicas-DISP-SIN-IVA_2025_09_09.pdf,,,,,documento_no_resuelto,El vínculo entre evidencia y actuación aprobada requiere revisión humana.,Confirmar o corregir la actuación asociada.
INC-0206,,vinculo_evidencia_pendiente,media,06_DESARROLLO_PLATAFORMA/SEO/reportes/3.2736.-Maria-Artes-Escenicas-DISP-SIN-IVA_2025_06_03.pdf,,,,,documento_no_resuelto,El vínculo entre evidencia y actuación aprobada requiere revisión humana.,Confirmar o corregir la actuación asociada.
INC-0207,,vinculo_evidencia_pendiente,media,06_DESARROLLO_PLATAFORMA/SEO/reportes/3.2736.-Maria-Artes-Escenicas-DISP-SIN-IVA_2025_04_03.pdf,,,,,documento_no_resuelto,El vínculo entre evidencia y actuación aprobada requiere revisión humana.,Confirmar o corregir la actuación asociada.
INC-0208,,vinculo_evidencia_pendiente,media,08_JUSTIFICACION_ECONOMICA/INSTRUCCIONES_JUSTIFICACION/manual-para-la-justificaci-n.pdf,,,,,documento_no_resuelto,El vínculo entre evidencia y actuación aprobada requiere revisión humana.,Confirmar o corregir la actuación asociada.
INC-0209,,vinculo_evidencia_pendiente,media,08_JUSTIFICACION_ECONOMICA/INSTRUCCIONES_JUSTIFICACION/instrucciones-para-la-justificaci-n-innovaci-n-2025.pdf,,,,,documento_no_resuelto,El vínculo entre evidencia y actuación aprobada requiere revisión humana.,Confirmar o corregir la actuación asociada.
INC-0210,,vinculo_evidencia_pendiente,media,08_JUSTIFICACION_ECONOMICA/JUSTIFICANTES DE PAGO/72121899-f19f-4963-bce2-a525b5ac25be.pdf,,,,,documento_no_resuelto,El vínculo entre evidencia y actuación aprobada requiere revisión humana.,Confirmar o corregir la actuación asociada.
INC-0211,,vinculo_evidencia_pendiente,media,08_JUSTIFICACION_ECONOMICA/JUSTIFICANTES DE PAGO/Justificante_operacion_291220250085625.pdf,,,,,documento_no_resuelto,El vínculo entre evidencia y actuación aprobada requiere revisión humana.,Confirmar o corregir la actuación asociada.
INC-0212,,vinculo_evidencia_pendiente,media,08_JUSTIFICACION_ECONOMICA/JUSTIFICANTES DE PAGO/Justificante_operacion_161220250060976.pdf,,,,,documento_no_resuelto,El vínculo entre evidencia y actuación aprobada requiere revisión humana.,Confirmar o corregir la actuación asociada.
INC-0213,,accion_sin_evidencia_vinculada,media,No asociado a un documento,,,,,documento_no_resuelto,No hay evidencia vinculada a la acción aprobada 'Sistema para destacar espectáculos de agentes colaboradores'.,Aportar evidencia o documentar la no ejecución.
INC-0214,,accion_sin_evidencia_vinculada,media,No asociado a un documento,,,,,documento_no_resuelto,No hay evidencia vinculada a la acción aprobada 'Mejora de diseño Responsive'.,Aportar evidencia o documentar la no ejecución.
INC-0215,,accion_sin_evidencia_vinculada,media,No asociado a un documento,,,,,documento_no_resuelto,No hay evidencia vinculada a la acción aprobada 'Acuerdos comerciales con asociaciones de artistas y creadores escénicos'.,Aportar evidencia o documentar la no ejecución.
INC-0216,,accion_sin_evidencia_vinculada,media,No asociado a un documento,,,,,documento_no_resuelto,No hay evidencia vinculada a la acción aprobada 'Alquiler coworking'.,Aportar evidencia o documentar la no ejecución.
INC-0217,,accion_sin_evidencia_vinculada,media,No asociado a un documento,,,,,documento_no_resuelto,No hay evidencia vinculada a la acción aprobada 'Venta fría a programadores de teatros'.,Aportar evidencia o documentar la no ejecución.
INC-0218,,accion_sin_evidencia_vinculada,media,No asociado a un documento,,,,,documento_no_resuelto,No hay evidencia vinculada a la acción aprobada 'e-commerce espectáculos premium'.,Aportar evidencia o documentar la no ejecución.
INC-0219,,accion_sin_evidencia_vinculada,media,No asociado a un documento,,,,,documento_no_resuelto,No hay evidencia vinculada a la acción aprobada 'Campañas conjuntas con colaboradores en RRSS'.,Aportar evidencia o documentar la no ejecución.
INC-0220,,accion_sin_evidencia_vinculada,media,No asociado a un documento,,,,,documento_no_resuelto,No hay evidencia vinculada a la acción aprobada 'LOPD'.,Aportar evidencia o documentar la no ejecución.
INC-0221,,gasto_no_cargado_automaticamente,media,No asociado a un documento,,,,,documento_no_resuelto,Gasto no cargado por vínculo no automático: 02_ACTIVIDADES_REALIZADAS/PROGRAMAS DE ACOMPAÑAMIENTO/Las Teatrísimas/DIART - programa de acompañamiento - 1a sesion.docx,"Revisar importe, factura y vínculo con la acción aprobada."
INC-0222,,gasto_no_cargado_automaticamente,media,No asociado a un documento,,,,,documento_no_resuelto,Gasto no cargado por vínculo no automático: 02_ACTIVIDADES_REALIZADAS/PROGRAMAS DE ACOMPAÑAMIENTO/Las Teatrísimas/210_dossier_2056391700.pdf,"Revisar importe, factura y vínculo con la acción aprobada."
INC-0223,,gasto_no_cargado_automaticamente,media,No asociado a un documento,,,,,documento_no_resuelto,Gasto no cargado por importe ambiguo o ausente: 02_ACTIVIDADES_REALIZADAS/PROGRAMAS DE ACOMPAÑAMIENTO/DiArt/PLANTILLA CACHET H2o sala.xlsx,"Revisar importe, factura y vínculo con la acción aprobada."
INC-0224,,gasto_no_cargado_automaticamente,media,No asociado a un documento,,,,,documento_no_resuelto,Gasto no cargado por vínculo no automático: 02_ACTIVIDADES_REALIZADAS/PROGRAMAS DE ACOMPAÑAMIENTO/DiArt/DiArt_sesion2_programa de acompañamiento .pdf,"Revisar importe, factura y vínculo con la acción aprobada."
INC-0225,,gasto_no_cargado_automaticamente,media,No asociado a un documento,,,,,documento_no_resuelto,Gasto no cargado por vínculo no automático: 05_PARTICIPANTES_Y_COLABORADORES/redespidotrabajador/recibo finiq. maria jose 311025.pdf,"Revisar importe, factura y vínculo con la acción aprobada."
INC-0226,,gasto_no_cargado_automaticamente,media,No asociado a un documento,,,,,documento_no_resuelto,Gasto no cargado por vínculo no automático: 05_PARTICIPANTES_Y_COLABORADORES/redespidotrabajador/finiq. maria jose 311025.pdf,"Revisar importe, factura y vínculo con la acción aprobada."
INC-0227,,gasto_no_cargado_automaticamente,media,No asociado a un documento,,,,,documento_no_resuelto,Gasto no cargado por vínculo no automático: 05_PARTICIPANTES_Y_COLABORADORES/rebajanuevaempleadaautnoma/recibo finiq. darlene 241125.pdf,"Revisar importe, factura y vínculo con la acción aprobada."
INC-0228,,gasto_no_cargado_automaticamente,media,No asociado a un documento,,,,,documento_no_resuelto,Gasto no cargado por vínculo no automático: 05_PARTICIPANTES_Y_COLABORADORES/rebajanuevaempleadaautnoma/finiq. darlene 241125.pdf,"Revisar importe, factura y vínculo con la acción aprobada."
INC-0229,,gasto_no_cargado_automaticamente,media,No asociado a un documento,,,,,documento_no_resuelto,Gasto no cargado por vínculo no automático: 05_PARTICIPANTES_Y_COLABORADORES/NÓMINAS/Copia de NOM_CARLES_HARILLO_signed.pdf,"Revisar importe, factura y vínculo con la acción aprobada."
INC-0230,,gasto_no_cargado_automaticamente,media,No asociado a un documento,,,,,documento_no_resuelto,Gasto no cargado por importe ambiguo o ausente: 05_PARTICIPANTES_Y_COLABORADORES/servidor/Acuerdo de encargo de tratamiento de datos personales.pdf,"Revisar importe, factura y vínculo con la acción aprobada."
INC-0231,,gasto_no_cargado_automaticamente,media,No asociado a un documento,,,,,documento_no_resuelto,Gasto no cargado por importe ambiguo o ausente: 05_PARTICIPANTES_Y_COLABORADORES/servidor/Condiciones y Términos Generales.pdf,"Revisar importe, factura y vínculo con la acción aprobada."
INC-0232,,gasto_no_cargado_automaticamente,media,No asociado a un documento,,,,,documento_no_resuelto,Gasto no cargado por importe ambiguo o ausente: 05_PARTICIPANTES_Y_COLABORADORES/servidor/Condiciones particulares - Servidores.pdf,"Revisar importe, factura y vínculo con la acción aprobada."
INC-0233,,gasto_no_cargado_automaticamente,media,No asociado a un documento,,,,,documento_no_resuelto,Gasto no cargado por vínculo no automático: 08_JUSTIFICACION_ECONOMICA/liquidaci-n-de-dietas-y-gastos-de-viaje.docx,"Revisar importe, factura y vínculo con la acción aprobada."
INC-0234,,gasto_no_cargado_automaticamente,media,No asociado a un documento,,,,,documento_no_resuelto,Gasto no cargado por vínculo no automático: 08_JUSTIFICACION_ECONOMICA/INSTRUCCIONES_JUSTIFICACION/manual-para-la-justificaci-n.pdf,"Revisar importe, factura y vínculo con la acción aprobada."
INC-0235,,gasto_no_cargado_automaticamente,media,No asociado a un documento,,,,,documento_no_resuelto,Gasto no cargado por vínculo no automático: 08_JUSTIFICACION_ECONOMICA/INSTRUCCIONES_JUSTIFICACION/instrucciones-para-la-justificaci-n-innovaci-n-2025.pdf,"Revisar importe, factura y vínculo con la acción aprobada."
INC-0236,,gasto_no_cargado_automaticamente,media,No asociado a un documento,,,,,documento_no_resuelto,Gasto no cargado por importe ambiguo o ausente: 08_JUSTIFICACION_ECONOMICA/CONTABILIDAD/GASTOS/1TR2026/SERVIDOR/Factura_2026-03-25_202785955106_V99933615.pdf,"Revisar importe, factura y vínculo con la acción aprobada."
INC-0237,,gasto_no_cargado_automaticamente,media,No asociado a un documento,,,,,documento_no_resuelto,Gasto no cargado por importe ambiguo o ausente: 08_JUSTIFICACION_ECONOMICA/CONTABILIDAD/GASTOS/1TR2026/SERVIDOR/Factura_2026-02-25_202785665358_V99933615.pdf,"Revisar importe, factura y vínculo con la acción aprobada."
INC-0238,,gasto_no_cargado_automaticamente,media,No asociado a un documento,,,,,documento_no_resuelto,Gasto no cargado por importe ambiguo o ausente: 08_JUSTIFICACION_ECONOMICA/CONTABILIDAD/GASTOS/1TR2026/SERVIDOR/Factura_2026-01-25_202785368394_V99933615.pdf,"Revisar importe, factura y vínculo con la acción aprobada."
INC-0239,,gasto_no_cargado_automaticamente,media,No asociado a un documento,,,,,documento_no_resuelto,Gasto no cargado por importe ambiguo o ausente: 08_JUSTIFICACION_ECONOMICA/CONTABILIDAD/GASTOS/1TR2026/SERVICIO DATA/factura_1_servicio_data.pdf,"Revisar importe, factura y vínculo con la acción aprobada."
INC-0240,,gasto_no_cargado_automaticamente,media,No asociado a un documento,,,,,documento_no_resuelto,Gasto no cargado por importe ambiguo o ausente: 08_JUSTIFICACION_ECONOMICA/CONTABILIDAD/GASTOS/1TR2026/SUMINISTROS/INV337023537.pdf,"Revisar importe, factura y vínculo con la acción aprobada."
INC-0241,,gasto_no_cargado_automaticamente,media,No asociado a un documento,,,,,documento_no_resuelto,Gasto no cargado por importe ambiguo o ausente: 08_JUSTIFICACION_ECONOMICA/CONTABILIDAD/GASTOS/1TR2026/SUMINISTROS/INV345039957_A23333533_03092026.pdf,"Revisar importe, factura y vínculo con la acción aprobada."
INC-0242,,gasto_no_cargado_automaticamente,media,No asociado a un documento,,,,,documento_no_resuelto,Gasto no cargado por importe ambiguo o ausente: 08_JUSTIFICACION_ECONOMICA/CONTABILIDAD/GASTOS/1TR2026/SUMINISTROS/Factura_FMPVAAJ001XXXX.pdf,"Revisar importe, factura y vínculo con la acción aprobada."
INC-0243,,gasto_no_cargado_automaticamente,media,No asociado a un documento,,,,,documento_no_resuelto,Gasto no cargado por importe ambiguo o ausente: 08_JUSTIFICACION_ECONOMICA/CONTABILIDAD/GASTOS/1TR2026/SUMINISTROS/factura monitor.pdf,"Revisar importe, factura y vínculo con la acción aprobada."
INC-0244,,gasto_no_cargado_automaticamente,media,No asociado a un documento,,,,,documento_no_resuelto,Gasto no cargado por importe ambiguo o ausente: 08_JUSTIFICACION_ECONOMICA/CONTABILIDAD/GASTOS/1TR2026/SUMINISTROS/INV341096775.pdf,"Revisar importe, factura y vínculo con la acción aprobada."
INC-0245,,gasto_no_cargado_automaticamente,media,No asociado a un documento,,,,,documento_no_resuelto,Gasto no cargado por importe ambiguo o ausente: 08_JUSTIFICACION_ECONOMICA/CONTABILIDAD/GASTOS/1TR2026/SUMINISTROS/Factura_FMPVACJ007XXXX.pdf,"Revisar importe, factura y vínculo con la acción aprobada."
INC-0246,,gasto_no_cargado_automaticamente,media,No asociado a un documento,,,,,documento_no_resuelto,Gasto no cargado por importe ambiguo o ausente: 08_JUSTIFICACION_ECONOMICA/CONTABILIDAD/GASTOS/1TR2026/SUMINISTROS/Factura_FMPVABJ005XXXX.pdf,"Revisar importe, factura y vínculo con la acción aprobada."
INC-0247,,gasto_no_cargado_automaticamente,media,No asociado a un documento,,,,,documento_no_resuelto,Gasto no cargado por importe ambiguo o ausente: 08_JUSTIFICACION_ECONOMICA/CONTABILIDAD/GASTOS/1TR2026/SUMINISTROS/Factura_MMPVACJ002XXXX.pdf,"Revisar importe, factura y vínculo con la acción aprobada."
INC-0248,,gasto_no_cargado_automaticamente,media,No asociado a un documento,,,,,documento_no_resuelto,Gasto no cargado por importe ambiguo o ausente: 08_JUSTIFICACION_ECONOMICA/CONTABILIDAD/GASTOS/1TR2026/SUMINISTROS/INV341096775_A23333533_02092026.pdf,"Revisar importe, factura y vínculo con la acción aprobada."
INC-0249,,gasto_no_cargado_automaticamente,media,No asociado a un documento,,,,,documento_no_resuelto,Gasto no cargado por importe ambiguo o ausente: 08_JUSTIFICACION_ECONOMICA/CONTABILIDAD/GASTOS/3TR2025/MANTENIMIENTO TÉCNICO/Factura_202507_01.pdf,"Revisar importe, factura y vínculo con la acción aprobada."
INC-0250,,gasto_no_cargado_automaticamente,media,No asociado a un documento,,,,,documento_no_resuelto,Gasto no cargado por importe ambiguo o ausente: 08_JUSTIFICACION_ECONOMICA/CONTABILIDAD/GASTOS/3TR2025/SEGURIDAD SOCIAL/cos maria moral0925.pdf,"Revisar importe, factura y vínculo con la acción aprobada."
INC-0251,,gasto_no_cargado_automaticamente,media,No asociado a un documento,,,,,documento_no_resuelto,Gasto no cargado por importe ambiguo o ausente: 08_JUSTIFICACION_ECONOMICA/CONTABILIDAD/GASTOS/3TR2025/SERVIDOR/Factura_2025-07-25_202783634042_V99933615.pdf,"Revisar importe, factura y vínculo con la acción aprobada."
INC-0252,,gasto_no_cargado_automaticamente,media,No asociado a un documento,,,,,documento_no_resuelto,Gasto no cargado por importe ambiguo o ausente: 08_JUSTIFICACION_ECONOMICA/CONTABILIDAD/GASTOS/3TR2025/SERVIDOR/Factura_2025-09-25_202784197236_V99933615.pdf,"Revisar importe, factura y vínculo con la acción aprobada."
INC-0253,,gasto_no_cargado_automaticamente,media,No asociado a un documento,,,,,documento_no_resuelto,Gasto no cargado por importe ambiguo o ausente: 08_JUSTIFICACION_ECONOMICA/CONTABILIDAD/GASTOS/3TR2025/SERVIDOR/Factura_2025-08-25_202783913737_V99933615.pdf,"Revisar importe, factura y vínculo con la acción aprobada."
INC-0254,,gasto_no_cargado_automaticamente,media,No asociado a un documento,,,,,documento_no_resuelto,Gasto no cargado por importe ambiguo o ausente: 08_JUSTIFICACION_ECONOMICA/CONTABILIDAD/GASTOS/3TR2025/SUMINISTROS/FACTURA_MMPVAGI0016002_25-07-2025.pdf,"Revisar importe, factura y vínculo con la acción aprobada."
INC-0255,,gasto_no_cargado_automaticamente,media,No asociado a un documento,,,,,documento_no_resuelto,Gasto no cargado por importe ambiguo o ausente: 08_JUSTIFICACION_ECONOMICA/CONTABILIDAD/GASTOS/3TR2025/SUMINISTROS/Factura_MMPVAII001XXXX.pdf,"Revisar importe, factura y vínculo con la acción aprobada."
INC-0256,,gasto_no_cargado_automaticamente,media,No asociado a un documento,,,,,documento_no_resuelto,Gasto no cargado por importe ambiguo o ausente: 08_JUSTIFICACION_ECONOMICA/CONTABILIDAD/GASTOS/3TR2025/SUMINISTROS/Factura_FMPVAII004XXXX.pdf,"Revisar importe, factura y vínculo con la acción aprobada."
INC-0257,,gasto_no_cargado_automaticamente,media,No asociado a un documento,,,,,documento_no_resuelto,Gasto no cargado por importe ambiguo o ausente: 08_JUSTIFICACION_ECONOMICA/CONTABILIDAD/GASTOS/3TR2025/SUMINISTROS/FACTURA_FMPVAHI0010009_25-08-2025.pdf,"Revisar importe, factura y vínculo con la acción aprobada."
INC-0258,,gasto_no_cargado_automaticamente,media,No asociado a un documento,,,,,documento_no_resuelto,Gasto no cargado por importe ambiguo o ausente: 08_JUSTIFICACION_ECONOMICA/CONTABILIDAD/GASTOS/3TR2025/SUMINISTROS/FACTURA_FMPVAGI0013315_25-07-2025.pdf,"Revisar importe, factura y vínculo con la acción aprobada."
INC-0259,,gasto_no_cargado_automaticamente,media,No asociado a un documento,,,,,documento_no_resuelto,Gasto no cargado por importe ambiguo o ausente: 08_JUSTIFICACION_ECONOMICA/CONTABILIDAD/GASTOS/3TR2025/SUMINISTROS/FACTURA_MMPVAHI0004037_25-08-2025.pdf,"Revisar importe, factura y vínculo con la acción aprobada."
INC-0260,,gasto_no_cargado_automaticamente,media,No asociado a un documento,,,,,documento_no_resuelto,Gasto no cargado por importe ambiguo o ausente: 08_JUSTIFICACION_ECONOMICA/CONTABILIDAD/GASTOS/3TR2025/DIETAS/FACTURA CUANDO SALI DE CUBA MESA 19-25.pdf,"Revisar importe, factura y vínculo con la acción aprobada."
INC-0261,,gasto_no_cargado_automaticamente,media,No asociado a un documento,,,,,documento_no_resuelto,Gasto no cargado por importe ambiguo o ausente: 08_JUSTIFICACION_ECONOMICA/CONTABILIDAD/GASTOS/3TR2025/COMERCIALIZACIÓN/NÓMINAS/NOM_CARLES_HARILLO.pdf,"Revisar importe, factura y vínculo con la acción aprobada."
INC-0262,,gasto_no_cargado_automaticamente,media,No asociado a un documento,,,,,documento_no_resuelto,Gasto no cargado por importe ambiguo o ausente: 08_JUSTIFICACION_ECONOMICA/CONTABILIDAD/GASTOS/3TR2025/COMERCIALIZACIÓN/MERCARTES/PRODUCCIÓN/factura pie de tv.pdf,"Revisar importe, factura y vínculo con la acción aprobada."
INC-0263,,gasto_no_cargado_automaticamente,media,No asociado a un documento,,,,,documento_no_resuelto,Gasto no cargado por importe ambiguo o ausente: 08_JUSTIFICACION_ECONOMICA/CONTABILIDAD/GASTOS/3TR2025/COMERCIALIZACIÓN/MERCARTES/PRODUCCIÓN/Factura STAND ENGIRA!.pdf,"Revisar importe, factura y vínculo con la acción aprobada."
INC-0264,,gasto_no_cargado_automaticamente,media,No asociado a un documento,,,,,documento_no_resuelto,Gasto no cargado por importe ambiguo o ausente: 08_JUSTIFICACION_ECONOMICA/CONTABILIDAD/GASTOS/3TR2025/COMERCIALIZACIÓN/MERCARTES/PRODUCCIÓN/Factura pccomponentes TV.pdf,"Revisar importe, factura y vínculo con la acción aprobada."
INC-0265,,gasto_no_cargado_automaticamente,media,No asociado a un documento,,,,,documento_no_resuelto,Gasto no cargado por importe ambiguo o ausente: 08_JUSTIFICACION_ECONOMICA/CONTABILIDAD/GASTOS/3TR2025/COMERCIALIZACIÓN/MERCARTES/PRODUCCIÓN/Factura No. 2025 E 000629 - enGira.pdf,"Revisar importe, factura y vínculo con la acción aprobada."
INC-0266,,gasto_no_cargado_automaticamente,media,No asociado a un documento,,,,,documento_no_resuelto,Gasto no cargado por importe ambiguo o ausente: 08_JUSTIFICACION_ECONOMICA/CONTABILIDAD/GASTOS/3TR2025/COMERCIALIZACIÓN/MERCARTES/DIETAS/Factura_Mercartes_2025_C752426 (1).pdf,"Revisar importe, factura y vínculo con la acción aprobada."
INC-0267,,gasto_no_cargado_automaticamente,media,No asociado a un documento,,,,,documento_no_resuelto,Gasto no cargado por importe ambiguo o ausente: 08_JUSTIFICACION_ECONOMICA/CONTABILIDAD/GASTOS/3TR2025/COMERCIALIZACIÓN/MERCARTES/DIETAS/Factura_Mercartes_2025_C752426 (2).pdf,"Revisar importe, factura y vínculo con la acción aprobada."
INC-0268,,gasto_no_cargado_automaticamente,media,No asociado a un documento,,,,,documento_no_resuelto,Gasto no cargado por importe ambiguo o ausente: 08_JUSTIFICACION_ECONOMICA/CONTABILIDAD/GASTOS/3TR2025/COMERCIALIZACIÓN/MERCARTES/DIETAS/Factura_Mercartes_2025_C752426 (5).pdf,"Revisar importe, factura y vínculo con la acción aprobada."
INC-0269,,gasto_no_cargado_automaticamente,media,No asociado a un documento,,,,,documento_no_resuelto,Gasto no cargado por importe ambiguo o ausente: 08_JUSTIFICACION_ECONOMICA/CONTABILIDAD/GASTOS/4TR2025/FORMACION/Factura_202512_02.pdf,"Revisar importe, factura y vínculo con la acción aprobada."
INC-0270,,gasto_no_cargado_automaticamente,media,No asociado a un documento,,,,,documento_no_resuelto,Gasto no cargado por importe ambiguo o ausente: 08_JUSTIFICACION_ECONOMICA/CONTABILIDAD/GASTOS/4TR2025/MANTENIMIENTO TÉCNICO/Factura_202512_02.pdf,"Revisar importe, factura y vínculo con la acción aprobada."
INC-0271,,gasto_no_cargado_automaticamente,media,No asociado a un documento,,,,,documento_no_resuelto,Gasto no cargado por importe ambiguo o ausente: 08_JUSTIFICACION_ECONOMICA/CONTABILIDAD/GASTOS/4TR2025/NOMINAS/finiq. darlene 241125.pdf,"Revisar importe, factura y vínculo con la acción aprobada."
INC-0272,,gasto_no_cargado_automaticamente,media,No asociado a un documento,,,,,documento_no_resuelto,Gasto no cargado por importe ambiguo o ausente: 08_JUSTIFICACION_ECONOMICA/CONTABILIDAD/GASTOS/4TR2025/NOMINAS/finiq. maria jose 311025.pdf,"Revisar importe, factura y vínculo con la acción aprobada."
INC-0273,,gasto_no_cargado_automaticamente,media,No asociado a un documento,,,,,documento_no_resuelto,Gasto no cargado por importe ambiguo o ausente: 08_JUSTIFICACION_ECONOMICA/CONTABILIDAD/GASTOS/4TR2025/NOMINAS/cos maria moral09-1025.pdf,"Revisar importe, factura y vínculo con la acción aprobada."
INC-0274,,gasto_no_cargado_automaticamente,media,No asociado a un documento,,,,,documento_no_resuelto,Gasto no cargado por importe ambiguo o ausente: 08_JUSTIFICACION_ECONOMICA/CONTABILIDAD/GASTOS/4TR2025/SERVIDOR/Factura_2025-10-25_202784490445_V99933615.pdf,"Revisar importe, factura y vínculo con la acción aprobada."
INC-0275,,gasto_no_cargado_automaticamente,media,No asociado a un documento,,,,,documento_no_resuelto,Gasto no cargado por importe ambiguo o ausente: 08_JUSTIFICACION_ECONOMICA/CONTABILIDAD/GASTOS/4TR2025/SERVIDOR/Factura_2025-12-25_202785076764_V99933615.pdf,"Revisar importe, factura y vínculo con la acción aprobada."
INC-0276,,gasto_no_cargado_automaticamente,media,No asociado a un documento,,,,,documento_no_resuelto,Gasto no cargado por importe ambiguo o ausente: 08_JUSTIFICACION_ECONOMICA/CONTABILIDAD/GASTOS/4TR2025/SERVIDOR/Factura_2025-11-25_202784784857_V99933615.pdf,"Revisar importe, factura y vínculo con la acción aprobada."
INC-0277,,gasto_no_cargado_automaticamente,media,No asociado a un documento,,,,,documento_no_resuelto,Gasto no cargado por importe ambiguo o ausente: 08_JUSTIFICACION_ECONOMICA/CONTABILIDAD/GASTOS/4TR2025/SUMINISTROS/Factura_FMPVALI001XXXX.pdf,"Revisar importe, factura y vínculo con la acción aprobada."
INC-0278,,gasto_no_cargado_automaticamente,media,No asociado a un documento,,,,,documento_no_resuelto,Gasto no cargado por importe ambiguo o ausente: 08_JUSTIFICACION_ECONOMICA/CONTABILIDAD/GASTOS/4TR2025/SUMINISTROS/Factura_MMPVAJI002XXXX.pdf,"Revisar importe, factura y vínculo con la acción aprobada."
INC-0279,,gasto_no_cargado_automaticamente,media,No asociado a un documento,,,,,documento_no_resuelto,Gasto no cargado por importe ambiguo o ausente: 08_JUSTIFICACION_ECONOMICA/CONTABILIDAD/GASTOS/4TR2025/SUMINISTROS/Factura_MMPVALI001XXXX.pdf,"Revisar importe, factura y vínculo con la acción aprobada."
INC-0280,,gasto_no_cargado_automaticamente,media,No asociado a un documento,,,,,documento_no_resuelto,Gasto no cargado por importe ambiguo o ausente: 08_JUSTIFICACION_ECONOMICA/CONTABILIDAD/GASTOS/4TR2025/SUMINISTROS/invoice.pdf,"Revisar importe, factura y vínculo con la acción aprobada."
INC-0281,,gasto_no_cargado_automaticamente,media,No asociado a un documento,,,,,documento_no_resuelto,Gasto no cargado por importe ambiguo o ausente: 08_JUSTIFICACION_ECONOMICA/CONTABILIDAD/GASTOS/4TR2025/SUMINISTROS/Invoice-SIB-4109801.pdf,"Revisar importe, factura y vínculo con la acción aprobada."
INC-0282,,gasto_no_cargado_automaticamente,media,No asociado a un documento,,,,,documento_no_resuelto,Gasto no cargado por importe ambiguo o ausente: 08_JUSTIFICACION_ECONOMICA/CONTABILIDAD/GASTOS/4TR2025/SUMINISTROS/Factura_FMPVAJI006XXXX.pdf,"Revisar importe, factura y vínculo con la acción aprobada."
INC-0283,,gasto_no_cargado_automaticamente,media,No asociado a un documento,,,,,documento_no_resuelto,Gasto no cargado por importe ambiguo o ausente: 08_JUSTIFICACION_ECONOMICA/CONTABILIDAD/GASTOS/4TR2025/SUMINISTROS/Factura_MMPVAKI001XXXX.pdf,"Revisar importe, factura y vínculo con la acción aprobada."
INC-0284,,gasto_no_cargado_automaticamente,media,No asociado a un documento,,,,,documento_no_resuelto,Gasto no cargado por importe ambiguo o ausente: 08_JUSTIFICACION_ECONOMICA/CONTABILIDAD/GASTOS/4TR2025/SUMINISTROS/Factura_FMPVAKI003XXXX.pdf,"Revisar importe, factura y vínculo con la acción aprobada."
INC-0285,,gasto_no_cargado_automaticamente,media,No asociado a un documento,,,,,documento_no_resuelto,Gasto no cargado por importe ambiguo o ausente: 08_JUSTIFICACION_ECONOMICA/CONTABILIDAD/GASTOS/4TR2025/SUMINISTROS/INV328281907.pdf,"Revisar importe, factura y vínculo con la acción aprobada."
INC-0286,,gasto_no_cargado_automaticamente,media,No asociado a un documento,,,,,documento_no_resuelto,Gasto no cargado por importe ambiguo o ausente: 08_JUSTIFICACION_ECONOMICA/CONTABILIDAD/GASTOS/4TR2025/COMERCIALIZACIÓN/Invoice_2025_0054_Big_Bang_TA25.pdf,"Revisar importe, factura y vínculo con la acción aprobada."
INC-0287,,gasto_no_cargado_automaticamente,media,No asociado a un documento,,,,,documento_no_resuelto,Gasto no cargado por importe ambiguo o ausente: 08_JUSTIFICACION_ECONOMICA/CONTABILIDAD/GASTOS/4TR2025/COMERCIALIZACIÓN/Invoice_2025_0055_Big_Bang_TA25.pdf,"Revisar importe, factura y vínculo con la acción aprobada."
INC-0288,,gasto_no_cargado_automaticamente,media,No asociado a un documento,,,,,documento_no_resuelto,Gasto no cargado por importe ambiguo o ausente: 08_JUSTIFICACION_ECONOMICA/CONTABILIDAD/GASTOS/4TR2025/DIETAS/BDC-6790184301-invoice-2847.pdf,"Revisar importe, factura y vínculo con la acción aprobada."
INC-0289,,gasto_no_cargado_automaticamente,media,No asociado a un documento,,,,,documento_no_resuelto,Gasto no cargado por importe ambiguo o ausente: 08_JUSTIFICACION_ECONOMICA/CONTABILIDAD/GASTOS/4TR2025/DIETAS/factura 10a.pdf,"Revisar importe, factura y vínculo con la acción aprobada."
INC-0290,,gasto_no_cargado_automaticamente,media,No asociado a un documento,,,,,documento_no_resuelto,Gasto no cargado por importe ambiguo o ausente: 08_JUSTIFICACION_ECONOMICA/CONTABILIDAD/GASTOS/4TR2025/DIETAS/BPBLO_invoice_TB2504602_20251122_235002.pdf,"Revisar importe, factura y vínculo con la acción aprobada."
INC-0291,,gasto_no_cargado_automaticamente,media,No asociado a un documento,,,,,documento_no_resuelto,Gasto no cargado por importe ambiguo o ausente: 08_JUSTIFICACION_ECONOMICA/CONTABILIDAD/GASTOS/4TR2025/DIETAS/dietas 2.pdf,"Revisar importe, factura y vínculo con la acción aprobada."
INC-0292,,gasto_no_cargado_automaticamente,media,No asociado a un documento,,,,,documento_no_resuelto,Gasto no cargado por importe ambiguo o ausente: 08_JUSTIFICACION_ECONOMICA/CONTABILIDAD/GASTOS/4TR2025/LEGAL/FACTURA 25032622R.pdf,"Revisar importe, factura y vínculo con la acción aprobada."
INC-0293,,gasto_no_cargado_automaticamente,media,No asociado a un documento,,,,,documento_no_resuelto,Gasto no cargado por importe ambiguo o ausente: 08_JUSTIFICACION_ECONOMICA/CONTABILIDAD/GASTOS/4TR2025/LEGAL/FACTURA 25005841RSPD.pdf,"Revisar importe, factura y vínculo con la acción aprobada."
INC-0294,,gasto_no_cargado_automaticamente,media,No asociado a un documento,,,,,documento_no_resuelto,Gasto no cargado por importe ambiguo o ausente: 08_JUSTIFICACION_ECONOMICA/CONTABILIDAD/GASTOS/4TR2025/COMERCIALIZACIÓN/MERCARTES/factura mercartes.pdf,"Revisar importe, factura y vínculo con la acción aprobada."
INC-0295,,gasto_no_cargado_automaticamente,media,No asociado a un documento,,,,,documento_no_resuelto,Gasto no cargado por importe ambiguo o ausente: 08_JUSTIFICACION_ECONOMICA/CONTABILIDAD/GASTOS/4TR2025/COMERCIALIZACIÓN/MERCARTES/FACTURA María José Moral Morgado octubre 2025.pdf,"Revisar importe, factura y vínculo con la acción aprobada."
INC-0296,,gasto_no_cargado_automaticamente,media,No asociado a un documento,,,,,documento_no_resuelto,Gasto no cargado por importe ambiguo o ausente: 08_JUSTIFICACION_ECONOMICA/CONTABILIDAD/GASTOS/4TR2025/COMERCIALIZACIÓN/MERCARTES/A-V2025-5238950.pdf,"Revisar importe, factura y vínculo con la acción aprobada."
