area,ruta_relativa,nombre,extension,tamaño,categoria,fecha_modificacion,num_paginas,fechas_detectadas,importes_detectados,nifs_detectados,urls_detectadas,idioma,texto_preview,tipo_documental,confianza_tipo,categorias_funcionales,es_evidencia,es_gasto,es_pago,actividad_asociada,accion_aprobada_id,confianza_accion,revision_accion,ruta_absoluta
bases_y_resolucion,00_BASES_Y_RESOLUCION/resoluci-n--de-concesi-n.pdf,resoluci-n--de-concesi-n.pdf,.pdf,341277,documento,2025-11-18T12:42:45,8,30/09/2025,"1.17|1.178.103,04|12.00|12.000,00|12.80|12.800,00|14.40|14.400,00|15.75|15.750,00|18.00|18.000,00|19.54|19.545,44|19.60|19.600,00|19.67|19.675,80|19.92|19.920,00|2.93|2.935.312,55|20.00|20.000,00|22.00|22.000,00|24.00|24.000,00|24.01|24.28|24.280,00|24.52|24.520,00|24.72|24.720,00|24.92|24.920,00|24.96|24.960,00|24.99|24.999,00|24.999,54|25.00|25.000,00|26.10|26.100,00|27.20|27.200,00|27.80|27.800,00|29.60|29.600,00|32.20|32.200,00|32.50|32.500,00|33.60|33.600,00|33.80|33.800,00|35.00|35.000,00|36.00|36.000,00|36.22|36.225,00|36.40|36.400,00|38.00|38.000,00|38.50|38.500,00|38.60|38.600,00|38.65|38.654,00|38.85|38.850,00|39.00|39.000,00|39.07|39.072,00|39.19|39.190,00|39.20|39.200,00|39.50|39.500,00|39.66|39.665,00|39.70|39.700,00|39.76|39.765,00|39.87|39.872,00|39.90|39.900,00|39.96|39.962,34|39.98|39.980,00|39.99|39.998,00|40.00|40.000,00|45.00|45.000,00|46.00|46.000,00|46.76|46.764,98|47.20|47.200,00|47.25|47.252,00|47.90|47.900,00|48.00|48.000,00|48.95|48.950,00|49.00|49.000,00|49.29|49.291,33|49.50|49.500,00|49.54|49.545,00|49.80|49.800,00|49.81|49.811,16|49.86|49.860,00|49.99|49.998,00|5.31|50.00|50.000,00|8.10",B01462936|B01757764|B01768928|B01848613|B01849181|B05403183|B06761647|B06924682|B06979702|B09715210|B09762998|B09931601|B10596674|B10800365|B10805299|B10864049|B10981074|B11714904|B13557533|B13836051|B15916760|B16261976|B16494346|B19583491|B21830021|B34133983|B34237420|B36898369|B39612163|B40546541|B40553364|B42580233|B42692533|B44628329|B44772119|B44983641|B48943831|B55653489|B56442080|B56739832|B56945728|B60758109|B64589542|B65237919|B66169228|B66475534|B66600412|B66801044|B67261800|B70436233|B70830385|B71476527|B72573736|B72975451|B74150723|B74420613|B75180174|B75285189|B75371039|B80717150|B81176489|B83220475|B83612325|B83944280|B84185685|B84602663|B85332187|B85955466|B86553781|B86569027|B87882452|B87943007|B87988267|B88359500|B88434071|B88575766|B90090747|B90252982|B97019764|B97511240|B98856214|B98991003|F02908622|F16354417|F16819781|F16978207|F16982845|F95890638|F98991763|J17988999|J99415168,https://run.gob.es/hsblF8yLcR,,"RcLy8Flbsh/se.bog.nur//:sptth:nóiccerid
etneiugis
al
ne
otnemucod
etse
ed
dadirgetni
al
racifirev
edeuP
| 9739-0ac9-5c92-1934-abef-986f-d254-dc6b-NEG
:
.V.S.C
| lanigiro
otnemucod
la
eyutitsus
on
,AMRIF
ED
EMROFNI
SUBSECRETARÍA DE CULTURA
MINISTERIO
DE CULTURA CENTRO DE COORDINACIÓN
DE INDUSTRIAS CULTURALES
Resolución de la Subsecretaría de Cultura, por la que se conceden las ayudas a proyectos profesionales y
empresariales para el fomento de la innovación en las industrias culturales y creativas correspondientes al
año 2025.
La Orden CUL/2912/2010, de 10 de noviembre, (Boletín Oficial del Estado nº 275, de 13 de noviembre de 2010)
establece las bases reguladoras para la concesión de las subvenciones públicas del Ministerio de Cultura en régimen
de concurrencia competitiva. Por Resolución de 1 de abril de 2025 de la Subsecretaría de Cultura, por la que se
convocan las ayudas a proyectos profesionales y empresariales para el fomento de la innovación en las industrias
culturales y creativas correspondientes al año 2025 (Extracto publicado en el BOE núm. 85, de 8 de abril de 2025).
De conformidad con lo dispuesto en la citada Resolución de convocatoria, la Comisión de Valoración ha examinado
y valorado las solicitudes admitidas a trámite, habiendo dado traslado de la propuesta al Centro de Coordinación de
Industrias Culturales, órgano instructor del procedimiento, para la concesión de determinadas ayudas a los
solicitantes seleccionados
Los criterios tenidos en cuenta por la Comisión de Valoración para la selección de solicitudes han sido los que figuran
en el artículo 10.5 de la Resolución de 1 de abril de 2025 del Ministerio de Cultura por la que se convocan las ayudas
a proyectos profesionales y empresariales para el fomento de la innovación en las industrias culturales y creativas
correspondientes al año 2025. En virtud de ello, vistas todas las solicitudes admitidas a trámite, visto el informe
elaborado por la Comisión de Valoración, vista la propuesta de resolución definitiva del Centro de Coordinación de
Industrias Culturales y de conformidad con lo establecido en la Ley 38/2003, de 17 de noviembre, General de
Subvenciones, en la Orden CUL/2912/2010 de 10 de noviembre y en la Resolución de 14 de junio, del Ministerio de
Cultura, dispongo:
Primero. - Conceder ayudas a los solicitantes que se relacionan en el Anexo I de la presente Resolución, para la
realización de los proyectos que en el mismo se mencionan y en las cuantías que allí se señalan.
El importe total de las ayudas concedidas asciende a 2.935.312,55 y se sufragará con los créditos de la aplicación
del Presupuesto 24.01.334C.772 de Gastos del Ministerio de Cultura y Deporte para 2023 previsto en la Ley 31/2022,
de 23 de diciembre, de Presupuestos Generales del Estado para el año 2023 (BOE núm. 308, de 24 de diciembre
de 2022), prorrogados al ejercicio 2025.
Segundo.- Indicar una relación, que figura en el Anexo II, de todos los interesados que, cumpliendo con las
condiciones administrativas y técnicas establecidas en las bases reguladoras para adquirir la condición de
beneficiario, no hayan sido estimados por rebasarse la cuantía máxima del crédito fijado en la convocatoria.
En este supuesto, si se renunciase a la subvención por alguno de los beneficiarios, el órgano concedente acordará,
sin necesidad de una nueva convocatoria, la concesión de la subvención al solicitante o solicitantes siguientes a
aquél en orden de puntuación, siempre y cuando con la renuncia por parte de alguno de los beneficiarios, se haya
liberado crédito suficiente para atender al menos una de las solicitudes de ese Anexo II.
Tercero.- Fijar el 30 de junio de 2026 como término para llevar a cabo las actividades objeto de las ayudas, así como
para comprometer todos los gastos vinculados a las mismas.
La realización de estas actividades será justificada por los beneficiarios ante el Centro de Coordinación de Industrias
Culturales en los tres meses siguientes a la terminación del plazo establecido en el párrafo anterior, de conformidad
con lo señalado en el artículo 1 y en el Anexo II de la Resolución de convocatoria de las ayudas.
La concesión de la ayuda no implica automáticamente que todos los gastos incluidos en la memoria económica del
proyecto hayan sido considerados efectivamente subvencionables. El beneficiario deberá atenerse a lo dispuesto
.
CSV : GEN-b6cd-452d-f689-feba-4391-29c5-9ca0-9379
DIRECCIÓN DE VALIDACIÓN : https://run.gob.es/hsblF8yLcR
FIRMANTE(1) : MARIA DEL CARMEN PAEZ SORIA | FECHA : 30/09/2025 14:40 | NOTAS : F
RcLy8Flbsh/se.bog.nur//:sptth:nóiccerid
etneiugis
al
ne
otnemucod
etse
ed
dadirgetni
al
racifirev
edeuP
| 9739-0ac9-5c92-1934-abef-986f-d254-dc6b-NEG
:
.V.S.C
| lanigiro
otnemucod
la
eyutitsus
on
,AMRIF
ED
EMROFNI
en el artículo 5 y en el Anexo I de la convocatoria sobre los gastos que son subvencionables a este respecto. En el
caso de que la suma de gastos subvencionables del proyecto sea inferior a la ayuda concedida, el beneficiario
deberá solicitar la devolución voluntaria del importe restante
Asimismo, los beneficiarios se comprometen al cumplimiento de las obligaciones establecidas en el artículo 14 de
la citada Resolución de convocatoria.
Cuarto. - Denegar el resto de las solicitudes que figuran en el Anexo III del acta de la Comisión de Valoración, cuyo
contenido se encuentra a disposición de los interesados en el Centro de Coordinación de Industrias Culturales.
Quinto. - Declarar excluidas las solicitudes que figuran en el Listado definitivo de solicitudes excluidas, cuyo
contenido se encuentra a disposición de los interesados en el Centro de Coordinación de Industrias Culturales, por
no cumplir con los requisitos establecidos para poder participar en la convocatoria o por desistimiento de los
interesados.
Esta Resolución pone fin a la vía administrativa y contra la misma podrá interponerse recurso contencioso-
administrativo ante la Sala de lo Contencioso-Administrativo de la Audiencia Nacional de acuerdo con lo previsto en
la legislación procesal, en el plazo de dos meses a contar desde el día siguiente a la fecha de su publicación.
Asimismo, la presente Resolución podrá ser recurrida potestativamente en reposición, en el plazo de un mes y ante
el mismo órgano que la ha dictado, de acuerdo con lo dispuesto en los artículos 123 y 124 de la Ley 39/2015, de 1
de octubre, del Procedimiento Administrativo Común de las Administraciones Públicas.
La Subsecretaria de Cultura
Carmen Páez Soria
CSV : GEN-b6cd-452d-f689-feba-4391-29c5-9ca0-9379
DIRECCIÓN DE VALIDACIÓN : https://run.gob.es/hsblF8yLcR
FIRMANTE(1) : MARIA DEL CARMEN PAEZ SORIA | FECHA : 30/09/2025 14:40 | NOTAS : F
RcLy8Flbsh/se.bog.nur//:sptth:nóiccerid
etneiugis
al
ne
otnemucod
etse
ed
dadirgetni
al racifirev
edeuP
| 9739-0ac9-5c92-1934-abef-986f-d254-dc6b-NEG
: .V.S.C
| lanigiro
otnemucod
la
eyutitsus
on
,AMRIF
ED
EMROFNI
MINISTERIO DE CULTURA
ANEXO I Beneficiarios
Subsecretaría de Cultura. Centro de Coordinación de Industrias Culturales
Ayudas a proyectos profesionales y empresariales para el fomento de la innovación en las industrias culturales y creativas - 2025
Aplicación presupuestaria: 24.01.334C.772
BENEFICIARIOS NIF TÍTULO DEL PROYECTO IMPORTE (€ )
Innovación y expansión cultural de ÁBBATTE: Creación de un centro de
ABADIA DE COLLADO HERMOSO SL B83612325 36.400,00
referencia para difundir el valor del mundo textil y tintóreo
ACCION, GESTION INTEGRAL DEL PATRIMONIO CULTURAL SL B71476527 Laboratorio de Memorias Digitales 19.545,44
Desarrollo de un prototipo de una plataforma digital de diseño específico para
ADDITIVE SPACES S.L. B09931601 39.900,00 fabricación aditiva enfocada a arquitectos y diseñadores.
ALBA SOTORRA,S.L. B66600412 #docsconnect training Sitges 39.765,00
PRISMA: Espacio Multidisciplinar Modulable para la Democratización Cultural
ALEJOS GONZALEZ, ITZAR *2198* 20.000,00
y Tecnológica
AMENIMAT DESIGN ART & FASHION SL B88434071 PROYECTO TRANSHUMANCIA DIGITAL 50.000,00
ANTAVIANA FILMS, S.L. B66475534 Servicio de Previsualización para producciones audiovisuales 49.545,00
AccesIA - Sistema de interpretación del Patrimonio cultural con IA generativa
ARCE RIVERO, MIGUEL TOMAS *7571* 25.000,00 para la accesibilidad universal
¿El Pan y la semilla, Patrimonio Arqueológico de la Humanidad: De las
ARQUEOLOGIA Y DIDÁCTICA SC J99415168 14.400,00 arcaicas a las nuevas tecnologías¿
ARRAIANOS PRODUCIONS SL B70436233 ArteciencIA 25.000,00
ARTEFACTO FILMICO S.L. B44983641 ARTEFACTO DIGITAL METHODS 50.000,00
BELYEU NAHMIAS, FRANK LAFAYETTE *6132* Story Pitcher 39.000,00
BONITO SOUND S.L. B10805299 TOURHOUSE 47.200,00
CAFE KINO SL B86553781 Discover the Silents- Siente el cine sin barreras 24.520,00
CANDELARIA SUR SL B83944280 APLICACIÓN TEATRO LARA 19.600,00
CANUSSA EUROPE SL B87882452 CANUSSA LAB 18.000,00
CARME TEATRE SL B97511240 BUTACA 180 VR 25.000,00
CENTRO CREATIVO QUINTA DEL SORDO SL B86569027 TANDEM 10 25.000,00
CLAP STUDIO S.L. B40546541 UNWASTE 39.072,00
CLIPBEAT MUSIC SL B75285189 CLIPBEAT 50.000,00
COMO SER FOTOGRAFA GESTION CULTURAL S.L. B72975451 Visión en Foco. El universo creativo de Cómo ser Fotógrafa. 35.000,00
CULTURA & COMUNICACION SERVICIOS ESPECIALIZADOS DE
B34237420 IX FORO DE LA CULTURA 50.000,00
COMUNICACION SL
CULTURIA SL B88575766 PLATAFORMA EMPRENDOTECA.ES | Edición 2025 39.980,00
C2MASI SL B01462936 Kultursistema 50.000,00
Página 1 de 4
CSV : GEN-b6cd-452d-f689-feba-4391-29c5-9ca0-9379
DIRECCIÓN DE VALIDACIÓN : https://run.gob.es/hsblF8yLcR
FIRMANTE(1) : MARIA DEL CARMEN PAEZ SORIA | FECHA : 30/09/2025 14:40 | NOTAS : F
RcLy8Flbsh/se.bog.nur//:sptth:nóiccerid
etneiugis
al
ne
otnemucod
etse
ed
dadirgetni
al
racifirev
edeuP
| 9739-0ac9-5c92-1934-abef-986f-d254-dc6b-NEG
: .V.S.C
| lanigiro
otnemucod
la eyutitsus
on
,AMRIF
ED
EMROFNI
MINISTERIO DE CULTURA
ANEXO I Beneficiarios
Subsecretaría de Cultura. Centro de Coordinación de Industrias Culturales
Ayudas a proyectos profesionales y empresariales para el fomento de la innovación en las industrias culturales y creativas - 2025
Aplicación presupuestaria: 24.01.334C.772
BENEFICIARIOS NIF TÍTULO DEL PROYECTO IMPORTE (€ )
DE LA PARRA FEDEROVSKY, EZEQUIEL SANTIAGO *3941* NotNoise 50.000,00
DESPUNTE DISEÑO E INGENIERIA SOC COOP GALEGA F16819781 APP-CUIRA: Aplicación para Curar Itinerarios de Realidad Aumentada 24.920,00
EDITORIAL BARRETT S. COOP. AND. F02908622 TIESTO 24.000,00
Edicapp 2.0: integración, automatización y licenciamiento de una solución
ELOY-GARCIA VARGAS-MACHUCA, MARIA JOSE *3397* 12.800,00
editorial para el ecosistema independiente.
FESTIVAL IBEROAMERICANO DE CREACIÓN SONORA ESTACIÓN ESTACION PODCAST SL B09715210 40.000,00
PODCAST 2026
FINANCIALROCKS, SOCIEDAD LIMITADA B75371039 Plataforma de Inversión en Eventos Culturales 19.920,00
GALERIA FUTURA ARTE CONTEMPORANEO SL B84185685 FESTIVAL DE LAS IDEAS 2.0 39.000,00
GARCIA DOMINGO, JUAN CARLOS *5360* COSIRAR. Memoria, cultura y medio rural. 24.720,00
GOMEZ CASTILLO, MARIA TERESA *2750* Alumbra Innova: Laboratorio Museístico de Innovación y Territorio 39.900,00
GONZALEZ PRIETO, ARITZ *2983* Mapout Guides 39.872,00
GRACIA DE PEDRO, MARIA *7161* Artepreneur. Consolidación y expansion 36.225,00
BUSINESS INTELLIGENCE (BI) PARA LA PRODUCCIÓN DE
INCENTIVA CULTURA SOCIEDAD LIMITADA B13836051 47.900,00
ESPECTÁCULOS EN VIVO
INNOVARTE CONSULTORIA SL B87988267 CRAFT &amp; DESIGN LAB_ CORDOBA INSPIRA 26.100,00
II Jornadas Internacionales de Circo Contemporáneo y Artes de Calle para
INSULACULTURAL S COOP AND F16982845 27.800,00
Gestores Culturales
INTERMEDIO MONTAJES SL B48943831 Laboratorio de Creación de Materiales para Escena y Cine EKH¿ LAB 33.600,00
KONIEC FILMS SL B66801044 ALFRED - Herramienta de asistencia a la creación de animaciones digitales 40.000,00
LA HUELLA CREATIVE STUDIOS SL B64589542 Impulso del crecimiento y la transformación tecnológica de Huephonic 50.000,00
LMQ TEATRO SOCIEDAD LIMITADA B40553364 La Màquina accesible 24.280,00
PLATAFORMA WEIKOS: DESARROLLO DE MÓDULOS FUNCIONALES Y
MAQUELAME SL B109",transferencia,0.667,administracion|economica|legal|pago,False,True,True,,,,,/Users/usuario/Desktop/PROFESIONAL/enGira/FINANCIACIÓN/SUBVENCIONES/MINISTERIO DE CULTURA/Industrias Culturales 25/JUSTIFICACION/datos_engira/00_BASES_Y_RESOLUCION/resoluci-n--de-concesi-n.pdf
bases_y_resolucion,00_BASES_Y_RESOLUCION/BASES/Papel de trabajo.pdf,Papel de trabajo.pdf,.pdf,377766,documento,2025-04-13T08:09:54,21,01/04/2025,"0,26|0,26 €|0.00|1.47|15.00|2.50|2.94|24.01|25.00|25.000,00|25.000,00 €|25.0000,01|25.0000,01 €|300.00|4.50|40.00|40.000,00|40.000,00 €|40.000,01|40.000,01 €|5.00|50.00|50.000,00|50.000,00 €|60.00|€ 20|€ 30|€ 40",,"http://www.cultura.gob.es/cultura/industriasculturales/portada.html|http://www.cultura.gob.es/cultura/industriasculturales/portada.html).|https://cultura.sede.gob.es/procedimientos/index/categoria/1168).|https://run.gob.es/hsblF8yLcR|https://sede.mcu.gob.es/SedeElectronica.|https://www.cultura.gob.es/cultura/industriasculturales/portada.html).|https://www.cultura.gob.es/cultura/industriasculturales/sc/becas-ayudas-subvenciones.html),|https://www.cultura.gob.es/servicios-al-ciudadano/proteccion-datos.html).",,"RcLy8Flbsh/se.bog.nur//:sptth:nóiccerid
etneiugis
al
ne
otnemucod
etse
ed
dadirgetni
al
racifirev
edeuP
| 7a66-92ad-61d1-a509-0346-2fcf-bae0-e5f0-NEG
:
.V.S.C
| lanigiro
otnemucod
la
eyutitsus
on
,AMRIF
ED
EMROFNI
SUBSECRETARÍA DE CULTURA
MINISTERIO
DE CULTURA CENTRO DE COORDINACIÓN DE
INDUSTRIAS CULTURALES
Resolución de la Subsecretaría de Cultura, por la que se convocan las ayudas a proyectos
profesionales y empresariales para el fomento de la innovación en las industrias culturales y
creativas correspondientes al año 2025
En el ámbito de los sectores culturales y creativos, la innovación es una de las principales derivadas
de la creatividad, y se concreta mediante la transformación del conocimiento y las ideas culturales en
la capacidad de introducir cambios y mejoras –en productos o procesos– que generen valor añadido
en la oferta y una mayor gratificación en los ciudadanos.
La Comisión Europea otorga a las industrias culturales y creativas un papel estratégico en el
crecimiento económico de los próximos años, derivado de su contribución al empleo de calidad y a la
producción de alto valor añadido. Esta capacidad de desarrollo y progreso se asienta especialmente
en su posicionamiento en el ámbito de la economía digital y en los efectos inducidos en otros sectores.
El Ministerio de Cultura apoya decididamente la creación, el desarrollo y la modernización de las
industrias culturales y creativas como un sector de crecimiento dentro de un nuevo modelo económico
basado en la innovación.
La instrumentalización de estas políticas se lleva a cabo a través de la Subsecretaría de Cultura, que,
de acuerdo con lo establecido en el Real Decreto 323/2024, de 26 de marzo, por el que se desarrolla
la estructura orgánica básica del Ministerio de Cultura, y se modifica el Real Decreto 1009/2023, de 5
de diciembre, por el que se establece la estructura orgánica básica de los departamentos ministeriales,
es competente para el diseño de las políticas de promoción de las industrias culturales en coordinación
con la Secretaría de Estado de Cultura.
El objetivo que se persigue es poder ofrecer productos y servicios culturales mediante nuevas
tecnologías, favorecer la sostenibilidad del sector cultural, impulsar la creación y difusión de la oferta
cultural, formar gestores y emprendedores culturales, apoyar la consolidación de empresas culturales
y creativas, contribuir a la generación de empleo, favorecer la internacionalización del sector, fomentar
la participación, capacidad de decisión de los particulares y empresas en actividades culturales a través
del mecenazgo y promover el incremento de la presencia de las mujeres en las industrias creativas y
culturales haciendo frente a la brecha de género.
Mediante la presente Resolución, de conformidad con lo dispuesto en el artículo 3 de la Orden
CUL/2912/2010, de 10 de noviembre, por la que se establecen las bases reguladoras para la concesión
de subvenciones públicas en régimen de concurrencia competitiva del Ministerio de Cultura y sus
organismos públicos, (BOE núm. 275, de 13 de noviembre de 2010) y al amparo de lo dispuesto en el
artículo 149.2 de la Constitución Española al determinar que el Estado “considerará el servicio de la
cultura como deber y atribución esencial y facilitará la comunicación cultural entre las Comunidades
Autónomas”, se convocan las ayudas a proyectos profesionales y empresariales para el fomento de la
innovación en las industrias culturales y creativas correspondientes al año 2025.
Las ayudas contempladas en la presente convocatoria demandan una regulación unitaria de todos sus
aspectos. La gestión centralizada de las mismas se justifica por el especial carácter de las medidas que
se contemplan. Es de plena aplicación la reiterada doctrina del Tribunal Constitucional de que
corresponde al Estado la “preservación del patrimonio cultural común, lo que precise de tratamientos
generales o que no puedan lograrse desde otras instancias” (SSTC 49/1984, 157/1985, 107/1987 y
17/1991). El apoyo al sector de las industrias culturales y creativas que ofrece esta línea de ayudas
consiste en facilitar el desarrollo de contenidos y plataformas digitales que permitan la integración
tecnológica de la oferta de productos y servicios culturales en España, de modo que la audiencia y la
potencial demanda global pueda tener acceso a la imagen y a productos y servicios culturales de
nuestro país.
Paralelamente, corresponde al Estado la gestión en los casos en que resulte imprescindible para
asegurar la plena efectividad de las ayudas dentro de la Ordenación básica del sector. Teniendo en
cuenta las características del sector de la industria cultural y creativa, así como la desigual implantación
1
MINISTERIO
DE CULTURA
CSV : GEN-0f5e-0eab-fcf2-6430-905a-1d16-da29-66a7
DIRECCIÓN DE VALIDACIÓN : https://run.gob.es/hsblF8yLcR
FIRMANTE(1) : MARIA DEL CARMEN PAEZ SORIA | FECHA : 01/04/2025 13:05 | NOTAS : F
RcLy8Flbsh/se.bog.nur//:sptth:nóiccerid
etneiugis
al
ne
otnemucod
etse
ed
dadirgetni
al
racifirev
edeuP
| 7a66-92ad-61d1-a509-0346-2fcf-bae0-e5f0-NEG
:
.V.S.C
| lanigiro
otnemucod
la
eyutitsus
on
,AMRIF
ED
EMROFNI
SUBSECRETARÍA DE CULTURA
MINISTERIO
DE CULTURA CENTRO DE COORDINACIÓN DE
INDUSTRIAS CULTURALES
en el territorio de sus agentes protagonistas, resulta necesaria su gestión centralizada para garantizar
iguales posibilidades de obtención y disfrute por parte de sus potenciales destinatarios en todo el
territorio nacional, así como para lograr la vertebración de dicho sector. La necesidad de gestión
centralizada se justifica, en los términos de la STC 71/1997 (FJ 4), por la existencia de un mercado
cultural global y altamente competitivo donde la mejor posibilidad de aumentar nuestra visibilidad es
reforzando nuestra oferta de contenidos culturales fácilmente accesibles y en español.
Por todo ello, convoco las ayudas a proyectos profesionales y empresariales para el fomento de la
innovación en las industrias culturales y creativas, correspondientes al año 2025, incluidas en el Plan
Estratégico de Subvenciones del Ministerio de Cultura.
Artículo 1. Objeto y finalidades
1. Las ayudas a proyectos profesionales y empresariales para el fomento de la innovación en las
industrias culturales y creativas tienen por objeto financiar proyectos privados con ánimo de lucro que
contribuyan a modernizar y renovar las industrias culturales y creativas, actuando en alguno de los
siguientes sectores: arquitectura, artes audiovisuales, artes escénicas, artes plásticas y visuales,
cine, diseño, gestión cultural, libros, moda, música y danza, medios de comunicación, patrimonio
cultural y turismo cultural.
2. Los proyectos presentados deberán contribuir a la consecución de las siguientes finalidades:
a) Fomentar prácticas profesionales y empresariales innovadoras para la creación y difusión de
contenidos y servicios culturales, que mejoren la calidad de la oferta cultural y promuevan los
derechos de propiedad intelectual.
b) Promover la inversión de las empresas culturales y estimular la participación del sector privado en
la financiación de proyectos culturales, con especial atención al desarrollo tecnológico del sector
cultural, su sostenibilidad medioambiental, la expansión internacional de nuestro tejido empresarial
y/o el fomento del mecenazgo.
c) Incrementar la generación de empleo cultural, fomentar su capacitación y profesionalización, y
ayudar a la consecución de la igualdad de género dentro del mismo.
d) Impulsar la vertebración del sector cultural español mediante el fortalecimiento de alianzas y redes
profesionales, el cumplimiento global de los Objetivos de Desarrollo Sostenible y el fomento de una
presencia equilibrada de las industrias culturales y creativas en todo el territorio nacional.
Los proyectos respetarán la normativa reguladora en materia de propiedad intelectual, en particular, el
Real Decreto Legislativo 1/1996, de 12 de abril, por el que se aprueba el Texto Refundido de la Ley de
Propiedad Intelectual y su normativa de desarrollo (BOE núm. 97, de 22 de abril de 1996).
Artículo 2. Plazo de ejecución
1. Las actividades deberán desarrollarse entre el 1 de julio de 2025 y el 30 de junio de 2026. Por tanto,
los gastos deberán realizarse dentro de este periodo.
2. La emisión de los justificantes de gasto tendrá como fecha límite el 30 de junio de 2026, y la emisión
de los justificantes de pago tendrá como fecha límite el 30 de septiembre de 2026. Solo serán
subvencionables aquellos gastos que hayan sido efectivamente pagados con anterioridad a la
finalización del plazo de justificación.
Artículo 3. Imputación presupuestaria
El importe máximo imputable a la convocatoria será de 2.940.000 euros. Las ayudas concedidas se
sufragarán con los créditos de la aplicación 24.01.334C.772 del Presupuesto de Gastos del Ministerio
de Cultura y Deporte previsto en la Ley 31/2022, de 23 de diciembre, de Presupuestos Generales del
Estado para el año 2023 (BOE núm. 308, de 24 de diciembre de 2022), prorrogados al ejercicio 2025
2
MINISTERIO
DE CULTURA
CSV : GEN-0f5e-0eab-fcf2-6430-905a-1d16-da29-66a7
DIRECCIÓN DE VALIDACIÓN : https://run.gob.es/hsblF8yLcR
FIRMANTE(1) : MARIA DEL CARMEN PAEZ SORIA | FECHA : 01/04/2025 13:05 | NOTAS : F
RcLy8Flbsh/se.bog.nur//:sptth:nóiccerid
etneiugis
al
ne
otnemucod
etse
ed
dadirgetni
al
racifirev
edeuP
| 7a66-92ad-61d1-a509-0346-2fcf-bae0-e5f0-NEG
:
.V.S.C
| lanigiro
otnemucod
la
eyutitsus
on
,AMRIF
ED
EMROFNI
SUBSECRETARÍA DE CULTURA
MINISTERIO
DE CULTURA CENTRO DE COORDINACIÓN DE
INDUSTRIAS CULTURALES
para el Ministerio de Cultura, de acuerdo con el Real Decreto 829/2023, de 20 de noviembre, por el que
se reestructuran los departamentos ministeriales.
2. En los términos previstos en el artículo 58 del Real Decreto 887/2006, de 21 de julio, se prevé la
posibilidad de fijar una cuantía adicional, por un importe máximo de 1.475.000 euros, cuya aplicación a
la concesión de esta línea de subvenciones no requerirá de una nueva convocatoria. La efectividad de
la cuantía adicional quedará condicionada a la declaración de disponibilidad del crédito en el mismo
concepto presupuestario y, en su caso, a la aprobación previa de la modificación presupuestaria que
proceda, en un momento anterior a la resolución de la concesión de la subvención.
Artículo 4. Beneficiarios
1. Podrán ser beneficiarios:
a) Las personas jurídicas con ánimo de lucro, de nacionalidad española, de cualquier Estado
miembro de la Unión Europea o de los Estados signatarios del Acuerdo sobre el Espacio
Económico Europeo, con residencia fiscal en España y que se encuentren legalmente
constituidas a la fecha de finalización del plazo de presentación de solicitudes.
b) Las personas físicas que sean profesionales inscritos en el Régimen Especial de Trabajadores
Autónomos, conforme a la Ley 20/2007, de 11 de julio, del Estatuto del trabajo autónomo, a la
fecha de presentación de la solicitud.
En ambos casos, los beneficiarios deberán tener la condición de pequeñas empresas y microempresas.
Se entiende por microempresa y por pequeña empresa las que con tal carácter se definen en el artículo
2 del Anexo I del Reglamento (UE) n.º 651/2014 de la Comisión, de 17 de junio de 2014, por el que se
declaran determinadas categorías de ayudas compatibles con el mercado interior en aplicación de los
artículos 107 y 108 del Tratado.
2. Quedan excluidas las Administraciones Públicas, sus organismos autónomos, las empresas
públicas, y otros entes públicos, las entidades sin ánimo de lucro, así como las agrupaciones de interés
económico (A.I.E.), las comunidades de bienes (C.B.) y las uniones temporales de empresas (U.T.E.).
3. Los beneficiarios no podrán obtener ayuda en más de tres convocatorias consecutivas. Por tanto,
las entidades que hayan sido beneficiarias en las tres últimas convocatorias no podrán presentarse a
la presente convocatoria, quedando excluidas en el caso de hacerlo.
4. No podrán obtener la condición de beneficiarios las personas o entidades en quienes concur",contrato,0.667,administracion|laboral|legal,False,False,False,,,,,/Users/usuario/Desktop/PROFESIONAL/enGira/FINANCIACIÓN/SUBVENCIONES/MINISTERIO DE CULTURA/Industrias Culturales 25/JUSTIFICACION/datos_engira/00_BASES_Y_RESOLUCION/BASES/Papel de trabajo.pdf
proyecto_presentado,01_PROYECTO_PRESENTADO/Innovación_-_Cronograma_de_desarrollo__por_fases.docx,Innovación_-_Cronograma_de_desarrollo__por_fases.docx,.docx,31890,documento,2025-04-30T13:53:24,,,"2.20|2.200 €|2.28|2.282,90|2.282,90 €|200 €|3.00|3.000 €|34.18|34.180 €|5.24|5.240 €|500 €|851,10|851,10 €|9.13|9.87|9.870 €|900 €",,,,"AYUDAS A PROYECTOS PROFESIONALES Y EMPRESARIALES PARA EL FOMENTO DE LA INNOVACIÓN
EN LAS INDUSTRIAS CULTURALES Y CREATIVAS
CRONOGRAMA DE DESARROLLO DEL PROYECTO POR FASES
SOLICITANTE: MARIA JOSE MORAL MORGADO | SOLICITANTE: MARIA JOSE MORAL MORGADO | TÍTULO DEL PROYECTO: enGira! | TÍTULO DEL PROYECTO: enGira!
DENOMINACIÓN DE LA FASE | FECHAS PREVISTAS
(deben estar dentro del periodo
de ejecución de la convocatoria) | PRINCIPALES ACTUACIONES A REALIZAR EN CADA FASE
(deben corresponder a actuaciones descritas en la memoria del proyecto) | CUANTÍA DEL GASTO EN CADA FASE
RESPONSABLE DE OPERACIONES | Julio 2025 – Junio 2026 | Estrategia y supervisión | 2.200 €
ADMINISTRACIÓN | Julio 2025 – Junio 2026 | Atención al Cliente | 9.136
ADMINISTRACIÓN | Julio 2025 – Junio 2026 | Gestión de usuarios de la plataforma y bases de datos | 9.136
ADMINISTRACIÓN | Julio 2025 – Junio 2026 | Contabilidad | 9.136
ADMINISTRACIÓN | Julio 2025 – Junio 2026 | Teléfono / Internet | 9.136
SOPORTE TÉCNICO Y DESARROLLO DE SOFTWARE | Julio 2025 – Junio 2026 | Mejora de la eficiencia del panel de admnistrador de la plataforma enGira! | 5.240 €
SOPORTE TÉCNICO Y DESARROLLO DE SOFTWARE | Julio 2025 – Junio 2026 | Sistema para destacar espectáculos de agentes colaboradores | 5.240 €
SOPORTE TÉCNICO Y DESARROLLO DE SOFTWARE | Julio 2025 – Junio 2026 | Mejora de diseño Responsive | 5.240 €
SOPORTE TÉCNICO Y DESARROLLO DE SOFTWARE | Julio 2025 – Junio 2026 | Mantenimiento y Resolución de incidencias | 5.240 €
SOPORTE TÉCNICO Y DESARROLLO DE SOFTWARE | Julio 2025 – Junio 2026 | Servidor | 5.240 €
ALIANZAS ESTRATÉGICAS | Julio 2025 – Junio 2026 | Firma de acuerdos marco con festivales y circuitos para la contratación de espectáculos de enGira! | 3.000 €
ALIANZAS ESTRATÉGICAS | Julio 2025 – Junio 2026 | Acuerdos comerciales con asociaciones de artistas y creadores escénicos | 3.000 €
ALIANZAS ESTRATÉGICAS | Octubre – Noviembre 2025 | Programas de acompañamiento orientado en la distribución para artistas residentes en espacios de creación colaboradores | 3.000 €
FORMACIÓN | Septiembre – Octubre 2025 | Formación empleada comercial | 851,10 €
FORMACIÓN | Septiembre – Octubre 2025 | Alquiler coworking | 851,10 €
COMERCIALIZACIÓN
| Septiembre 2025 – Junio 2026 | Venta fría a programadores de teatros | 9.870 €
COMERCIALIZACIÓN
| Septiembre 2025 – Junio 2026 | e-commerce espectáculos premium | 9.870 €
COMERCIALIZACIÓN
| Septiembre 2025 – Junio 2026 | e-mail marketing | 9.870 €
COMERCIALIZACIÓN
| Octubre 2025
| Stand en MERCARTES | 9.870 €
COMERCIALIZACIÓN
| Noviembre 2025 – Junio 2026 | Implementación de servicios de pago para artistas | 9.870 €
COMUNICACIÓN | Julio 2025 – Junio 2026 | Webinars cómo sacar partido a las herramientas enGira! | 2.282,90 €
COMUNICACIÓN | Julio 2025 – Junio 2026 | Contratación Zoom | 2.282,90 €
COMUNICACIÓN | Julio 2025 – Junio 2026 | Newsletter usuarios | 2.282,90 €
COMUNICACIÓN | Julio 2025 – Junio 2026 | Campañas conjuntas con colaboradores en RRSS | 2.282,90 €
COMUNICACIÓN | Octubre 2025 | Roll-up, material promocional | 2.282,90 €
COMUNICACIÓN | Enero – Junio 2026 | Promoción en RRSS de los espectáculos premium | 2.282,90 €
GESTORÍA | Julio 2025 – Junio 2026 | Gestoría | 900 €
GESTORÍA | Julio 2025 – Junio 2026 | PRL | 900 €
LABORAL | Julio 2025 – Junio 2026 | Gestoría laboral | 200 €
LEGAL | Julio 2025 – Junio 2026 | LOPD | 500 €
SUMA TOTAL DE LOS GASTOS DE TODAS LAS FASES
(debe coincidir con el TOTAL DE GASTOS del RESUMEN DE GASTOS del presupuesto) | SUMA TOTAL DE LOS GASTOS DE TODAS LAS FASES
(debe coincidir con el TOTAL DE GASTOS del RESUMEN DE GASTOS del presupuesto) | SUMA TOTAL DE LOS GASTOS DE TODAS LAS FASES
(debe coincidir con el TOTAL DE GASTOS del RESUMEN DE GASTOS del presupuesto) | 34.180 €",memoria,0.533,actividad|administracion|documentacion|planificacion,False,False,False,desarrollo,,,,/Users/usuario/Desktop/PROFESIONAL/enGira/FINANCIACIÓN/SUBVENCIONES/MINISTERIO DE CULTURA/Industrias Culturales 25/JUSTIFICACION/datos_engira/01_PROYECTO_PRESENTADO/Innovación_-_Cronograma_de_desarrollo__por_fases.docx
proyecto_presentado,01_PROYECTO_PRESENTADO/Innovación_-_Autónomos_-_Curriculum_y_Proyecto.docx,Innovación_-_Autónomos_-_Curriculum_y_Proyecto.docx,.docx,122292,documento,2025-04-30T13:51:52,,04/09/1982,"1.12|1.125 €|1.50|10,00|10,00 €|10.00|10.000 €|12.50|12.500 €|2,00|2.00|2.000 €|2.50|2.500 €|25 €|25,00|25,00 €|25.00|25.000 €|300 €|35.00|35.000 €|37.00|37.000 €|45 €|45,00|45,00 €|5,00|5,00 €|5.00|5.000 €|5.000,00|5.000,00 €|50,00|50,00 €|50.85|50.858,49|50.858,49 €|500 €|500,00|500,00 €|6.00|6.000 €|75.85|75.858,49|75.858,49 €|9.71|9.87|9.875 €",,https://engira.art|https://engira.art/|https://opencall.engira.art/|https://www.instagram.com/_engira?utm_source=ig_web_button_share_sheet&igsh=ZDNlZDc0MzIxNw==|https://www.youtube.com/watch?v=EqMDESHxEL8|https://www.youtube.com/watch?v=i_B-sT62hI8|https://www.youtube.com/watch?v=yvPgR_utFzo,,"CURRICULUM VITAE
EXPERIENCIA PROFESIONAL
Maria José Moral Morgado (ZEENA) desarrolla su actividad profesional en el sector de las Artes Escénicas desde 2014. Trabaja en colaboración con compañías y creadores escénicos aportando a sus proyectos una visión más amplia del sector, posicionando sus obras en el actual entramado cultural nacional e internacional y procurando unas condiciones óptimas de desarrollo y vida del espectáculo.
Zeena tiene el compromiso de contribuir a mejorar el sector de las artes escénicas, velando por las necesidades de los creadores e impulsando proyectos que experimenten con nuevos lenguajes, coherentes con la realidad actual.
Ha participado en la producción y la distribución de numerosos espectáculos con gira por territorio nacional y presencia en algunos de los festivales más importantes del panorama actual (Festival de Otoño 2022, Festival Internacional de Teatro Clásico de Almagro, Festival de Peñíscola, FETEN, FITA –Portugal-, LA Escena -Los Ángeles, USA-, …).
En 2023, con el apoyo del Ministerio de Cultura, el Área de Cultura del Ayuntamiento de Madrid y la colaboración de Fundación SGAE, crea e impulsa enGira!, una plataforma para la promoción de la creación escénica contemporánea que propone un nuevo modelo para la distribución de espectáculos basado en la cooperación y la sostenibilidad.
2023/24
DIRECCIÓN DE PROYECTO
- Dirección y desarrollo del proyecto enGira! beneficiario de las Ayudas para la Modernización y la Innovación de las Industrias Culturales y Creativas 2023.**
PRODUCCIÓN
- Diseño, desarrollo y dinamización del proyecto cultural #ComunidadQuinta: Guardianes de la memoria para Espacio Abierto Quinta de los Molinos del Ayuntamiento de Madrid.
DISTRIBUCIÓN
- “Soy Salvaje” La Maquiné
- “Camino largo de vuelta a casa” Flexión Producciones
- “Estación Paraíso” La Maquiné
2022/23
PRODUCCIÓN
- Diseño, desarrollo y dinamización del proyecto cultural #ComunidadQuinta: Guardianes de la memoria para Espacio Abierto Quinta de los Molinos del Ayuntamiento de Madrid.
- Producción del espectáculo infantil Tejiendo Palabras, de Georgina de Yebra.
- Colaboración en la producción y distribución de La casa de los celos y selvas de Ardenia de Cervantes, dirigida por Ernesto Arias y coproducida por EscénaTe, Fundación Juan March, Veranos de la Villa y la Comunidad de Madrid.
DISTRIBUCIÓN
8 espectáculos en distribución
+ de 50 contrataciones
2021
DISTRIBUCIÓN
8 espectáculos en distribución
37 contrataciones
PRODUCCIÓN
- Colaboración en la producción de EL ANIMAL DE HUNGRÍA de Colectivo Állatok y EscénaTe, proyecto realizado con el apoyo de la Comunidad de Madrid, el Teatro de la Abadía y el Festival de Peñíscola.
2020
DISTRIBUCIÓN
5 espectáculos en distribución
29 contrataciones
PRODUCCIÓN
- Colaboración en la producción de EL PREMIO de la Quintana Teatro
- Colaboración en EL VUELO DEL HIPOTÁLAMO de Osikán Vivero Escénico Experimental, para residencia de investigación en CONDE DUQUE (Madrid)
2019
Apoyo en la producción del espectáculo I Love Madrid de Osikán Vivero Escénico Experimental en coproducción con Naves Matadero y Siemens.
**Estado de Ejecución del Proyecto enGira!
1. Fase inicial de Diseño y Desarrollo (completada)
Duración: Julio 2023 - Diciembre 2024 (ampliada por el Área de Industrias Culturales)
Coordinación: Liderada por la solicitante de la ayuda.
Características:
Innovación sin precedentes, demandando flexibilidad en la ejecución.
Adaptación constante de objetivos y recursos en respuesta al desarrollo de otras fases.
2. Aceleración Empresarial (completada la primera fase)
Inicio: Enero 2024 – Diciembre 2024
Objetivos cumplidos:
Establecimiento de diálogos productivos con múltiples agentes del sector de las Artes Escénicas.
Análisis de datos y documentos del mercado para el diseño y desarrollo de la plataforma.
Alianzas Estratégicas:
Fundación SGAE: Firma de un convenio de colaboración para usar los datos del archivo MIRE (Mapa Informatizado de Recintos Escénicos) a cambio de ventajas para sus socios en la suscripción a enGira!. Clientes potenciales.
Réplika Teatro: Colaboración en la celebración de las I Jornadas de Movilidad e Internacionalización de Artistas enGira!
Otras Conversaciones en curso:
La Red Nacional de Teatros y Auditorio de Titularidad Pública: Promoción del uso de enGira! entre sus asociados. Clientes potenciales.
Acción Cultural Española: Interés en una colaboración a medio plazo para internacionalización.
FECED, PDCirco – El Invernadero, UCEPE, Box Levante: Clientes potenciales
3. Diseño, Creación y Desarrollo de Software (completada la primera fase)
Duración: Enero 2024 - Junio 2024
Características:
Estudio de mercado y conocimiento del sector de las artes escénicas.
Recabación y organización de datos para una herramienta innovadora.
Automatización inteligente de los procesos de distribución de espectáculos.
Funcionamiento del Software:
Uso de algoritmos predictivos para detectar coincidencias entre oferta y demanda.
Registro de tres perfiles de usuarios: artistas, programadores de teatros y productores/distribuidores.
Acceso a catálogos de espectáculos con el sello enGira! y bases de datos con más de 2,000 espacios de exhibición.
Áreas de usuario personalizadas según el perfil con herramientas para la gestión de espectáculos.
Implementación de Machine Learning para mejorar funcionalidades.
https://www.youtube.com/watch?v=EqMDESHxEL8
https://www.youtube.com/watch?v=i_B-sT62hI8
4. Comercialización, Testeo y comunicación (completada la primera fase)
Duración: Junio 2024 – Diciembre 2024
WEB: https://engira.art/
RRSS:https://www.instagram.com/_engira?utm_source=ig_web_button_share_sheet&igsh=ZDNlZDc0MzIxNw==
Programa Piloto:
Selección y registro de artistas. https://opencall.engira.art/
Registro de programadores (septiembre-octubre 2024).
Jornadas profesionales para presentar trabajos artísticos y testear la herramienta (noviembre 2024). https://www.youtube.com/watch?v=yvPgR_utFzo
DESCRIPCIÓN DEL PROYECTO
Título: enGira!
Localización: Ámbito nacional e internacional
Inicio de actividad: Julio 2023
Descripción breve: enGira! es una plataforma para la promoción de artistas escénicos contemporáneos que propone un nuevo modelo para la distribución y la programación de espectáculos basado en la cooperación y la sostenibilidad.
La plataforma, de base tecnológica, conecta profesionales de las AAEE y ofrece herramientas inteligentes para optimizar los procesos de distribución y programación de espectáculos.
Objetivos operativos:
Generar nuevas relaciones profesionales entre artistas y programadores de teatro
Optimizar los procesos de distribución y programación de espectáculos
Promocionar la creación contemporánea.
Promover la cooperación y la sostenibilidad medioambiental en la movilidad de artistas.
Promover sinergias y alianzas estratégicas con otros agentes del sector y fomentar el trabajo en red.
Promover la inclusión de museos y galerías en los circuitos escénicos.
Misión: La misión de Zeena es revolucionar la forma en que se distribuyen las Artes Escénicas y hacerlas accesibles a nivel nacional, ofreciendo a los artistas emergentes una plataforma para exhibir su talento y a los programadores una herramienta eficaz para la selección de espectáculos.
Visión: La visión de Zeena es consolidar una iniciativa innovadora y transformadora del sector de las AAEE.
Carácter innovador: Zeena es una empresa innovadora que emplea la tecnología como herramienta clave para la distribución y la programación de las AAEE, y que a su vez contribuye a mejorar el funcionamiento de la cadena de valor de este sector.
ODS: Acción por el clima: La creación de redes a través de la plataforma posibilitan la coordinación para planificar giras sostenibles y reducir la huella de carbono en la movilidad de artistas.
DESCRIPCIÓN TÉCNICA DE LA PLATAFORMA
URL: https://engira.art/
La plataforma enGira! está diseñada para optimizar la distribución y promoción de espectáculos de creación contemporánea y artes vivas mediante el uso de algoritmos predictivos y tecnología Machine Learning. Su funcionamiento se centra en la conexión eficaz entre artistas, programadores de teatros y productores/distribuidores, facilitando la gestión de datos y el análisis de coincidencias entre oferta y demanda. A continuación, se describe su funcionamiento en detalle:
Almacenamiento de Datos
La plataforma almacena y organiza tres tipos principales de datos:
Datos de Espectáculos: Presentados en dos catálogos, uno general y otro con el sello de enGira!.
Datos de Espacios de Exhibición: Incluye una base de datos de más de 1.500 espacios de exhibición nacionales e internacionales gracias a la firma de un convenio de uso del archivo MIRE, propiedad de Fundación SGAE.
Datos de Ferias y Festivales Profesionales. Incluye una base de datos de más de 500 ferias y festivales nacionales e internacionales.
Perfiles de Usuarios
La plataforma permite el registro de tres perfiles de usuarios:
Artistas
Programadores de Teatros
Productores/Distribuidores
Cada uno de estos perfiles tiene acceso mediante registro previo a funcionalidades específicas y a un área de usuario personalizada.
Funcionalidades Generales
Todos los usuarios suscritos tienen acceso a:
Catálogos de Espectáculos: Un catálogo selecto de espectáculos de Artes Vivas con opciones de búsqueda avanzada a través de múltiples filtros.
Base de Datos de Espacios de Exhibición: Incluye más de 2.000 espacios, con búsqueda avanzada mediante filtros diversos.
Funcionalidades Específicas por Perfil
Artistas y Productores/Distribuidores:
Ingreso de Datos de Espectáculos: Los usuarios pueden ingresar detalles de sus espectáculos.
Listado Inteligente de Espacios Sugeridos: El sistema sugiere espacios de exhibición basándose en criterios como afinidad geográfica, idoneidad del formato, y género del espectáculo.
Verificación y Gestión de Espacios Sugeridos: Los usuarios pueden revisar y verificar cada espacio sugerido, añadiéndolo a su plan de distribución.
Comunicación Directa: Posibilidad de comunicarse vía chat con los programadores correspondientes de los espacios de exhibición.
DEMO: https://www.youtube.com/watch?v=EqMDESHxEL8
Programadores de Teatros:
Gestión de Espectáculos: Permite gestionar espectáculos afines a sus intereses utilizando filtros como mercado, disciplina, intereses, caché, etc.
Sugerencias Personalizadas: Reciben sugerencias de espectáculos basadas en las características de sus espacios de exhibición.
Red Internacional de Programadores: Permite comunicarse con otros programadores para planificar programaciones conjuntas, optimizando la movilidad de artistas y espectáculos de manera sostenible.
DEMO: https://www.youtube.com/watch?v=i_B-sT62hI8
Algoritmos Predictivos y Machine Learning
Detección de Coincidencias: Mediante algoritmos predictivos, la plataforma organiza y detecta coincidencias entre oferta y demanda, propiciando conexiones entre los agentes implicados.
Machine Learning: El sistema utiliza tecnología de Machine Learning, lo que significa que mejora continuamente sus funcionalidades y precisión a medida que los usuarios interactúan con la plataforma.
En resumen, la plataforma enGira! es una herramienta avanzada y dinámica que facilita la distribución de espectáculos de creación contemporánea, conectando eficazmente a artistas, programadores y distribuidores mediante el uso de tecnología de vanguardia y algoritmos predictivos.
INFORME DE ACTIVIDAD
Desde su lanzamiento en noviembre de 2024, la plataforma enGira! https://engira.art ha experimentado un crecimiento significativo en términos de usuarios, espectáculos registrados y espacios de exhibición disponibles.
A continuación, se presentan los datos actualizados sobre la actividad y uso de la plataforma.
a. Usuarios Registrados
Actualmente, enGira! cuenta con un total de 171 usuarios registrados, distribuidos de la siguiente manera:
132 Artistas
19 Distribuidores/Productores
20 Programadores
b. Espectáculos de Artes Vivas Registrados
En la plataforma hay u",contrato,0.667,administracion|laboral|planificacion,False,False,False,,,,,/Users/usuario/Desktop/PROFESIONAL/enGira/FINANCIACIÓN/SUBVENCIONES/MINISTERIO DE CULTURA/Industrias Culturales 25/JUSTIFICACION/datos_engira/01_PROYECTO_PRESENTADO/Innovación_-_Autónomos_-_Curriculum_y_Proyecto.docx
proyecto_presentado,01_PROYECTO_PRESENTADO/Innovación_-_Autónomos_-_Presupuesto.docx,Innovación_-_Autónomos_-_Presupuesto.docx,.docx,48760,documento,2025-04-30T13:57:14,,,"1.00|1.80|10.14|13.05|2.00|2.20|242,90|25.00|25.000 €|25.000,01|25.000€|3.20|34.18|34.180 €|4.00|40.00|40.000,01|40.000€|5.00|5.18|50.00|50.000 €|50.000€|6.05|7.00|851,10|9.18|9.180 €|€
2.3",,,,"AYUDAS A PROYECTOS PROFESIONALES Y EMPRESARIALES
PARA EL FOMENTO DE LA INNOVACIÓN
EN LAS INDUSTRIAS CULTURALES Y CREATIVAS
PRESUPUESTO DE INGRESOS Y GASTOS
CONSIDERACIONES GENERALES
- El total de ingresos debe coincidir con el total de gastos de la tabla Resumen de Gastos.
Será necesario respetar lo establecido en el artículo 5 de la convocatoria. Los gastos se presentarán con el mayor nivel de desagregación y detalle posible (se pueden adjuntar a este modelo los documentos que justifiquen este presupuesto)
- Deberá respetarse la estructura de este Modelo de Presupuesto de Ingresos y Gastos.
Se podrá añadir las filas extra que resulten necesarias para cumplimentar los datos.
- Los importes señalados en el presupuesto no incluirán el IVA.
SOLICITANTE:
TÍTULO DEL PROYECTO:
Se compone de tres apartados. Deben cumplimentarse todos.
Se compone de tres tablas y deben cumplimentarse todas. En el caso de no existir gastos correspondientes a alguna de las categorías relacionadas en la columna de la izquierda
de las dos primeras tablas, esas partidas podrán dejarse sin rellenar.
2.1. GASTOS FINANCIADOS CON LA AYUDA A PROYECTOS PROFESIONALES Y EMPRESARIALES PARA EL FOMENTO DE LA INNOVACIÓN EN LAS ICC
Subvencionables según el ANEXO I de la convocatoria. El importe total de los gastos incluidos en esta tabla no podrá superar los 50.000€ y deberá coincidir con la cantidad solicitada a las Ayudas a proyectos profesionales y empresariales para el fomento de ICC
2.2. OTROS GASTOS DEL PROYECTO
Financiados con los ingresos distintos a la Ayuda a proyectos profesionales y empresariales para el fomento de las ICC Dependiendo de la ayuda solicitada el porcentaje mínimo de OTROS GASTOS DEL PROYECTO sobre la cuantía total del proyecto será el 20%, el 30% o el 40%. (ver tabla 1.2 de Otros Ingresos)
2.3 RESUMEN DE GASTOS
MARIA JOSÉ MORAL MORGADO
enGira!
1. INGRESOS
CONCEPTO | CONCEPTO | EUROS
1.1 Ayuda a proyectos profesionales y empresariales para el fomento de las ICC (Máximo 50.000 €) | 1.1 Ayuda a proyectos profesionales y empresariales para el fomento de las ICC (Máximo 50.000 €) | 25.000
| |
Procedencia del resto de aportaciones dinerarias | Procedencia del resto de aportaciones dinerarias | EUROS
1.2 Otros ingresos: desglosar procedencia.
El porcentaje mínimo de otros ingresos sobre el coste total del proyecto dependerá de la ayuda solicitada:
Ayuda solicitada hasta 25.000€ mínimo 20%
Ayuda de 25.000,01 a 40.000€ mínimo 30%
Ayuda de 40.000,01 a 50.000€ mínimo 40% | Programa para el fomento de la contratación de la Comunidad de Madrid | 4.000
1.2 Otros ingresos: desglosar procedencia.
El porcentaje mínimo de otros ingresos sobre el coste total del proyecto dependerá de la ayuda solicitada:
Ayuda solicitada hasta 25.000€ mínimo 20%
Ayuda de 25.000,01 a 40.000€ mínimo 30%
Ayuda de 40.000,01 a 50.000€ mínimo 40% | Aportación propia | 5.180
1.2 Otros ingresos: desglosar procedencia.
El porcentaje mínimo de otros ingresos sobre el coste total del proyecto dependerá de la ayuda solicitada:
Ayuda solicitada hasta 25.000€ mínimo 20%
Ayuda de 25.000,01 a 40.000€ mínimo 30%
Ayuda de 40.000,01 a 50.000€ mínimo 40% | |
1.2 Otros ingresos: desglosar procedencia.
El porcentaje mínimo de otros ingresos sobre el coste total del proyecto dependerá de la ayuda solicitada:
Ayuda solicitada hasta 25.000€ mínimo 20%
Ayuda de 25.000,01 a 40.000€ mínimo 30%
Ayuda de 40.000,01 a 50.000€ mínimo 40% | |
1.2 Otros ingresos: desglosar procedencia.
El porcentaje mínimo de otros ingresos sobre el coste total del proyecto dependerá de la ayuda solicitada:
Ayuda solicitada hasta 25.000€ mínimo 20%
Ayuda de 25.000,01 a 40.000€ mínimo 30%
Ayuda de 40.000,01 a 50.000€ mínimo 40% | |
| |
1.3 TOTAL DE INGRESOS (Apartado 1.1 + Apartado 1.2) | 1.3 TOTAL DE INGRESOS (Apartado 1.1 + Apartado 1.2) | 34.180
2. GASTOS
Gastos de personal: nóminas de trabajadores empleados
por el solicitante | Denominación
de la partida | Denominación
de la partida | Desglosar conceptos de gasto (corresponderán a actuaciones descritas en la memoria del proyecto) | EUROS
Gastos de personal: nóminas de trabajadores empleados
por el solicitante | Comercialización | Comercialización | Venta fría a programadores de teatros | 7.000
Gastos de personal: nóminas de trabajadores empleados
por el solicitante | Comercialización | Comercialización | e-commerce espectáculos premium | 7.000
Gastos de personal: nóminas de trabajadores empleados
por el solicitante | Comercialización | Comercialización | Implementación de servicios de pago para artistas | 7.000
Gastos de personal: nóminas de trabajadores empleados
por el solicitante | Administración | Administración | Atención al cliente | 6.056
Gastos de personal: nóminas de trabajadores empleados
por el solicitante | Administración | Administración | Gestión de bases de datos | 6.056
Gastos de personal: nóminas de trabajadores empleados
por el solicitante | Administración | Administración | Contabilidad | 6.056
Gastos de personal: nóminas de trabajadores empleados
por el solicitante | Total de nóminas de trabajadores | Total de nóminas de trabajadores | Total de nóminas de trabajadores | 13.056
Gastos
de los trabajos realizados
por el autónomo (máximo 20%
de la ayuda) | Denominación
de la partida | Denominación
de la partida | Desglosar conceptos de gasto (corresponderán a actuaciones descritas en la memoria del proyecto) | EUROS
Gastos
de los trabajos realizados
por el autónomo (máximo 20%
de la ayuda) | Comunicación | Comunicación | Webinars para usuarios registrados orientados a maximizar la eficacia de las herramientas enGira! | 1800
Gastos
de los trabajos realizados
por el autónomo (máximo 20%
de la ayuda) | Comunicación | Comunicación | RRSS | 1800
Gastos
de los trabajos realizados
por el autónomo (máximo 20%
de la ayuda) | Total trabajos realizados por el autónomo | Total trabajos realizados por el autónomo | Total trabajos realizados por el autónomo | 1.800
Gastos de proveedores externos: facturas de adquisición
de bienes
o prestación
de servicios | Denominación
de la partida | Denominación
de la partida | Desglosar conceptos de gasto (corresponderán a actuaciones descritas en la memoria del proyecto) | EUROS
Gastos de proveedores externos: facturas de adquisición
de bienes
o prestación
de servicios | Software | Software | Soporte y mejora técnica | 5.000
Gastos de proveedores externos: facturas de adquisición
de bienes
o prestación
de servicios | Software | Software | Servidor | 240
Gastos de proveedores externos: facturas de adquisición
de bienes
o prestación
de servicios | Alilanzas estratégicas | Alilanzas estratégicas | Programas de acompañamiento orientados a la distribución para artistas residentes en espacios colaboradores de enGira! | 2.000
Gastos de proveedores externos: facturas de adquisición
de bienes
o prestación
de servicios | Comunicación | Comunicación | Zoom | 242,90
Gastos de proveedores externos: facturas de adquisición
de bienes
o prestación
de servicios | Comunicación | Comunicación | Roll-up, material promocional… | 240
Gastos de proveedores externos: facturas de adquisición
de bienes
o prestación
de servicios | Comercialización | Comercialización | Stand Mercartes | 400
Gastos de proveedores externos: facturas de adquisición
de bienes
o prestación
de servicios | Comercialización | Comercialización | Dietas/Alojamiento en feria empleada | 400
Gastos de proveedores externos: facturas de adquisición
de bienes
o prestación
de servicios | Comercialización | Comercialización | E-mail marketing | 70
Gastos de proveedores externos: facturas de adquisición
de bienes
o prestación
de servicios | Formación empleada comercial | Formación empleada comercial | Espacio Coworking | 851,10
Gastos de proveedores externos: facturas de adquisición
de bienes
o prestación
de servicios | Legal | Legal | LOPD | 500
Gastos de proveedores externos: facturas de adquisición
de bienes
o prestación
de servicios | Laboral | Laboral | Gestión nómina empleada comercial | 200
Gastos de proveedores externos: facturas de adquisición
de bienes
o prestación
de servicios | Total de facturas de proveedores externos | Total de facturas de proveedores externos | Total de facturas de proveedores externos | 10.144
Gastos protocolarios
y de representación (máximo 5%
de la ayuda) | Denominación
de la partida | Desglosar conceptos de gasto (corresponderán a actuaciones descritas en la memoria del proyecto) | Desglosar conceptos de gasto (corresponderán a actuaciones descritas en la memoria del proyecto) | EUROS
Gastos protocolarios
y de representación (máximo 5%
de la ayuda) | | | |
Gastos protocolarios
y de representación (máximo 5%
de la ayuda) | | | |
Gastos protocolarios
y de representación (máximo 5%
de la ayuda) | Total de facturas de gastos protocolarios y representación | Total de facturas de gastos protocolarios y representación | Total de facturas de gastos protocolarios y representación |
2.1 Total de gastos financiados con cargo a la ayuda a proyectos profesionales
y empresariales para el fomento de las ICC | 2.1 Total de gastos financiados con cargo a la ayuda a proyectos profesionales
y empresariales para el fomento de las ICC | 2.1 Total de gastos financiados con cargo a la ayuda a proyectos profesionales
y empresariales para el fomento de las ICC | 2.1 Total de gastos financiados con cargo a la ayuda a proyectos profesionales
y empresariales para el fomento de las ICC | 25.000 €
Gastos de personal: nóminas de trabajadores empleados
por el solicitante | Denominación de la partida | Denominación de la partida | Desglosar conceptos de gasto (corresponderán a actuaciones descritas en la memoria del proyecto) | EUROS
Gastos de personal: nóminas de trabajadores empleados
por el solicitante | Administración | Administración | Gestión de datos | 2.000
Gastos de personal: nóminas de trabajadores empleados
por el solicitante | Administración | Administración | Contabilidad | 2.000
Gastos de personal: nóminas de trabajadores empleados
por el solicitante | Comercialización | Comercialización | Venta fría a programadores y artistas | 2.000
Gastos de personal: nóminas de trabajadores empleados
por el solicitante | Comercialización | Comercialización | e-commerce espectáculos premium | 2.000
Gastos de personal: nóminas de trabajadores empleados
por el solicitante | Total de nóminas de trabajadores | Total de nóminas de trabajadores | Total de nóminas de trabajadores | 4.000
Gastos
de los trabajos realizados
por el autónomo | Denominación de la partida | Denominación de la partida | Desglosar conceptos de gasto (corresponderán a actuaciones descritas en la memoria del proyecto) | EUROS
Gastos
de los trabajos realizados
por el autónomo | Alianzas estratégicas
| Alianzas estratégicas
| Firma de acuerdos marco con festivales y circuitos para la contratación de espectáculos de enGira! | 1.000
Gastos
de los trabajos realizados
por el autónomo | Alianzas estratégicas
| Alianzas estratégicas
| Acuerdos comerciales con asociaciones y plataformas de artistas | 1.000
Gastos
de los trabajos realizados
por el autónomo | Responsable de operaciones | Responsable de operaciones | Estrategia y supervisión | 2.200
Gastos
de los trabajos realizados
por el autónomo | Total trabajos realizados por el autónomo | Total trabajos realizados por el autónomo | Total trabajos realizados por el autónomo | 3.200
Gastos de proveedores externos: facturas de adquisición
de bienes
o prestación
de servicios | Denominación de la partida | Denominación de la partida | Desglosar conceptos de gasto (corresponderán a actuaciones descritas en la memoria del proyecto) | EUROS
Gastos de proveedores externos: facturas de adquisición
de bienes
o prestación
de servicios | | | |
Gastos de proveedores externos: facturas de adquisición
de bienes
o prestación
de servicios | | | |
Gastos de proveedores externos: facturas de adquisición
de bienes
o prestación
de servicios | | | |
Gastos de proveedores externos: facturas de adquisición
de bienes
o prestación
de servicios | | | |
Gast",presupuesto,1.0,administracion|economica|planificacion,False,True,False,,,,,/Users/usuario/Desktop/PROFESIONAL/enGira/FINANCIACIÓN/SUBVENCIONES/MINISTERIO DE CULTURA/Industrias Culturales 25/JUSTIFICACION/datos_engira/01_PROYECTO_PRESENTADO/Innovación_-_Autónomos_-_Presupuesto.docx
actividades,02_ACTIVIDADES_REALIZADAS/MEMORIA ACTIVIDADES set_oct 2025.docx,MEMORIA ACTIVIDADES set_oct 2025.docx,.docx,386571,documento,2026-07-25T12:59:27.707429,,,,,,,"MEMORIA DE ACTIVIDADES SEPTIEMBRE Y OCTUBRE 2025
RECURSOS Y SUMINISTROS
enGira! – Recursos y suministros
Compra y activación de nuevo teléfono
Objetivo: Dotar al nuevo integrante del equipo de un teléfono corporativo funcional.
Acción: Compra del dispositivo, selección del proveedor y configuración inicial.
Resultado: Teléfono operativo y el nuevo integrante puede comunicarse y trabajar con normalidad.
Activación de nueva cuenta de correo electrónico
Objetivo: Crear una cuenta de correo corporativa para el nuevo integrante del equipo.
Acción: Solicitud de la cuenta, configuración y pruebas de envío/recepción.
Resultado: Cuenta activa y operativa, permitiendo gestionar comunicaciones y seguimiento de leads.
MERCARTES – Recursos y suministros.
Alquiler de stand
Objetivo: Contar con un espacio físico para presentar la marca y productos en la feria.
Acción: Reserva y pago del stand en la ubicación estratégica de la feria.
Resultado: Stand operativo y utilizado para exposición y atención a visitantes.
Compra de TV
Objetivo: Dotar el stand con un dispositivo visual para mostrar contenidos y atraer visitantes.
Acción: Selección y compra de la TV adecuada para la feria.
Resultado: TV instalada en el stand, mostrando contenidos promocionales durante toda la feria.
Compra de pie de TV
Objetivo: Asegurar que la TV esté correctamente ubicada y sea visible para los asistentes.
Acción: Selección y compra del soporte adecuado para la TV.
Resultado: TV estable y bien ubicada, mejorando la visibilidad del stand.
Impresión de cartelería
Objetivo: Comunicar de manera visual la marca y productos de MERCARTES en la feria.
Acción: Diseño y envío a impresión de cartelería.
Resultado: Carteles colocados en el stand, aumentando la atracción de visitantes.
Impresión de tarjetones de publicidad
Objetivo: Facilitar la difusión de información de contacto y productos a los visitantes.
Acción: Diseño y envío a impresión de tarjetones.
Resultado: Tarjetones entregados a visitantes, aumentando el contacto y seguimiento post-feria. Material para futuras acciones.
Contratación de internet en la feria
Objetivo: Garantizar conectividad para demostraciones digitales y acceso a información online.
Acción: Solicitud y activación del servicio de internet para la feria.
Resultado: Conexión estable durante toda la feria, permitiendo mostrar demos y captar leads digitalmente.
MEJORAS TÉCNICAS
Mejoras técnicas para enGira!
Cambiar carta de bienvenida a los nuevos usuarios
Objetivo: Actualizar la carta de bienvenida para nuevos usuarios, eliminando referencias al programa piloto y haciéndola más clara y relevante.
Acción: Redacción de nuevo texto, actualización en el sistema y pruebas de visualización.
Resultado: Carta de bienvenida actualizada, sin referencias al piloto, mostrando información relevante a todos los nuevos usuarios.
Nuevo botón para bajar bases de datos
Objetivo: Facilitar a los usuarios la descarga de bases de datos directamente desde el panel de control.
Acción: Desarrollo e implementación del botón en la interfaz y pruebas de funcionalidad.
Resultado: Botón operativo, usuarios pueden descargar bases de datos de manera sencilla y segura.
Resolución de algunos errores puntuales
Objetivo: Mejorar la estabilidad y la experiencia de usuario corrigiendo errores detectados.
Acción: Identificación de errores, corrección en código y pruebas posteriores.
Resultado: Errores solucionados, mayor estabilidad y funcionamiento correcto del sistema.
Problemas para crear nuevos espacios en la base de datos
Objetivo: Permitir que los usuarios puedan crear nuevos espacios sin incidencias.
Acción: Depuración de código, ajustes en la interfaz y pruebas de creación de espacios.
Resultado: Creación de espacios funcionando correctamente para todos los usuarios.
No aparecen las biografías de los artistas
Objetivo: Garantizar que las biografías de los artistas se muestren correctamente en el catálogo.
Acción: Revisión de base de datos y código, corrección de errores y pruebas de visualización.
Resultado: Biografías visibles correctamente en todos los perfiles de artistas.
Dividir los espectáculos en catálogo entre CATÁLOGO y DESTACADOS
Objetivo: Poder compartir todos los espectáculos inscritos en la base de datos para que puedan utilizar las herramientas manteniendo nuestro criterio para priorizar los que más encajan con la marca. .
Acción: Inclusión de una nueva opción a la hora de validar los espectáculos.
Resultado: Poder validar todas los espectáculos inscritos pero dando prioridad a los DESTACADOS en los primeros puestos del catálogo.
COMERCIALIZACIÓN Y ALIANZAS
Comercialización / Alianzas enGira!
Newsletter convocatorias artistas mensuales
Objetivo: Mantener informados a los artistas sobre convocatorias y oportunidades, fomentando su participación en la plataforma.
Acción: Redacción de contenidos, diseño del newsletter, segmentación de la lista de contactos y envío mensual.
Resultado: Newsletter enviado a todos los usuarios, aumentando la interacción y visibilidad de las oportunidades para artistas.
Actividades bases de datos y envíos masivos – enGira! (Comercialización / Alianzas)
Recuperación y actualización de bases de datos por tipo
Objetivo: Garantizar que las bases de datos de DISTRIBUIDORES/PRODUCTORES, ARTISTAS, PENDINGS, PROGRAMADORES e INACTIVOS estén completas y actualizadas antes de campañas y feria.
Acción: Revisión de cada archivo, actualización de información, corrección de errores y duplicados, y verificación de las pestañas internas de cada base de datos.
Resultado: Todas las bases de datos están completas, depuradas y listas para su uso en envíos masivos y gestión de contactos.
Compartimentación y segmentación de bases de datos
Objetivo: Facilitar la gestión y el envío segmentado de comunicaciones según tipo de contacto.
Acción: Revisión y compartimentación de las bases de datos por categorías, creación de filtros y sublistas específicas para envíos.
Resultado: Bases de datos segmentadas de manera efectiva, permitiendo campañas más precisas y eficientes según el tipo de usuario.
Redacción de comunicaciones / newsletters
Objetivo: Informar a los distintos tipos de contactos sobre convocatorias, oportunidades y recordatorios antes de la feria.
Acción: Creación de contenidos personalizados según el segmento, revisión de estilo y preparación de los envíos en la plataforma de mailing.
Resultado: Comunicaciones listas para envío, adaptadas a cada tipo de contacto, aumentando la participación y engagement.
Envíos masivos segmentados
Objetivo: Llegar de manera efectiva a cada tipo de contacto con información relevante.
Acción: Programación y envío de emails segmentados a cada base de datos (DISTRIBUIDORES/PRODUCTORES, ARTISTAS, PENDINGS, PROGRAMADORES, INACTIVOS), seguimiento de aperturas y respuestas.
Resultado: Emails enviados correctamente, con alta tasa de apertura y respuesta, mejorando la interacción y actualización de datos.
Contacto directo con artistas para actualización de datos
Objetivo: Asegurar que los perfiles de artistas estén completos y actualizados antes de la visita a la feria.
Acción: Correos y recordatorios personalizados para que los artistas revisen y completen su información en el catálogo online.
Resultado: Perfiles actualizados, aumentando la calidad de la información y la efectividad de la promoción en la feria.
RENDIMIENTO DE CAMPAÑA REVISIÓN DATOS SIN ESPECTACULO
RENDIMIENTO DE CAMPAÑA PENDINGS
RENDIMIENTO CAMPAÑA DIAGNOSTICO MERCARTES ARTISTAS
RENDIMIENTO CAMPAÑA PROGRAMADORES MERCARTES
BASES DE DATOS ACTUALIZADAS
COMUNICACIÓN
Plan de comunicación para la visita a MERCARTES
· Objetivo: Establecer una estrategia coordinada para maximizar la visibilidad de enGira! durante la feria.
· Acción: Elaboración de un plan de comunicación detallado, calendarización de acciones previas, durante y posteriores al evento.
· Resultado: Plan estructurado y alineado con los objetivos de presencia en la feria, asegurando coherencia en los mensajes y acciones.
Optimización del material de la plataforma de edición
· Objetivo: Mejorar la presentación visual y los recursos comunicativos utilizados en la difusión de enGira!.
· Acción: Actualización y optimización de materiales gráficos en la plataforma de edición (diseños, plantillas, imágenes y tipografías).
· Resultado: Materiales visuales mejorados, listos para su impresión y uso digital, reforzando la identidad visual de la marca.
Diseño e impresión de material de difusión
· Objetivo: Contar con material físico para reforzar la presencia de enGira! en la feria y otros contextos de promoción.
· Acción: Diseño, maquetación e impresión de tarjetones y otros soportes promocionales.
· Resultado: Materiales impresos disponibles para distribución en el stand y otras acciones de visibilidad.
Redacción de guion para presentaciones en el stand
· Objetivo: Preparar una presentación institucional clara y atractiva para posibles programadores y artistas visitantes.
· Acción: Elaboración de un guion de presentación y de materiales de apoyo visual.
· Resultado: Guion preparado y revisado; finalmente no se utilizó, pero sirvió como base para futuras presentaciones institucionales.
Coordinación con el equipo de MERCARTES
· Objetivo: Asegurar la correcta logística y coherencia de la presencia de enGira! en la feria.
· Acción: Coordinación con la organización (gestión de comidas, información sobre el stand, acreditaciones, horarios y necesidades técnicas).
· Resultado: Presencia organizada y coordinada en la feria, con todos los aspectos logísticos cubiertos.
Mailings masivos a programadores y compañías anunciando la presencia en MERCARTES
· Objetivo: Comunicar la participación de enGira! en la feria e incentivar la visita al stand.
· Acción: Elaboración y envío de correos segmentados a las bases de datos de programadores y compañías.
· Resultado Refuerzo de la visibilidad de enGira! entre los profesionales del sector.
Envío específico y personalizado a asociaciones de artistas
· Objetivo: Fortalecer la relación con las asociaciones de artistas e invitarlas a visitar el stand y participar en la feria.
· Acción: Redacción y envío de correos personalizados con información adaptada a cada asociación, destacando beneficios e invitaciones específicas.
· Resultado: Comunicación directa y cercana con las asociaciones, generando interés y potencial colaboración.
Realización de reel promocional
· Objetivo: Difundir la participación de enGira! en MERCARTES de forma atractiva y coherente con la identidad visual de la marca.
· Acción: Creación de un reel adaptado al estilo visual de enGira!, con imágenes y mensajes promocionales sobre la presencia en la feria.
· Resultado: Reel publicado en redes y plataformas digitales, generando interés, visibilidad y reforzando la imagen de enGira! entre los profesionales del sector.
Preparación y segmentación de bases de datos para los envíos de comunicación
· Objetivo: Facilitar el envío eficiente de comunicaciones personalizadas a los diferentes públicos.
· Acción: Creación y revisión de bases de datos específicas por tipo de destinatario (programadores, compañías, asociaciones y contactos institucionales).
· Resultado: Bases de datos listas y segmentadas, utilizadas eficazmente en los envíos previos a la feria.
Gestión de citas en la feria (vía comunicación directa y plataforma oficial de MERCARTES)
· Objetivo: Maximizar las oportunidades de encuentro con programadores, compañías y asociaciones durante la feria.
· Acción: Gestión de solicitudes de cita recibidas por correo tras las campañas de mailing, y coordinación adicional de reuniones a través de la plataforma digital oficial de MERCARTES.
· Resultado: Agenda de reuniones confirmada con múltiples agentes del sector, mejorando la visibilidad de enGira! y generando contactos estratégicos para futuras colaboraciones.
Producción / Performance
· Objetivo: Aumentar la visibilidad de la marca en la feria mediante una acción dinámica y atractiva en el stand, garantizando la correcta ejecuci",memoria,1.0,actividad|documentacion|evidencia,True,False,False,,ACC-COMERCIALIZACION-8BC2ED0AC1,1.0,automatico,/Users/usuario/Desktop/PROFESIONAL/enGira/FINANCIACIÓN/SUBVENCIONES/MINISTERIO DE CULTURA/Industrias Culturales 25/JUSTIFICACION/datos_engira/02_ACTIVIDADES_REALIZADAS/MEMORIA ACTIVIDADES set_oct 2025.docx
actividades,02_ACTIVIDADES_REALIZADAS/Servicios enGira!.pdf,Servicios enGira!.pdf,.pdf,105035,documento,2025-10-29T12:21:48.571906,3,,150 €|2.00|250 €|400 €,,,,"Servicios para Artistas, Compañías y Distribuidores
Acceso gratuito
Regístrate gratis en enGira! y empieza a potenciar la visibilidad de tu trabajo en los
principales circuitos de exhibición de artes vivas.
Tu perfil te da acceso a:
• Visibilidad profesional en nuestro catálogo
• Acceso a + de 2.000 teatros, museos y festivales.
• Sugerencias inteligentes de espacios adaptadas a las características de tu
espectáculo.
• Un plan de distribución digital, donde podrás organizar y seguir todas tus
gestiones con los espacios.
Todo lo que necesitas para empezar a mover tu trabajo, en un solo lugar.
Servicios Premium
Si quieres dar un paso más, nuestro plan de acompañamiento personalizado te
ayudará a diseñar una estrategia sólida y profesional para la distribución de tus
obras.
Incluye:
• Un estudio detallado de tu espectáculo y trayectoria.
• Tres consultorías individuales con especialistas en:
◦ Estrategias de circulación y movilidad sostenible.
◦ Comunicación y posicionamiento artístico.
◦ Financiación y acceso a programas de apoyo.
Precio del paquete completo: 400 € (IVA incluido)
Una inversión accesible para impulsar tu carrera y abrir nuevas oportunidades de
programación.
DTO 10% SI CONTRATAS ANTES DEL 15 DE DICIEMBRE
¿Prefieres resolver dudas específicas?
Puedes contratar consultorías sueltas por 150 € cada una, centradas en el área que
más te interese: distribución, comunicación o financiación.
También ponemos a tu disposición consultorías enfocadas en la
Internacionalización por 250 € cada una, con información y estrategias clave para
acceder a las redes de exhibición internacionales.
Para Programadores y Espacios Escénicos
Acceso gratuito
enGira! te ofrece una herramienta intuitiva y eficaz para descubrir nuevas propuestas
de creación contemporánea.
Tu registro gratuito incluye:
• Acceso al catálogo de artes vivas contemporáneas, con filtros avanzados por
disciplina, formato, presupuesto o disponibilidad.
• Sugerencias personalizadas de espectáculos, basadas en los intereses y las
características de tu espacio.
• Comunicación directa con artistas y compañías (el chat lo inician los
programadores).
👉 Simplifica la programación, amplía tu red y descubre nuevas voces escénicas.
Servicios Premium
Próximamente, enGira! ofrecerá a programadores y redes de exhibición un servicio
de consultoría avanzada que incluirá:
• Posibilidad de colaborar con otros programadores para planificar giras
conjuntas y sostenibles. Asesoramiento estratégico para programaciones
sostenibles e innovadoras.
• Curaduría personalizada de espectáculos alineados con la línea artística de su
espacio o festival.
• Apoyo en la planificación y financiación de giras internacionales.
💡 Fijo + comisión a éxito",transferencia,0.533,actividad|economica|evidencia|pago,True,True,True,,ACC-COMUNICACION-7E8A7C43A1,0.61,pendiente_revision,/Users/usuario/Desktop/PROFESIONAL/enGira/FINANCIACIÓN/SUBVENCIONES/MINISTERIO DE CULTURA/Industrias Culturales 25/JUSTIFICACION/datos_engira/02_ACTIVIDADES_REALIZADAS/Servicios enGira!.pdf
actividades,02_ACTIVIDADES_REALIZADAS/CERTIFICADO DE ASISTENCIA 2026-185.pdf,CERTIFICADO DE ASISTENCIA 2026-185.pdf,.pdf,210858,documento,2026-02-03T17:21:51.002124,1,,,46943079x,,,"CERTIFICADO DE ASISTENCIA
Don Emilio del Valle, presidente de ARTEMAD (Asociación de Empresas Productoras de Artes
Escénicas de Madrid), hace constar que:
Maria Moral, con DNI 46943079x, en representación de enGira!, en calidad de profesional del
sector, asistió a la XXII edición de MADferia, Feria de Artes Escénicas de Madrid, organizada por
esta asociación durante los días 26, 27, 28, 29 y 30 de enero de 2026 en las instalaciones
madrileñas de Teatro del Barrio y Sala Cuarta Pared; y el Teatro Auditorio, Real Coliseo Carlos
III y Casa de Cultura en San Lorenzo de El Escorial.
Y para que conste a los efectos oportunos, expido y firmo el presente documento en Madrid, a 3
de febrero de 2026.
Emilio del Valle
Presidente de ARTEMAD",certificado,0.733,actividad|evidencia,True,False,False,,,0.156,sin_vincular,/Users/usuario/Desktop/PROFESIONAL/enGira/FINANCIACIÓN/SUBVENCIONES/MINISTERIO DE CULTURA/Industrias Culturales 25/JUSTIFICACION/datos_engira/02_ACTIVIDADES_REALIZADAS/CERTIFICADO DE ASISTENCIA 2026-185.pdf
actividades,02_ACTIVIDADES_REALIZADAS/dossier_patrocinio.pdf,dossier_patrocinio.pdf,.pdf,2814971,documento,2026-07-25T13:45:58.844425,17,,10.00|10.000 €|15.00|15.000 €|2.00|2.000 €|5.00|5.000 €|8.00|8.000 €,,,,"OINICORTAP
ED
REISSOD
Muévete con la cultura.
Lleva las artes vivas a más lugares.
Dossier de Patrocinio
ÍNDICE
01 Qué es enGira! 07 Impacto cultural
02 Objetivos 08 Por qué colaborar con enGira!
03 Actividades destacadas 09 Apoyos actuales
Jornadas de Internacionalización
04 10 Cómo colaborar
y Movilidad de Artistas
Impacto y retorno para
05 Giras de Artistas 11
las empresas patrocinadoras
06 Programas de acompañamiento 12 Contacto
Dossier de Patrocinio
1. Qué es enGira!
enGira! es una plataforma digital innovadora dedicada a impulsar la
movilidad, la visibilidad y la internacionalización de las Artes Vivas.
Conectamos artistas compañías, programadores, espacios escénicos y
festivales en una red colaborativa que impulsa la profesionalización y la
cooperación cultural.
A través de herramientas digitales avanzadas, enGira! facilita el acceso a
catálogos de espectáculos contemporáneos, optimiza la planificación de
giras y genera oportunidades de colaboración y contratación, reforzando
el tejido creativo y la movilidad cultural.
Dossier de Patrocinio
2. Objetivos
Fomentar la movilidad artística nacional e internacional, facilitando
que los creadores escénicos contemporáneos puedan llevar sus obras a
nuevos territorios y públicos.
Contribuir a la profesionalización del sector de las artes vivas, ofreciendo
herramientas digitales que optimicen los procesos de gestión, distribución
y programación.
Promover la diversidad cultural mediante la visibilización de propuestas
innovadoras, nuevas dramaturgias y lenguajes escénicos experimentales.
Impulsar modelos de distribución sostenibles, que favorezcan la
colaboración entre espacios y programadores y optimicen los recursos
destinados a la movilidad.
Dossier de Patrocinio
3. Actividades destacadas
Las Jornadas enGira! son un punto de encuentro entre
JORNADAS DE
profesionales del sector y agentes internacionales para debatir
INTERNACIONALIZACIÓN
y construir estrategias comunes que favorezcan la movilidad y la
Y MOVILIDAD DE ARTISTAS
internacionalización de las artes vivas.
Las giras impulsadas por enGira! facilitan la circulación de artistas
y compañías, optimizando recursos y fomentando la movilidad
GIRAS NACIONALES
sostenible. Estas acciones amplían el alcance de los proyectos escénicos
E INTERNACIONALES
y fortalecen la proyección nacional e internacional
de los creadores.
enGira! ofrece programas de asesoría y formación orientados
PROGRAMAS DE
a fortalecer la autogestión y la distribución de los artistas, con
ACOMPAÑAMIENTO
herramientas prácticas para mejorar su comunicación, visibilidad
A ARTISTAS
y acceso a nuevos circuitos.
Dossier de Patrocinio
4. Jornadas de
Internacionalización
y Movilidad de Artistas
Espacio de encuentro entre artistas, programadores,
instituciones y redes internacionales para repensar
los modelos de circulación artística y fomentar la
cooperación cultural entre territorios. Incluye mesas
redondas, presentaciones de proyectos, showcases
y actividades de networking.
En las I Jornadas de Internacionalización y Movilidad
de Artistas participaron instituciones como Acción
Cultural Española (AC/E), Europa Creativa, AECID y
Fundación SGAE. Y redes y plataformas culturales
como 21 Distritos del Ayuntamiento de Madrid o
Teatros del Canal de la Comunidad de Madrid.
En 2026 tendrán lugar las II Jornadas, con la
participación de, al menos, 3 países invitados.
4.
Dossier de Patrocinio
Colaboraciones interdisciplinares La movilidad y la dramaturgia Perspectivas sobre el
y nuevos espacios escénicos contemporánea acompañamiento y la
circulación de las artes vivas
Mateo Feijoo (Flipas), Marisa Lull (Festival Rubén Gutiérrez (Fundación SGAE).
IDEM), Ana Irina Pedroche (8x5 Project). Caterina Muñoz, La Imperfecta,
Las Amigas Distribuyen.
Perspectivas curatoriales: nuevos lenguajes Un café con las instituciones
en la programación pública y privada
AC/E, AECID, Instituto Cervantes,
Oficina Europa Creativa, Goethe-Institut.
María Sánchez (Madferia), Adrián Sepiurca (21 Distritos),
Olga Blanco (Teatros del Canal).
Dossier de Patrocinio
5. Giras nacionales
e internacionales
enGira! actúa como un punto de encuentro entre
artistas, programadores, instituciones y espacios
de exhibición, configurando un ecosistema cultural
dinámico y en constante movimiento. Su actividad
promueve la colaboración, el intercambio y la movilidad
de las artes vivas a nivel nacional e internacional.
A través de las giras de los artistas y la articulación de
redes de colaboración, enGira! amplía el alcance de la
creación contemporánea, fortaleciendo los lazos entre
territorios, disciplinas y agentes culturales. De este
modo, la plataforma se consolida como una herramienta
estratégica para la circulación sostenible del arte
escénico y la construcción de un tejido cultural más
conectado, diverso y activo.
Dossier de Patrocinio
6. Programas de
acompañamiento a artistas
Los programas de acompañamiento de enGira!
ofrecen apoyoespecializado a creadores y compañías
en la movilidad de sus obras.
A través de asesorías personalizadas y sesiones
de consultoría, los artistas reciben orientación
sobreestrategias de distribución y comunicación,
con el objetivo de fortalecer su posicionamiento
en el mercado.
Estos programas son una apuesta por la
profesionalización del sector y la autonomía de los
artistas, combinando formación, acompañamiento
técnico y acceso a redes profesionales.
Dossier de Patrocinio
7. Impacto cultural
+2000 espacios de exhibición (teatros, museos y festivales).
enGira! está transformando
la distribución escénica
+200 artistas y promotores registrados.
en España, ofreciendo
herramientas que reducen
costes, mejoran la
sostenibilidad y amplían el
+100 espectáculos activos en la plataforma.
acceso de las Artes Vivas a
nuevos públicos.
Presencia en festivales y ferias sectoriales.
Dossier de Patrocinio
8. Por qué colaborar con enGira!
Colaborar con enGira! Nuestro programa de
significa asociar tu marca patrocinio está dirigido
con la innovación cultural, a compañías privadas
el compromiso con la que deseen apoyar
movilidad sostenible y las giras nacionales e
con el apoyo al talento internacionales de artistas
emergente. seleccionados.
Cada patrocinador contribuye directamente a financiar los
desplazamientos, la producción y la promoción de las obras
más destacadas del catálogo, vinculando su marca a la movilidad
sostenible y la difusión de la creación contemporánea.
Dossier de Patrocinio
9. Apoyos actuales
UN PROYECTO FINANCIADO CON EL APOYO DE:
Ministerio de Cultura Ayuntamiento de Madrid
COLABORADORES:
Réplika Teatro.
Fundación SGAE Centro de Creación Internacional
Dossier de Patrocinio
10. Cómo colaborar
Si compartes nuestra visión y crees que la cultura Juntos podemos impulsar un modelo de movilidad
contemporánea necesita nuevos impulsos, te artística más innovador, sostenible y conectado.
invitamos a formar parte de enGira!.
COLABORADOR PATROCINADOR PRINCIPAL
2.000 € Entre 10.000 € - 15.000 €
Presencia en materiales Máxima visibilidad en todos los
digitales y web de enGira!. soportes, acceso preferente a
eventos, presencia destacada
en las II Jornadas de Movilidad
e Internacionalización de
PATROCINADOR
Entre 5.000 € - 8.000 € Artistas 2026.
Presencia en materiales
digitales y promocionales
de las giras, invitaciones VIP
para clientes y empresa.
Dossier de Patrocinio
11. Impacto y Retorno para las
empresas patrocinadoras
El programa de patrocinio enGira! ofrece a las marcas colaboradoras una oportunidad
única de asociarse a valores de innovación, sostenibilidad y cultura contemporánea, con un
retorno tangible tanto en visibilidad como en reputación corporativa.
1 ALCANCE Y VISIBILIDAD 2 POSICIONAMIENTO DE MARCA
Presencia de marca nacional e internacional, Asociación con un proyecto cultural innovador
con impacto directo en las principales ciudades y con propósito social.
españolas y europeas a través de las giras de
Reforzamiento de la imagen de empresa
los artistas de enGira!.
comprometida con la sostenibilidad, la movilidad
Exposición de marca ante públicos diversos, cultural y la promoción del talento local.
que incluyen programadores, profesionales
Inclusión en la narrativa institucional de enGira!
del sector cultural y espectadores de artes
como “empresa impulsora de la movilidad artística”.
escénicas contemporáneas.
Presencia en la comunicación institucional
y digital de enGira! (web, newsletter, redes)
Menciones destacadas en medios sectoriales
11.
Dossier de Patrocinio
3 EXPERIENCIA Y NETWORKING En resumen
Acceso preferente a encuentros profesionales, Apoyar el programa enGira! significa poner
presentaciones y las Jornadas de tu marca en ruta con el arte contemporáneo,
Internacionalización y Movilidad Artística 2026. llegando a nuevos públicos en los principales
centros culturales del país y de Europa.
Invitaciones VIP y presencia en actividades Una inversión con propósito que multiplica
exclusivas junto a artistas y programadores. el valor económico y reputacional de las
empresas que creen en el poder transformador
de la cultura.
4 RETORNO CUANTITATIVO ESTIMADO
ROI medio del patrocinio: 4x el valor
invertido, considerando exposición de marca,
cobertura mediática, generación de contenido
audiovisual y posicionamiento sectorial.
Cobertura geográfica: principales ciudades
españolas y destinos internacionales
Audiencia potencial: más de 10.000
espectadores presenciales
Maria Moral
Directora · enGira!
680 557 163
info@engira.art
www.engira.art",transferencia,0.667,actividad|economica|evidencia|pago,True,True,True,,ACC-COMUNICACION-002E11867C,0.61,pendiente_revision,/Users/usuario/Desktop/PROFESIONAL/enGira/FINANCIACIÓN/SUBVENCIONES/MINISTERIO DE CULTURA/Industrias Culturales 25/JUSTIFICACION/datos_engira/02_ACTIVIDADES_REALIZADAS/dossier_patrocinio.pdf
actividades,02_ACTIVIDADES_REALIZADAS/MKT_CAMPAIGN_26/🎯 Campañas 0b109d19145b48059627e14c2047d4e5.pdf,🎯 Campañas 0b109d19145b48059627e14c2047d4e5.pdf,.pdf,272851,documento,2026-07-24T11:29:06,5,,,,,,"🎯
🎯 Campañas
Segme KPI Conten
Nombre
nto princip Mensaj Objetiv ido
campaña Estado Canal Fechas
princip al e clave o asocia
al do
5 de Nuevo Atrae a
curaduria_ 📸 📸
mayo s nuevos
nuevas_te Listo IG Programadores EngagemReEnEtL
de seguid público
ndencias DANZA
2026 ores s
Atrae 📩 📩
nuevos Newsle
CTA / público tter
6 de
curaduria_ Nuevo s con Progra
mayo
nuevas_te Listo Brevo Programasdores lo más Conversimónador
de
ndencias registr in en es, 📸
2026
os artes 📸
escéni REEL
cas DANZA
CTA / Nueva
Brevo / 8 de
Nuevo s Newsle
convocato IG mayo
Listo Artistas s oportu Engagemtteenrt
rias (storie de
registr nidade artistas
s) 2026
os s
💼 💼
13 de Nuevo lo que
branding_p Web / Plantill
mayo s pasa
ensamient Listo LinkedI Programadores Brandinga
de seguid en el
o n LINKE
2026 ores sector
DIN
27 de Nuevo Atrae a
curaduria_
mayo s nuevos
circo_artes Listo IG Programadores Engagement
de seguid público
vivas
2026 ores s
curaduria_ Listo Brevo 3 de ProgramaCdToAr e/s Descu Conversión
circo_artes junio Nuevo bre
🎯 Campañas 1
Segme KPI Conten
Nombre
nto princip Mensaj Objetiv ido
campaña Estado Canal Fechas
princip al e clave o asocia
al do
vivas de s nuevos
2026 registr artistas
os de
proximi
dad
CTA /
12 de lo que impresi
branding_p Nuevo
junio pasa ones y
ensamient Listo Web Programasdores Branding
de en el paisaje
o registr
2026 sector s
os
CTA / Nueva
Brevo / 12 de
Nuevo s
convocato IG junio
Listo Artistas s oportu Engagement
rias (storie de
registr nidade
s) 2026
os s
CTA /
16 de lo que Instagr
branding_p Nuevo
junio pasa am
ensamient Listo IG Programasdores Branding
de en el Paisaje
o registr
2026 sector s
os
CTA /
16 de lo que LinkedI
branding_p Nuevo
LinkedI junio pasa n
ensamient Listo Programasdores Branding
n de en el paisaje
o registr
2026 sector s 1
os
CTA /
19 de lo que LinkedI
branding_p Nuevo
LinkedI junio pasa n
ensamient Listo Programasdores Branding
n de en el paisaje
o registr
2026 sector s 1
os
CTA /
23 de lo que LinkedI
branding_p Nuevo
LinkedI junio pasa n
ensamient Listo Programasdores Branding
n de en el paisaje
o registr
2026 sector s 1
os
🎯 Campañas 2
Segme KPI Conten
Nombre
nto princip Mensaj Objetiv ido
campaña Estado Canal Fechas
princip al e clave o asocia
al do
Ordena
tu
estrate
gia de
distrib
recursos_p 23 de ución y
En
rogramas_ Brevo / junio Solicitu profesi
progre Artistas Conversión
acompaña IG de des PA onaliza
so
miento 2026 la
circula
ción de
tu
espect
áculo
Antes
de
escribi
r a un
progra
recursos_ti 24 de Nuevo
En mador,
ps_01_inve junio s
progre IG Artistas investi Engagement
stiga_progr de seguid
so ga si tu
amadores 2026 ores
espect
áculo
encaja
en su
línea
CTA /
26 de lo que LinkedI
branding_p Nuevo
LinkedI junio pasa n
ensamient Listo Programasdores Branding
n de en el paisaje
o registr
2026 sector s 1
os
recursos_ti En IG 26 de Artistas Nuevo Un Engagement
ps_02_dos progre junio s buen
sier so de seguid dossier
2026 ores no solo
inform
🎯 Campañas 3
Segme KPI Conten
Nombre
nto princip Mensaj Objetiv ido
campaña Estado Canal Fechas
princip al e clave o asocia
al do
a:
ayuda
a
progra
mar
Un
tráiler
útil
para
distrib
ución
29 de Nuevo debe
recursos_ti En
junio s mostra
ps_03_trail progre IG Artistas Engagement
de seguid r tono,
er so
2026 ores lenguaj
e
escéni
co y
público
potenc
ial
CTA /
30 de lo que LinkedI
branding_p Nuevo
LinkedI junio pasa n
ensamient Listo Programasdores Branding
n de en el paisaje
o registr
2026 sector s 1
os
recursos_ En Brevo / 30 de Artistas Inscrip Un Conversión
webinar progre IG junio ciones recurs
so de webina o
2026 r / gratuit
solicitu o para
des PA prepar
ar
mejor
tu
espect
áculo
antes
🎯 Campañas 4
Segme KPI Conten
Nombre
nto princip Mensaj Objetiv ido
campaña Estado Canal Fechas
princip al e clave o asocia
al do
de
presen
tarlo a
progra
mador
es
La
distrib
ución
empiez
a
cuand
o
define
Nuevo
recursos_ti En 1 de s bien
s
ps_04_inici progre IG julio de Artistas tu Engagement
seguid
o_gira so 2026 propue
ores
sta, tus
materi
ales y
tus
circuito
s
posible
s
🎯 Campañas 5",transferencia,0.667,actividad|economica|evidencia|pago,True,True,True,,,0.195,sin_vincular,/Users/usuario/Desktop/PROFESIONAL/enGira/FINANCIACIÓN/SUBVENCIONES/MINISTERIO DE CULTURA/Industrias Culturales 25/JUSTIFICACION/datos_engira/02_ACTIVIDADES_REALIZADAS/MKT_CAMPAIGN_26/🎯 Campañas 0b109d19145b48059627e14c2047d4e5.pdf
actividades,02_ACTIVIDADES_REALIZADAS/MKT_CAMPAIGN_26/campaña_mkt_multicanal.pages,campaña_mkt_multicanal.pages,.pages,465349,documento,2026-07-24T13:47:17.680868,,,,,,,,documento_generico,0.3,actividad|documentacion|evidencia,True,False,False,,,0.0,sin_vincular,/Users/usuario/Desktop/PROFESIONAL/enGira/FINANCIACIÓN/SUBVENCIONES/MINISTERIO DE CULTURA/Industrias Culturales 25/JUSTIFICACION/datos_engira/02_ACTIVIDADES_REALIZADAS/MKT_CAMPAIGN_26/campaña_mkt_multicanal.pages
actividades,02_ACTIVIDADES_REALIZADAS/MERCARTES/E127 - ENGIRA!_signed.pdf,E127 - ENGIRA!_signed.pdf,.pdf,361119,documento,2025-08-29T13:03:37.836108,1,27/08/2025,"1,00|1.04|1.042,80|1.042,80 €|94,80|94,80 €|948,00|948,00 €|€ 1.042,80|€ 94,80|€ 948,00",46943079X|G61486445,https://www.engira.art,,"CONTRATO DE PARTICIPACIÓN
MERCARTES 2025
A. DATOS DEL EXPOSITOR
Nº Contrato: 127
Nº de Stand: 241
Razón social: Maria José Moral Morgado
Nombre Comercial: enGira! CIF: 46943079X
Dirección: Calle Doctor Bellido 3 CP: 28018
Localidad: MADRID Provincia: MADRID
Comunidad Autónoma: MADRID País: España
Responsable: Maria Moral Cargo: CEO
Email: info@engira.art Teléfono: 680 557 163
Web: https://www.engira.art
B. IMPORTE
Concepto Uds Precio Base IVA Dto. Importe
Imponible total
Stand modular 6m2. Presupuesto Expositor 1,00 u 948,00 € 948,00 € 94,80 € (10 %) 1.042,80 €
Mercartes 2025
Subtotal 948,00 € 1.042,80 €
TOTAL IMPORTE SIN IVA 948,00 €
TOTAL IVA 94,80 €
TOTAL PRESUPUESTO 1.042,80 €
Fecha: 27/08/2025 18:21:38 Fdo: Maria Moral
Con la firma de este contrato, el expositor declara expresamente conocer y aceptar las normas de participación de
MERCARTES 2025 (adjuntas a este contrato), y se compromete a abonar el 100% de la cantidad adjudicada.
Para que quede debidamente acreditado el pago, es necesario remitir una copia del justificante de pago a la
Organización, a través del correo electrónico: expositores@mercartes.es
Si transcurridos 7 días hábiles de la fecha del presente contrato no se hubiera efectuado el ingreso correspondiente, el
expositor perderá los derechos adquiridos en el mismo.
Triodos Bank · IBAN: ES3214910001213000100889 · SWIFT: TRIOESMMXXX
MERCARTES es gestionado por la FEDERACIÓN ESTATAL DE ASOCIACIONES DE EMPRESAS DE TEATRO Y DANZA (FAETEDA), con
CIF G61486445 y domicilio fiscal en Plaza de la Cebada, 2, 28005, Madrid. Para cualquier incidencia, por favor diríjase a: 91 819 26 60 (Ext. 1)",contrato,0.667,actividad|administracion|evidencia|laboral,True,False,False,,ACC-COMERCIALIZACION-8BC2ED0AC1,0.78,automatico,/Users/usuario/Desktop/PROFESIONAL/enGira/FINANCIACIÓN/SUBVENCIONES/MINISTERIO DE CULTURA/Industrias Culturales 25/JUSTIFICACION/datos_engira/02_ACTIVIDADES_REALIZADAS/MERCARTES/E127 - ENGIRA!_signed.pdf
actividades,02_ACTIVIDADES_REALIZADAS/MERCARTES/HOJA DE RUTAmercartes.docx,HOJA DE RUTAmercartes.docx,.docx,39480,documento,2025-10-20T12:11:53.507469,,,10.00|10.30|10.45|11.30|12.00|13.00|13.30|14.00|14.30|14.45|15.00|15.30|16.00|17.15|18.00|7.00|7.15|8.40|9.30|9.45,,,,"Hoja de Ruta MERCARTES - stand 241
FECHA | HORA | ACTIVIDAD | ACCIONES | EQUIPO | NOTAS
21/10
| 7.00 | CARGA | Carga en Dr. Bellido | Carles y Maria |
21/10
| 7.15 | SALIDA | | Carles y Maria |
21/10
| 8.40 | SALIDA | Chamartín | Paloma |
21/10
| 9.30 (hora prevista) | LLEGADA A MERCARTES | Parking Acreditaciones
Descarga | Carles y Maria | Enseñar código mail en el parking
21/10
| 9.45-10.30 | MONTAJE STAND | Soporte
Conexión TV
Vinilo enGira!
Flyers
Mesa y sillas | Carles y Maria |
21/10
| 10.30 (hora prevista) | LLEGADA PALOMA | | Paloma
|
21/10
| 12.00 -13.00 | CITAS | | Maria |
21/10
| 12.00 - 13.00 | DIAGNÓSTICO | Preguntes
Soluciona
QR
Mail | Carles |
21/10
| 13.30 - 14.30 | ÀPAT | | Carles, Maria i Paloma | Se tiene que intentar cambiar el ticket de comida de Paloma
21/10
| 14.30 - 15.30 | DESCANS | DESCANS | DESCANS |
21/10
| 15.30 - 18.00 | CITES | | Maria |
21/10
| 15.30 - 18.00 | DIAGNÓSTICO | | Carles |
FIN DE LA JORNADA | FIN DE LA JORNADA | FIN DE LA JORNADA | FIN DE LA JORNADA | FIN DE LA JORNADA | FIN DE LA JORNADA
22/10 | 9.30 | MONTAJE PERFORMANCE | Vinilo trasera
Franjas
Prueba de sonido
Utilería | Carles, Paloma y Maria |
22/10 | 10.00 - 14.00 | PERFORMANCE | 100 cosas… | Paloma y Carles |
22/10 | 10.30 - 11.30 | CITAS | | Maria |
22/10 | 14.00 - 14. 30 | DESMONTAJE PERFORMANCE | Colocar el stand de nuevo | Todos |
22/10 | 14.45 - 16.00 | PAELLA + DESCANSO | PAELLA + DESCANSO | PAELLA + DESCANSO | PAELLA + DESCANSO
22/10 | 16.00 - 17.15 | CITAS | | Maria |
22/10 | 16.00 - 18.00 | DIAGNÓSTICO | | Carles y Maria |
FIN DE LA JORNADA | FIN DE LA JORNADA | FIN DE LA JORNADA | FIN DE LA JORNADA | FIN DE LA JORNADA | FIN DE LA JORNADA
23/10 | 10.00 - 13.30 | DIAGNÓSTICO | | Carles |
23/10 | 10.00 - 10. 30 | PONENCIA FAETEDA | | Maria
| Sala Polivalente
23/10 | 10.45 - 11-15 | PONENCIA LA RED | | Maria | Sala Polivalente
23/10 | 13.00 - 14.30 | FORO MERCARTES | | Maria | Auditorio 2
23/10 | 14.30 - 15.00 | RECOGIDA Y CARGA | | Carles y Maria |
COMIDA Y FIN DE LA JORNADA | COMIDA Y FIN DE LA JORNADA | COMIDA Y FIN DE LA JORNADA | COMIDA Y FIN DE LA JORNADA | COMIDA Y FIN DE LA JORNADA | COMIDA Y FIN DE LA JORNADA",documento_generico,0.3,actividad|documentacion|evidencia,True,False,False,,ACC-COMERCIALIZACION-8BC2ED0AC1,0.78,automatico,/Users/usuario/Desktop/PROFESIONAL/enGira/FINANCIACIÓN/SUBVENCIONES/MINISTERIO DE CULTURA/Industrias Culturales 25/JUSTIFICACION/datos_engira/02_ACTIVIDADES_REALIZADAS/MERCARTES/HOJA DE RUTAmercartes.docx
actividades,02_ACTIVIDADES_REALIZADAS/PROGRAMAS DE ACOMPAÑAMIENTO/Acompañamiento semestral.pdf,Acompañamiento semestral.pdf,.pdf,20760,documento,2025-11-26T10:09:40.811221,1,31/12/2025,450 €|€ 15,,,,"Acompañamiento Semestral
Estudio Estudio detallado sobre las posibilidades de promoción y
movilidad de tu espectáculo.
detallado
Plan de Sesión inicial con una propuesta de plan de distribución
distribución personalizado.
3 sesiones de seguimiento para reforzar la estrategia de
Seguimiento
distribución.
450 € 15% DE DTO. SI RESERVAS ANTES DEL 31/12/2025",documento_generico,0.3,actividad|documentacion|evidencia,True,False,False,,ACC-RESPONSABLE-DE-OPE-1C962F9F75,0.39,pendiente_revision,/Users/usuario/Desktop/PROFESIONAL/enGira/FINANCIACIÓN/SUBVENCIONES/MINISTERIO DE CULTURA/Industrias Culturales 25/JUSTIFICACION/datos_engira/02_ACTIVIDADES_REALIZADAS/PROGRAMAS DE ACOMPAÑAMIENTO/Acompañamiento semestral.pdf
actividades,02_ACTIVIDADES_REALIZADAS/PROGRAMAS DE ACOMPAÑAMIENTO/Las Teatrísimas/Campaña_posicionamiento_LasTeatrísimas.pdf,Campaña_posicionamiento_LasTeatrísimas.pdf,.pdf,119935,documento,2026-05-21T12:26:37.044362,5,21/05/2026,,,,,"Programa de acompañamiento enGira! 21/05/2026
_______________________________________________________________________________________
Campaña de posicionamiento relacional hacia programadores municipales
El objetivo no es vender funciones inmediatamente. El objetivo es que, cuando abran convocatoria
o necesiten propuestas sobre igualdad, cuidados o nuevos públicos, piensen en Las Teatrísimas.
“Programar cuidados: nuevas audiencias para
la escena contemporánea”
Horizonte:
2–4meses (antes y durante apertura de convocatorias CAM)
Objetivo principal:
Abrir relaciones con programadores de municipios de la Comunidad de Madrid y posicionar
Fantásticamente bien como propuesta vinculada a:
• cuidados
• salud emocional
• igualdad
• conciliación
• mediación
• creación de comunidad
• nuevos públicos
1. Segmentación de programadores
Crear base de datos segmentada:
Grupo A · Municipios con programación estable (mayor presupuesto)
Ejemplo:
• Alcalá de Henares
• Getafe
• Móstoles
• Alcobendas
• San Sebastián de los Reyes
• Coslada
• Leganés
1
Programa de acompañamiento enGira! 21/05/2026
_______________________________________________________________________________________
Grupo B · Municipios con programación intermitente (menor presupuesto y
mayor interés en programar a través de la Red)
Ejemplo:
- San Martín de Valdeiglesias
- Manzanares el Real
- …
2. Narrativa principal
Cambiar:
❌ “Obra sobre maternidad”
Por:
✅ “Experiencia escénica contemporánea que genera conversación sobre cuidados, salud
emocional e identidad.”
o:
✅ “Una propuesta que conecta teatro, mediación y creación de comunidad.”
3. Embudo de campaña
Fase 1 · Calentamiento (1 mes)
Objetivo:
Que empiecen a reconocer la compañía.
Newsletter mensual programadores CAM
Contenido:
Boletín 1
Tema:
2
Programa de acompañamiento enGira! 21/05/2026
_______________________________________________________________________________________
""¿Puede una función atraer público nuevo al teatro?""
Caso:
Sesión Teta
Datos:
• asistencia
• perfiles
• conversación
Boletín 2
Tema:
""Cómo convertir una función en espacio de mediación”
• Figuras mediáticas (Toni Acosta, etc…)
Boletín 3
Tema:
""Programar cuidados”
• Reseñas de espectadores
4. Secuencia de contacto (email)
No enviar dossier frío.
Secuencia:
Correo 1 (tras registrar espectáculo en la RED CAM)
Idea:
Reflexión + interés común + presentación espectáculo en la Red de la CAM
No pedir función.
Ejemplo:
Hemos observado que muchos municipios buscan propuestas que conecten artes escénicas,
cuidados y creación de públicos. Compartimos una experiencia que está funcionando…
Adjuntar:
3
Programa de acompañamiento enGira! 21/05/2026
_______________________________________________________________________________________
1 página.
No dossier completo.
Correo 3
Propuesta concreta:
Funciones + coloquio + Sesión Teta.
Llamada
Solo tras interacción.
5. Activo principal de campaña
Crearía un PDF muy breve:
“5 razones para programar Fantásticamente bien”
No dossier artístico.
Documento para técnicos:
1. Temática contemporánea
2. Nuevos públicos
3. Mediación
4. Formato adaptable
5. Caché competitivo
6. Acciones presenciales
Muy importantes.
Identificar:
• encuentros profesionales
• jornadas culturales
• MADferia
• reuniones Red CAM
Objetivo:
20 conversaciones > 200 emails
4
Programa de acompañamiento enGira! 21/05/2026
_______________________________________________________________________________________
Mi hipótesis para Las Teatrísimas sería esta:
El elemento diferencial no es únicamente el espectáculo. Es la capacidad de convertir una función
en una experiencia compartida sobre cuidados y comunidad. Eso es lo que puede interesar hoy a
muchos municipios.
5",presupuesto,0.533,actividad|administracion|economica|evidencia,True,True,False,,ACC-COMUNICACION-3483E4784F,0.39,pendiente_revision,/Users/usuario/Desktop/PROFESIONAL/enGira/FINANCIACIÓN/SUBVENCIONES/MINISTERIO DE CULTURA/Industrias Culturales 25/JUSTIFICACION/datos_engira/02_ACTIVIDADES_REALIZADAS/PROGRAMAS DE ACOMPAÑAMIENTO/Las Teatrísimas/Campaña_posicionamiento_LasTeatrísimas.pdf
actividades,02_ACTIVIDADES_REALIZADAS/PROGRAMAS DE ACOMPAÑAMIENTO/Las Teatrísimas/Informe_sesion1_LasTeatrisimas.pdf,Informe_sesion1_LasTeatrisimas.pdf,.pdf,139540,documento,2026-05-21T11:56:20.203643,6,21/05/2026,,,,,"Programa de acompañamiento enGira! 21/05/2026
_______________________________________________________________________________________
INFORME | PRIMERA SESIÓN
Espectáculo: FANTÁSTICAMENTE BIEN
Compañía: Las Teatrísimas
1. Objetivos de la primera sesión
La sesión tuvo como finalidad realizar una primera aproximación estratégica al proyecto,
identificando:
• Singularidad y fortalezas de la propuesta artística.
• Posicionamiento del espectáculo para programación pública y privada.
• Posibles circuitos prioritarios de distribución.
• Necesidades de mejora en materiales promocionales.
• Estrategias iniciales de comunicación y captación de públicos.
• Definición de acciones prioritarias para los próximos meses.
2. Diagnóstico inicial del proyecto
Tras el análisis conjunto se observa que la principal necesidad del proyecto no parece estar
vinculada a la calidad artística de la propuesta, sino a su posicionamiento estratégico y
comercial.
Fantásticamente bien presenta una propuesta con capacidad de encaje en programación
contemporánea por su combinación de:
• Humor y profundidad emocional.
• Temáticas sociales de alta relevancia:
◦ maternidad
◦ cuidados
◦ salud emocional
◦ conciliación
◦ identidad femenina
◦ salud mental
• Posibilidad de mediación y conversación posterior.
• Formato adaptable y de alta movilidad.
1
Programa de acompañamiento enGira! 21/05/2026
_______________________________________________________________________________________
La reflexión central planteada durante la sesión fue:
¿Estamos presentando una obra sobre maternidad o una propuesta escénica contemporánea
sobre cuidados, identidad y salud emocional con capacidad para generar comunidad?
Este desplazamiento conceptual puede ampliar significativamente los marcos de programación
potenciales y el acceso a nuevos públicos.
3. Definición y fortalecimiento del posicionamiento
Se trabajó una formulación inicial de la propuesta:
Fantásticamente bien es una tragicomedia contemporánea sobre maternidad, identidad femenina y
conciliación construida desde experiencias reales y atravesada por humor, emoción y pensamiento
crítico. Una propuesta escénica adaptable, de pequeño formato y con capacidad para generar
conversación y mediación tras la función.
Como línea estratégica futura se propone reforzar el relato incorporando conceptos como:
• cuidados
• bienestar
• salud emocional
• conciliación
• comunidad
• apoyo mutuo
• nuevas formas de maternidad
• sostenibilidad de los cuidados
con el objetivo de ampliar el interés programático más allá del ámbito estrictamente feminista o de
maternidad.
4. Estrategia territorial prioritaria
La compañía manifestó interés en centrar inicialmente la estrategia de distribución en la
Comunidad de Madrid, combinando:
Línea 1 · Temporadas en Madrid capital
Objetivo:
Conseguir una sala estable en Madrid para realizar temporadas a taquilla, consolidando
visibilidad, trayectoria y capacidad prescriptora.
Primeras consideraciones:
• Se propone inicialmente el Teatro Alfil, sin embargo, tras hacer averiguaciones se descarta
por la orientación actual de su programación exclusivamente hacia el flamenco.
2
Programa de acompañamiento enGira! 21/05/2026
_______________________________________________________________________________________
• Se plantea iniciar búsqueda de salas céntricas compatibles con:
◦ público familiar
◦ teatro contemporáneo
◦ propuestas con coloquio
◦ programación feminista o social
◦
Línea 2 · Funciones a caché en municipios
Complementar temporadas con:
• Municipios de la Red de Teatros de la Comunidad de Madrid
• Centros culturales municipales
• Programaciones de igualdad
• Concejalías vinculadas a mujer, bienestar o participación
• Espacios culturales de proximidad
•
La combinación temporada + gira municipal se identifica como estrategia potencialmente
sostenible.
5. Distribución: acciones inmediatas
Se acuerda iniciar cuanto antes:
Prioridad alta
✓ Organización del plan de distribución con municipios de la Red de la Comunidad de Madrid.
✓ Identificación y segmentación inicial de espacios.
✓ Inicio progresivo de contactos con programación municipal.
✓ Búsqueda activa de sala para temporada en Madrid.
✓ Revisión de posibilidades futuras de acceso a ayudas vinculadas a movilidad o gira.
6. Comunicación y desarrollo de públicos
La compañía muestra fortaleza previa en comunicación digital y redes sociales, aspecto
considerado una ventaja estratégica.
Se plantean líneas iniciales:
Campaña digital
Posible desarrollo de campañas mediante:
• Instagram
3
Programa de acompañamiento enGira! 21/05/2026
_______________________________________________________________________________________
• Newsletter
◦ Mailchimp o Brevo
Narrativa propuesta:
Poner el foco en:
• experiencias compartidas
• coloquios posteriores
• comunidad generada alrededor de la función
• salud emocional
• maternidades contemporáneas
Se identifica especialmente interesante destacar la participación de figuras mediáticas invitadas a
coloquios, utilizándolas como elemento de legitimación y atracción de nuevos públicos.
(Ej.: participación previa de personas reconocidas como Toni Acosta).
7. Mediación y nuevos públicos
Uno de los aspectos diferenciales detectados es la Sesión Teta, entendida como herramienta de
mediación y acceso a públicos no habituales.
Se propone reforzar esta línea como:
• experiencia escénica accesible
• conciliación cultural
• ampliación de públicos
• acceso familiar
• innovación en formatos de exhibición
Podría constituir un argumento relevante para programadores interesados en:
• participación
• accesibilidad
• innovación en públicos
• igualdad
• mediación cultural
8. Materiales y documentación pendientes
Queda pendiente recepción o revisión de:
Materiales solicitados
• Grabación completa de la última versión del espectáculo
4
Programa de acompañamiento enGira! 21/05/2026
_______________________________________________________________________________________
• Fotografías horizontales en alta calidad
• Cartel actualizado
• Copias de correos enviados a programación
• Material audiovisual existente
Revisión futura
• Imagen principal
• Dossier
• Trailer:
◦ ritmo
◦ primeros segundos
◦ mensaje
◦ posicionamiento comercial
9. Entregables facilitados tras la sesión
Se acuerda el envío de:
✓ Informe primera sesión (presente documento)
✓ Plantilla orientativa de cachés para revisión conjunta en próxima sesión
10. Próximos pasos (hasta la siguiente sesión)
Compañía · Tareas
1. Comenzar organización del plan de distribución con municipios de la Comunidad de
Madrid.
2. Iniciar búsqueda de sala para temporada en Madrid.
3. Recopilar materiales pendientes:
◦ grabación completa
◦ imágenes
◦ cartel
◦ correos enviados
◦ documentación complementaria
4. Reflexionar sobre posicionamiento:
¿Cómo queremos que programadores y públicos entiendan Fantásticamente bien?
enGira! · Próximos apoyos
• Revisión de materiales recibidos.
• Análisis de posicionamiento.
5
Programa de acompañamiento enGira! 21/05/2026
_______________________________________________________________________________________
• Orientación estratégica sobre distribución.
• Revisión conjunta de cachés.
• Definición progresiva de circuitos prioritarios.
• Profundización en estrategia de comunicación.
Conclusión
Fantásticamente bien reúne elementos con alta capacidad de circulación en programación pública y
privada. El potencial del proyecto parece residir en afinar su posicionamiento, reforzar su
narrativa estratégica y convertir sus capacidades de mediación y comunidad en argumentos
claros de programación.
La combinación entre temporada en Madrid + distribución municipal + comunicación digital
orientada a comunidad aparece como una línea prometedora para el desarrollo del proyecto en el
corto y medio plazo.
6",memoria,0.667,actividad|documentacion|evidencia,True,False,False,,ACC-COMUNICACION-3483E4784F,0.61,pendiente_revision,/Users/usuario/Desktop/PROFESIONAL/enGira/FINANCIACIÓN/SUBVENCIONES/MINISTERIO DE CULTURA/Industrias Culturales 25/JUSTIFICACION/datos_engira/02_ACTIVIDADES_REALIZADAS/PROGRAMAS DE ACOMPAÑAMIENTO/Las Teatrísimas/Informe_sesion1_LasTeatrisimas.pdf
actividades,02_ACTIVIDADES_REALIZADAS/PROGRAMAS DE ACOMPAÑAMIENTO/Las Teatrísimas/DIART - programa de acompañamiento - 1a sesion.docx,DIART - programa de acompañamiento - 1a sesion.docx,.docx,58330,documento,2026-05-21T11:38:40.336687,,,,,,,"SEGUNDA SESIÓN DE ACOMPAÑAMIENTO
Espectáculo: H2O
Compañía: DiArt
1. ESTADO ACTUAL DEL PROYECTO
Avances conseguidos
Tras la segunda sesión, se constata una correcta activación del plan de distribución definido en la primera fase:
✔ Activación de múltiples contactos con espacios, festivales y redes.
✔ Presentación a convocatorias clave (Red CAM, Abecedaria, PLATEA, etc.).
✔ Consolidación de base de datos de contactos y primeras acciones de comunicación.
Procesos en curso
Negociación abierta con dos municipios de la Comunidad Valenciana a través de las áreas de medioambiente del ayuntamiento.
Negociación en curso para programación en la sala L’Autèntica, Barcelona.
Pendiente de resolución de la Red de Teatros de la Comunidad de Madrid.
2. VALORACIÓN ESTRATÉGICA
Fortalezas consolidadas
Propuesta artística alineada con programación educativa y familiar.
Temática (medioambiente) altamente programable en redes públicas.
Alta capacidad de activación de contactos y seguimiento.
Retos prioritarios
Movilidad desde Baleares, que incrementa significativamente los costes.
Necesidad de optimizar desplazamientos para garantizar viabilidad económica.
Oportunidades detectadas
Catalunya como territorio estratégico para la expansión.
Posibilidad de articular giras concentradas que reduzcan costes logísticos.
Aprovechamiento de ayudas del Institut d’Estudis Baleàrics para movilidad.
3. TRABAJO REALIZADO EN LA SESIÓN 2
Estrategia de movilidad para el segundo semestre
Objetivo
Optimizar los desplazamientos desde Baleares mediante concentración de actividad en territorio.
Territorio prioritario: Catalunya
Se define una estrategia basada en dos viajes optimizados:
Viaje 1 – Septiembre
Asistencia a Fira Tàrrega.
Programación de funciones en el área de Lleida (a activar previamente).
Viaje 2 – Octubre
Función en L’Autèntica de Barcelona (en negociación).
Asistencia a Fira Mediterrània.
Claves de la estrategia
Concentrar funciones y contactos en un mismo desplazamiento.
Activar programación complementaria en proximidad geográfica.
Cubrir gastos mediante ayudas del Institut d’Estudis Baleàrics.
Campaña activa
Activación de una campaña de comunicación vinculada al agua y el medioambiente, alineada con el contenido del espectáculo.
Uso de la temática como elemento diferencial para generar interés en programadores.
Herramientas de mailing
Implementación de:
Uso de Brevo:
Gestión de contactos.
Envío de campañas segmentadas.
Seguimiento de resultados.
Se adjuntan bases de datos autonómicas
4. PRÓXIMOS PASOS
Distribución
Continuar activación y seguimiento de contactos ya iniciados.
Priorizar cierres en Comunidad Valenciana (negociaciones en curso).
Registrar todas las acciones en la plataforma enGira!.
Catalunya como foco estratégico
Intensificar contactos en Catalunya (especialmente Lleida y Barcelona).
Identificar espacios compatibles con programación familiar/escolar.
Avanzar en el cierre de la función en Barcelona.
Ferias profesionales
Planificar asistencia a:
Fira Tàrrega (septiembre)
Fira Mediterrània (octubre)
Definir objetivos concretos para cada feria:
Agenda de reuniones.
Contactos prioritarios.
Estrategia de comunicación con redes y circuitos
Activar contacto directo con la comisión de selección de la Red de Teatros de la Comunidad de Madrid:
Informar de la candidatura presentada.
Reforzar la adecuación del espectáculo al circuito.
Realizar seguimiento durante el periodo de deliberación.
Activar contactos con:
Abecedaria
Culturama
Mantener campañas de mailing activas vinculadas a hitos del proyecto.
6. RECOMENDACIONES CLAVE
Priorizar estrategias de gira concentrada frente a acciones aisladas.
Utilizar la temática medioambiental como eje central de comunicación.
Planificar con antelación los viajes para maximizar su rentabilidad.
Mantener constancia semanal en tareas de distribución (4–5h).
7. CONTINUIDAD DEL ACOMPAÑAMIENTO
La próxima sesión se orientará a:
Revisión y ajuste del caché artístico para integrar costes de movilidad sin perder competitividad.
Estrategia de acceso al circuito catalán programa.cat para el espectáculo H2O.",factura_gasto_viaje,0.533,actividad|economica|evidencia,True,True,False,,ACC-ADMINISTRACION-F593A8F72D,0.624,pendiente_revision,/Users/usuario/Desktop/PROFESIONAL/enGira/FINANCIACIÓN/SUBVENCIONES/MINISTERIO DE CULTURA/Industrias Culturales 25/JUSTIFICACION/datos_engira/02_ACTIVIDADES_REALIZADAS/PROGRAMAS DE ACOMPAÑAMIENTO/Las Teatrísimas/DIART - programa de acompañamiento - 1a sesion.docx
actividades,02_ACTIVIDADES_REALIZADAS/PROGRAMAS DE ACOMPAÑAMIENTO/Las Teatrísimas/210_dossier_2056391700.pdf,210_dossier_2056391700.pdf,.pdf,4915204,documento,2026-05-19T15:18:34.405119,10,,,,,,"fantásticamente
BIEN
UNA TRAGICOMEDIA SOBRE LO QUE NADIE
TE CONTÓ DE LA MATERNIDAD
La compañía
Marta Galán, Irene Gómez y Beatriz Lavesque son tres mujeres, amigas y madres que
se conocieron hace quince años en el Aula de Teatro de la Universidad Carlos III.
Desde entonces, el teatro las unió como una especie de hechizo: empezaron a crear
juntas, a reírse, a llorar, a preguntarse cosas grandes… y, sobre todo, a soñar con
levantar algo propio.
En octubre de 2024 deciden lanzarse al vacío (o al escenario, que a veces es lo
mismo) y fundan su propia compañía: Las Teatrísimas. ¿Su objetivo? Hacer un teatro
honesto, valiente, divertido y profundamente humano. Así nace su primer
espectáculo: “Fantásticamente bien, una tragicomedia sobre lo que nadie te contó de
@fantasticamente_bien
la maternidad”, este espectáculo habla de todo eso que no se cuenta en voz alta…
pero que todas vivimos.
En el camino se cruza La Roche Producciones, con Ana Roche —directora,
dramaturga y cómplice escénica— sumándose al proyecto para escribir y dirigir este
primer montaje, sumando experiencia, garra y una visión que potencia la mirada de
Las Teatrísimas.
Esta es la historia de tres mujeres que decidieron dejar de esperar... para empezar a
@larocheproducciones
decir lo que quieren decir.
“ F A N T Á S T I C A M E N T E B I E N ” .
U n a t r a g i c o m e d i a s o b r e l o q u e
n a d i e t e c o n t ó d e l a m a t e r n i d a d .
La compañía de teatro, emergente Las Teatrísimas, en
colaboración con La Roche Producciones, presentan
Fantásticamente bien, un espectáculo actual y necesario
que pone el foco en la maternidad y en cómo
transforma —de forma radical— la vida y la identidad de
las mujeres.
Maternidad real, sin filtros. Con humor, emoción y
mucha verdad.
Introducción
‘“Fantásticamente bien” es un espectáculo coral de pequeño formato dirigido a público adulto, con una
duración aproximada de 60 minutos y protagonizado por tres actrices que nos invitan a compartir, entre
risas y emociones, un pedacito de su universo. Con una escenografía minimalista y un montaje ágil y
adaptable a casi cualquier espacio, la obra convierte el atrezzo en cómplice de la narrativa,
transformando lo cotidiano en poético.
Nacida del deseo de cuatro amigas —madres, trabajadoras y actrices— de encontrar un espacio propio
mientras crían a sus hijos y se toman un café (o varios), esta pieza tragicómica se teje con retazos de
experiencias reales, confesiones compartidas y momentos en los que lo ordinario se vuelve
extraordinario. A partir de sus vivencias y las de tantas otras mujeres, crean una red de escenas
cotidianas que resonarán en el corazón de quienes también han sentido el vértigo, la ternura o el
agotamiento de la maternidad… o simplemente, de ser mujer en este mundo.
“Fantásticamente bien” es, ante todo, una celebración del derecho a contarnos. Un homenaje a todas las
mujeres que, en algún momento, se han cuestionado qué significa realmente “ser madre”, desde la
elección de serlo (o no) hasta el regreso al trabajo con una mochila llena de pañales y emociones
encontradas.
Con mucho humor y una mirada honesta, tres intérpretes nos acompañan en este viaje tan real como
mágico, donde la maternidad —en todas sus formas— se revela, se sacude y se abraza, en medio de un
sistema que tantas veces la vuelve invisible.
Sinopsis
Duración: 60 minutos.
Género: Tragicomedia.
Público: Adulto.
Cada martes, tres amigas se encuentran en su clase de pintura: un
pequeño oasis en medio del torbellino de la maternidad. Pero está sesión
será distinta. Entre pinceles y confidencias, se abrirán paso los recuerdos,
y cada una emprenderá un viaje al pasado a través de un flashback que
las llevará a revivir las etapas más intensas, complejas y transformadoras
desde que decidieron ser madres.
De regreso al presente, entre manchas de color y verdades compartidas
descubrirán que, aunque nada ha sido fácil, la maternidad las ha
convertido en mujeres más auténticas, más fuertes, más ellas.
“Fantásticamente bien” es un espectáculo que mezcla humor, emoción y
reflexión, para hablar de lo que muchas veces se silencia: lo que
realmente implica ser madre... Y mujer.
Ficha Artística
Dirección y dramaturgia: Ana Roche
Elenco: Marta Galán, Irene Gómez y Beatriz
Lavesque
Coreografías: Ana Roche
DESCARGA CV DESCARGA CV
Composición Nana: Marta Galán
Asistencia al movimiento: Libertad Pozo
Diseño de iluminación: Lucía Pérez
Diseño de sonido: Guillermo Heredia
Diseño de cártel: Irene Muñoz
Fotografía y vídeo: Alberto Rosado
Trailer: Irene Gómez
Producción: Las Teatrísimas
Colaboración: La Roche Producciones
DESCARGA CV DESCARGA CV
Sonido:
Ficha Técnica
Equipo adecuado al tamaño y características de la sala.
Reproductor de audio (jack/RCA)
Mesa de sonido básica con salidas R y L.
PEA.
Título del espectáculo: Fantásticamente bien.
Ordenador con QLab.
Monitores: 2 monitores de SIDEFILL con envío suficiente.
Duración: 60 minutos.
1 micrófono ambiente (opcional).
Género: Tragicomedia.
Camerinos: Capacidad para tres personas, espejo y agua
corriente.
Público: Adulto.
Tiempo de montaje: 6 horas de montaje.
Formato: Pequeño formato/sala.
Tiempo de desmontaje: 1 hora (dependiendo de las
Espacio mínimo: 4 m de ancho (boca) x 4 m de fondo x 3 m de
características técnicas del lugar)
alto.
Acceso a sala: 6 horas antes de la función como mínimo.
Iluminación:
Personal técnico en sala: 1 técnico/a para iluminación y sonido
Luminarias:
y maquinista.
PAR64 (5): x7 con portafiltros
Personal técnico propio: 1 técnico/a de luces y sonido.
PAR64 (2): x3 con portafiltros
PC o Fresnel: x9 con palas y portafiltros
Escenografía/Atrezzo: Mínima y portátil. Todo el material lo
Recortes: x
aporta la compañía.
Mesa de iluminación (mínimo 12 canales)
Equipo Artístico: 3 actrices en escena.
Material eléctrico y maquinaria: A revisar con el personal técnico.
Acompañamiento en gira: 1 persona en la producción
(propia).
coloquios
Tras las funciones ofrecemos un espacio
para compartir el proceso creativo con los
espectadores que cuenta además con
invitadas de lujo. Hemos tenido entre
nosotras a Victoria Gabaldón (Directora de
Mamagazine), Toni Acosta (Actriz), Sonia
Encinas (Sexóloga), Nazaret Olivera
(Matrona y Divulgadora) y Marina Trigos
(Matrona y Divulgadora)
Los coloquios son el pretexto perfecto para
generar espacios de encuentro y reflexión.
Simbolizan la importancia de narrar lo que
estamos viviendo y conocer más de cerca el
proceso de creación.
ESCANEA EL QR CONTACTO
PARA ACCEDER
Distribución:
AL MATERIAL
Tlf: +34 686 17 79 43 // +34 686 42 44 56
Email: fantasticamentebien25@gmail.com
Instagram: @fantasticamente_bien",factura_gasto_viaje,0.267,actividad|economica|evidencia,True,True,False,,ACC-ALIANZAS-ESTRATEGI-995F56EB25,0.433,pendiente_revision,/Users/usuario/Desktop/PROFESIONAL/enGira/FINANCIACIÓN/SUBVENCIONES/MINISTERIO DE CULTURA/Industrias Culturales 25/JUSTIFICACION/datos_engira/02_ACTIVIDADES_REALIZADAS/PROGRAMAS DE ACOMPAÑAMIENTO/Las Teatrísimas/210_dossier_2056391700.pdf
actividades,02_ACTIVIDADES_REALIZADAS/PROGRAMAS DE ACOMPAÑAMIENTO/Las Teatrísimas/210_rider_4028755481.pdf,210_rider_4028755481.pdf,.pdf,162402,documento,2026-05-19T15:18:55.456889,1,,,,,,"L
X
4
1
L157 L02
2
1 & L021
3 3
L021 & L0
2
21 L157
1
L088
L118
5
4
L
X
3
9 10
Legend
Symbol Name Count
11
PAR 64 (5) 7
PC 9
Recorte ETC Junior 1
Recorte Harmony (u otro) 1
PAR 64 (2) 3
L201 L205 L205
L
X
13 14 2
Fantásticamente bien
Creación colectiva
L205
L
X
Cía. Matrioskas
1
21",documento_generico,0.3,actividad|documentacion|evidencia,True,False,False,,,0.26,sin_vincular,/Users/usuario/Desktop/PROFESIONAL/enGira/FINANCIACIÓN/SUBVENCIONES/MINISTERIO DE CULTURA/Industrias Culturales 25/JUSTIFICACION/datos_engira/02_ACTIVIDADES_REALIZADAS/PROGRAMAS DE ACOMPAÑAMIENTO/Las Teatrísimas/210_rider_4028755481.pdf
actividades,02_ACTIVIDADES_REALIZADAS/PROGRAMAS DE ACOMPAÑAMIENTO/Las Teatrísimas/Guion_primera_sesion_Las_Teatrisimas_enGira.pages,Guion_primera_sesion_Las_Teatrisimas_enGira.pages,.pages,731050,documento,2026-05-20T13:07:20.545601,,,,,,,,documento_generico,0.3,actividad|documentacion|evidencia,True,False,False,,,0.173,sin_vincular,/Users/usuario/Desktop/PROFESIONAL/enGira/FINANCIACIÓN/SUBVENCIONES/MINISTERIO DE CULTURA/Industrias Culturales 25/JUSTIFICACION/datos_engira/02_ACTIVIDADES_REALIZADAS/PROGRAMAS DE ACOMPAÑAMIENTO/Las Teatrísimas/Guion_primera_sesion_Las_Teatrisimas_enGira.pages
actividades,02_ACTIVIDADES_REALIZADAS/PROGRAMAS DE ACOMPAÑAMIENTO/entregables/ejemplo_PLATEA.docx,ejemplo_PLATEA.docx,.docx,9893,documento,2026-01-14T21:48:55.513151,,,,,https://www.zeenaproducciones.com/el-animal-de-hungria,,"Estimado Patxi,
Mi nombre es Maria, le escribo de Zeena Gestión de Artes Escénicas, encantada de saludarle.
A través de estas líneas me gustaría presentarle nuestra obra El animal de Hungría, contarle en qué punto se encuentra el proyecto y la importancia de contar con el apoyo del INAEM de cara a su circulación.
Se trata de un texto poco conocido de Lope de Vega llevado a escena por el joven Colectivo Állatok, dirigido por Ernesto Arias y producido por EscénaTe con el apoyo de la Comunidad de Madrid y el Teatro de la Abadía.
Es un texto fascinante centrado en el mito del héroe salvaje que retrata las bajas pasiones de la clase noble confrontando naturaleza y civilización.
El espectáculo se estrenó en el Festival de Alcalá el pasado mes de junio, y ha pasado por Almagro, Peñíscola y Veranos de la Villa, con muy buena acogida por parte de crítica y público.
Es un proyecto de impulso joven y gran calidad que trae a la actualidad el teatro del Siglo de Oro. Pensamos que su valor recae precisamente en la accesibilidad con la que transmite el teatro clásico al gran público, y en concreto, al público joven.
La puesta en escena es compleja por la multitud de personajes que aparecen y, aunque ese obstáculo se ha resuelto con ingenio y talento, el elenco y el equipo técnico es numeroso, factor que encarece el caché de la obra.
Más allá de la solicitud de subvención a gira que realizamos en su momento, nos gustaría saber de qué manera podríamos contar con el apoyo del programa PLATEA, que nos parece primordial para la circulación de la obra y que ya nos preguntan en algunas de las conversaciones que mantenemos con los teatros.
Espero que este correo no sea inapropiado o esté dirigiéndome a la persona errónea. En ese caso le agradecería que me lo hiciera saber o me facilitara información sobre a quién debo dirigirme.
Dejo este enlace con información detallada del espectáculo para que pueda conocer la propuesta.
https://www.zeenaproducciones.com/el-animal-de-hungria
Gracias de antemano por su tiempo, quedo a la espera de recibir noticias.
Reciba un cordial saludo,
Maria Moral
Producción y distribución",presupuesto,0.133,actividad|administracion|economica|evidencia,True,True,False,,,0.26,sin_vincular,/Users/usuario/Desktop/PROFESIONAL/enGira/FINANCIACIÓN/SUBVENCIONES/MINISTERIO DE CULTURA/Industrias Culturales 25/JUSTIFICACION/datos_engira/02_ACTIVIDADES_REALIZADAS/PROGRAMAS DE ACOMPAÑAMIENTO/entregables/ejemplo_PLATEA.docx
actividades,02_ACTIVIDADES_REALIZADAS/PROGRAMAS DE ACOMPAÑAMIENTO/entregables/PLANTILLA CACHET.xlsm,PLANTILLA CACHET.xlsm,.xlsm,18863,hoja_calculo,2025-06-11T10:18:36,,,,,,,,documento_generico,0.3,actividad|documentacion|evidencia,True,False,False,,,0.173,sin_vincular,/Users/usuario/Desktop/PROFESIONAL/enGira/FINANCIACIÓN/SUBVENCIONES/MINISTERIO DE CULTURA/Industrias Culturales 25/JUSTIFICACION/datos_engira/02_ACTIVIDADES_REALIZADAS/PROGRAMAS DE ACOMPAÑAMIENTO/entregables/PLANTILLA CACHET.xlsm
actividades,02_ACTIVIDADES_REALIZADAS/PROGRAMAS DE ACOMPAÑAMIENTO/entregables/plantilla_email_distribucion.docx,plantilla_email_distribucion.docx,.docx,9553,documento,2026-01-14T21:38:54.202371,,,,,https://www.engira.art/espectaculo/243|https://www.engira.art/espectaculo/277,,"Plantilla editable (modelo base para artistas)
Estimada/o [Nombre del/la programador/a],
Mi nombre es [Nombre y apellidos], de [Compañía / Proyecto]. Te escribo para presentarte [título de la obra], un espectáculo de [disciplina] para público [público] estrenado en [año / lugar].
Descripción breve (1–2 líneas):
[Idea central, temática o enfoque artístico]
Tráiler / vídeo:
https://www.engira.art/espectaculo/277
https://www.engira.art/espectaculo/243
Premios / reconocimientos / selecciones:
– [Premio / Festival / Contexto]
– [Opcional]
Disponibilidad:
[Fechas o periodos]
Nos gustaría valorar la posibilidad de que el espectáculo forme parte de la programación de [nombre del espacio o festival].
Quedo a tu disposición para ampliar información o enviar material adicional.
Muchas gracias por tu tiempo.
Un saludo,
[Nombre]
[Compañía]
[Teléfono] · [Email]
[Web / RRSS]
Versión especifica para teatros
Estimada/o [Nombre],
Soy [Nombre] de [Compañía]. Te escribo para presentarte [título de la obra], un espectáculo de [disciplina] estrenado en [año/lugar].
Tráiler: [enlace]
La pieza ha sido [premiada/seleccionada] en [contexto relevante] y actualmente tenemos disponibilidad en [meses/trimestre/semestre].
Nos encantaría valorar su encaje en la programación de [nombre del espacio].
Quedo a tu disposición para ampliar información.
Un saludo,
[Nombre]
[Contacto]
Versión específica para festivales
Estimada/o [Nombre],
Mi nombre es [Nombre] y formo parte de [Compañía]. Me pongo en contacto contigo para presentarte [título de la obra], una propuesta de [disciplina] vinculada a [línea artística / temática del festival] ideal para su exhibición en espacios no convencionales.
Tráiler: [enlace]
El proyecto ha sido [premiado/seleccionado] en [festivales, residencias, premios] y creemos que puede dialogar con la identidad de [nombre del festival].
Tenemos disponibilidad en [fechas/trimestre/semestre] y estaríamos encantadas de valorar su participación en la próxima edición.
Gracias por tu atención y quedo a disposición.
Un saludo cordial,
[Nombre]
[Compañía] · [Contacto]",transferencia,0.4,actividad|economica|evidencia|pago,True,True,True,,ACC-ALIANZAS-ESTRATEGI-995F56EB25,0.433,pendiente_revision,/Users/usuario/Desktop/PROFESIONAL/enGira/FINANCIACIÓN/SUBVENCIONES/MINISTERIO DE CULTURA/Industrias Culturales 25/JUSTIFICACION/datos_engira/02_ACTIVIDADES_REALIZADAS/PROGRAMAS DE ACOMPAÑAMIENTO/entregables/plantilla_email_distribucion.docx
actividades,02_ACTIVIDADES_REALIZADAS/PROGRAMAS DE ACOMPAÑAMIENTO/entregables/modelo_mail_comision_RED_CAM.docx,modelo_mail_comision_RED_CAM.docx,.docx,8590,documento,2026-02-06T18:05:52.461323,,,,,,,"ASUNTO: Att. [NOMBRE PROGRAMADOR] | Red de Teatros de la CAM
Estimado/a [NOMBRE]:
Mi nombre es [NOMBRE] y formo parte de la compañía madrileña [NOMBRE DE LA COMPAÑÍA]. Encantado/a de saludarte.
Recientemente hemos presentado nuestra obra [TÍTULO],a la convocatoria de la RED de Teatros de la Comunidad de Madrid para la programación del segundo semestre.
Se trata de una propuesta que [breve descripción en dos líneas: temática, lenguaje escénico o público al que se dirige].
Nos encantaría que pudieras valorar el proyecto de cara a una posible selección del espectáculo para su inclusión en el catálogo que se presentará a los programadores.
A continuación te comparto los enlaces al tráiler y a la grabación completa por si resultan de tu interés:
– Tráiler: [ENLACE]
– Vídeo completo: [ENLACE]
Muchas gracias de antemano por tu tiempo y atención. Te mantendremos informado/a de próximas funciones en Madrid por si tu agenda te permitiera asistir.
Recibe un cordial saludo,
[NOMBRE]
[CARGO / COMPAÑÍA]
[Teléfono]
[Correo electrónico]
[Web / Redes, si procede]",presupuesto,0.133,actividad|administracion|economica|evidencia,True,True,False,,ACC-ADMINISTRACION-4BB25BB8C5,0.39,pendiente_revision,/Users/usuario/Desktop/PROFESIONAL/enGira/FINANCIACIÓN/SUBVENCIONES/MINISTERIO DE CULTURA/Industrias Culturales 25/JUSTIFICACION/datos_engira/02_ACTIVIDADES_REALIZADAS/PROGRAMAS DE ACOMPAÑAMIENTO/entregables/modelo_mail_comision_RED_CAM.docx
actividades,02_ACTIVIDADES_REALIZADAS/PROGRAMAS DE ACOMPAÑAMIENTO/DiArt/tercera_sessió_diArt.pages,tercera_sessió_diArt.pages,.pages,200456,documento,2026-06-22T13:40:04.126823,,,,,,,,documento_generico,0.3,actividad|documentacion|evidencia,True,False,False,,,0.173,sin_vincular,/Users/usuario/Desktop/PROFESIONAL/enGira/FINANCIACIÓN/SUBVENCIONES/MINISTERIO DE CULTURA/Industrias Culturales 25/JUSTIFICACION/datos_engira/02_ACTIVIDADES_REALIZADAS/PROGRAMAS DE ACOMPAÑAMIENTO/DiArt/tercera_sessió_diArt.pages
actividades,02_ACTIVIDADES_REALIZADAS/PROGRAMAS DE ACOMPAÑAMIENTO/DiArt/CACHÉ.pages,CACHÉ.pages,.pages,261613,documento,2026-04-23T13:17:03.656243,,,,,,,,documento_generico,0.3,actividad|documentacion|evidencia,True,False,False,,,0.173,sin_vincular,/Users/usuario/Desktop/PROFESIONAL/enGira/FINANCIACIÓN/SUBVENCIONES/MINISTERIO DE CULTURA/Industrias Culturales 25/JUSTIFICACION/datos_engira/02_ACTIVIDADES_REALIZADAS/PROGRAMAS DE ACOMPAÑAMIENTO/DiArt/CACHÉ.pages
actividades,02_ACTIVIDADES_REALIZADAS/PROGRAMAS DE ACOMPAÑAMIENTO/DiArt/escenarios_de_venta.docx,escenarios_de_venta.docx,.docx,15983,documento,2026-04-23T13:17:33.922554,,,1.00|1.000 €|1.05|1.050 €|1.050 €|1.10|1.100 €|1.100 €|1.15|1.150 €|1.19|1.192 €|1.20|1.200 €|1.200 €|1.25|1.250 €|1.27|1.270 €|1.30|1.300 €|1.31|1.312 €|1.35|1.350 €|1.40|1.43|1.433 €|1.45|1.450 €|1.50|1.60|1.600 €|1.62|1.625 €|1.65|1.650 €|1.80|142 €|170 €|2.00|2.000 €|2.05|2.050 €|212 €|283 €|425 €|500 €|850 €|850 €,,https://cultura.gencat.cat/ca/programacat/inici|https://engira.art/enlace/42417|https://www.iebalearics.org/es/subvenciones/artes-escenicas/?utm_source=chatgpt.com,,"SUBVENCIONS MOVILITAT I PROJECCIÓ EXTERIOR
https://www.iebalearics.org/es/subvenciones/artes-escenicas/?utm_source=chatgpt.com
Estrategia Catalunya - fires, I bolos I programa.cat
https://cultura.gencat.cat/ca/programacat/inici
Fer el contacte amb la diputación de málaga
Esther Monléon - teniu el contacte al vostre plan de distribucion https://engira.art/enlace/42417
TABLA DE CACHÉS – H2O (MODELO OPTIMIZADO)
Coste total desplazamiento estimado: ~ 850 €
Caché artístico base recomendado: 1.200 €
Escenarios de venta por número de bolos
LECTURA ESTRATÉGICA (CLAVE)
1 bolo
No vender salvo excepción
Solo si:
cubren desplazamiento completo
o hay interés estratégico muy alto
2 bolos
Solo si están muy cerca geográficamente
O si abren puerta a más fechas
3–4 bolos
Zona real de mercado
Aquí empieza a ser competitivo
5+ bolos
Escenario ideal
Aquí sois muy programables
Permite incluso:
cerrar caché “todo incluido”
entrar en redes públicas
VERSIÓN COMERCIAL (LO QUE DECÍS)
👉 Nunca enseñáis esta tabla.
👉 Esto es para vuestra estrategia interna.
Lo que ofrecéis:
Opción A (bolo suelto):
Caché: 1.200 € + desplazamiento
Opción B (ruta):
Caché cerrado desde 1.250 € (según número de funciones)
💡 Esto cambia totalmente la percepción.
RECOMENDACIÓN CLAVE PARA VOSOTRAS
👉 Vuestra estrategia actual (Catalunya + ferias) está PERFECTAMENTE alineada con esto.
Concretamente:
Fira Tàrrega + Lleida → objetivo mínimo: 3 bolos
Barcelona + Fira Mediterrània → objetivo: 2–3 bolos
➡️ Resultado: ya estáis en zona competitiva sin perder margen.
TABLA DE CACHÉS POR TIPO DE ESPACIO – H2O
Base utilizada
Caché artístico base: 1.100 – 1.200 €
Movilidad total estimada: 850 €
Estrategia: repartir costes + adaptar discurso según circuito
1. TEATROS PÚBLICOS (REDES / AYUNTAMIENTOS)
👉 Mayor presupuesto → podéis mantener valor
💡 Posicionamiento:
Espectáculo profesional + mediación + valor educativo
Muy alineado con políticas públicas (medioambiente)
👉 Aquí podéis defender precio.
2. CIRCUITO ESCOLAR / EDUCATIVO (ABECEDARIA, PROGRAMAS.CAT, ETC.)
👉 Más volumen, menor precio → clave para sostenibilidad
💡 Posicionamiento:
Espectáculo pedagógico
Incluye mediación (MUY IMPORTANTE remarcarlo)
Adaptable a centros
👉 Aquí competís por volumen + encaje curricular.
3. SALAS ALTERNATIVAS / PROGRAMACIÓN A TAQUILLA
👉 Más flexibilidad → enfoque híbrido
💡 Modelos posibles:
Opción A
70% taquilla compañía / 30% sala
Opción B
Mínimo garantizado (300–500 €) + taquilla
Opción C (si hay ruta)
Caché reducido + taquilla
👉 Esto sirve para:
Abrir mercado
Generar presencia
Completar rutas
LECTURA ESTRATÉGICA (MUY IMPORTANTE)
🔑 CLAVE 1 — No vendéis lo mismo a todos
Teatro público → valor artístico
Escolar → valor pedagógico
Sala → flexibilidad
🔑 CLAVE 2 — El número de bolos manda
👉 Siempre lleváis la conversación a:
“¿Hay posibilidad de articular más fechas en la zona?”
🔑 CLAVE 3 — Catalunya encaja perfecto con este modelo
Vuestra estrategia actual queda así:
🔵 Septiembre (Tàrrega + Lleida)
1 feria + 2–3 bolos escolares/públicos
👉 Resultado: caché competitivo
🔵 Octubre (Barcelona + Mediterrània)
1 sala + 1–2 bolos
👉 Resultado: equilibrio económico + visibilidad
FRASE CLAVE PARA CIERRE (ÚSALA TAL CUAL)
“Al desplazarnos desde Baleares, trabajamos con rutas para poder ajustar condiciones. Si podemos agrupar varias funciones en fechas próximas, podemos ofrecer un caché más competitivo.”
Nº bolos | Caché artístico | Coste movilidad repartido | Caché total por bolo | Observación
1 bolo | 1.200 € | 850 € | 2.050 € | Poco competitivo
2 bolos | 1.200 € | 425 € | 1.625 € | Aún alto
3 bolos | 1.150 € | 283 € | 1.433 € | Viable
4 bolos | 1.100 € | 212 € | 1.312 € | Muy competitivo
5 bolos | 1.100 € | 170 € | 1.270 € | Ideal
6 bolos | 1.050 € | 142 € | 1.192 € | Óptimo
Nº bolos en ruta | Caché recomendado (todo incluido)
1 bolo | 1.800 – 2.000 € ❌ (evitar)
2 bolos | 1.500 – 1.650 € ⚠️
3 bolos | 1.350 – 1.450 € ✅
4 bolos | 1.250 – 1.350 € ✅
5+ bolos | 1.200 – 1.300 € 🔥
Nº bolos en ruta | Caché recomendado (todo incluido)
1 bolo | 1.400 – 1.600 € ❌
2 bolos | 1.250 – 1.350 € ⚠️
3 bolos | 1.100 – 1.200 € ✅
4 bolos | 1.000 – 1.100 € ✅
5+ bolos | 950 – 1.050 € 🔥
Nº bolos en ruta | Caché / modelo recomendado
1 bolo | Taquilla + mínimo garantizado
2 bolos | Taquilla + gastos compartidos
3+ bolos | 800 – 1.000 € + taquilla",presupuesto,0.533,actividad|administracion|economica|evidencia,True,True,False,,ACC-RESPONSABLE-DE-OPE-1C962F9F75,0.39,pendiente_revision,/Users/usuario/Desktop/PROFESIONAL/enGira/FINANCIACIÓN/SUBVENCIONES/MINISTERIO DE CULTURA/Industrias Culturales 25/JUSTIFICACION/datos_engira/02_ACTIVIDADES_REALIZADAS/PROGRAMAS DE ACOMPAÑAMIENTO/DiArt/escenarios_de_venta.docx
actividades,02_ACTIVIDADES_REALIZADAS/PROGRAMAS DE ACOMPAÑAMIENTO/DiArt/PLANTILLA CACHET H2o sala.numbers,PLANTILLA CACHET H2o sala.numbers,.numbers,996265,otro,2026-04-22T13:05:20.365340,,,,,,,,documento_generico,0.3,actividad|documentacion|evidencia,True,False,False,,,0.173,sin_vincular,/Users/usuario/Desktop/PROFESIONAL/enGira/FINANCIACIÓN/SUBVENCIONES/MINISTERIO DE CULTURA/Industrias Culturales 25/JUSTIFICACION/datos_engira/02_ACTIVIDADES_REALIZADAS/PROGRAMAS DE ACOMPAÑAMIENTO/DiArt/PLANTILLA CACHET H2o sala.numbers
actividades,02_ACTIVIDADES_REALIZADAS/PROGRAMAS DE ACOMPAÑAMIENTO/DiArt/PLANTILLA CACHET H2o sala.xlsx,PLANTILLA CACHET H2o sala.xlsx,.xlsx,142695,hoja_calculo,2026-04-23T13:18:32.611284,,,0.15|0.21|0.36,,,,"| | | | | | | | | | | | | | | | | | | | | | | | |
| TÍTULO DE LA PRODUCCIÓN | | | | | | | | | | | | | | | | | | | | | | | |
| COMPAÑÍA / CREADORA | | | | | | | | | | | | | | | | | | | | | | | |
| | | | | | | | | | | | | | | | | | | | | | | | |
| | | | | | | | | | | | | | | | | | | | | | | | |
| CONCEPTOS | Coste | Ud. | Observaciones | | | | | | | | | | | | | | | | | | | | |
| | | | | | | | | | | | | | | | | | | | | | | | |
| SALARIOS (COSTE EMPRESA) | | | | | | | | | | | | | | | | | | | | | | | |
| Actrius | 250 | /función | x 2 personas | | | | | | | | | | | | | | | | | | | | |
| | 125 | 2a función | x dia, si salimos, minimum dos dias | | | | | | | | | | | | | | | | | | | | |
| Técnico/producción | 300 | /función | x dia, si salimos, minimum dos dias | | | | | | | | | | | | | | | | | | | | |
| Seguridad Social asalariados | 0.3649 | | | | | | | | | | | | | | | | | | | | | | |
| | | | | | | | | | | | | | | | | | | | | | | | |
| TRANSPORTE (SIN IVA) | | | | | | | | | | | | | | | | | | | | | | | |
| Avión | 200 | | x3 personas, IEB suvención | | | | | | | | | | | | | | | | | | | | |
| Alquiler Coche 5 plazas. | 40 | /día | x3 días: IEB subevnción possible | | | | | | | | | | | | | | | | | | | | |
| Gasolina (100km) | 50 | 100km | | | | | | | | | | | | | | | | | | | | | |
| Peajes y parking | 20 | | | | | | | | | | | | | | | | | | | | | | |
| furgoneta | | /día | | | | | | | | | | | | | | | | | | | | | |
| DIETAS, ALOJAMIENTO… (SIN IVA) | | | | | | | | | | | | | | | | | | | | | | | |
| Dietas completas | 50 | /día | x3 | | | | | | | | | | | | | | | | | | | | |
| Alojamientos | 60 | /día | x3 : IEB subevnción possible | | | | | | | | | | | | | | | | | | | | |
| Varios (cartelería, imprevistos, etc) | 150 | | | | | | | | | | | | | | | | | | | | | | |
| | | | | | | | | | | | | | | | | | | | | | | | |
| OTROS (SIN IVA) | | | | | | | | | | | | | | | | | | | | | | | |
| Responsable prensa en gira | 0 | /función | | | | | | | | | | | | | | | | | | | | | |
| Prensa/Comunicación (previa bolo) | 70 | /función | | | | | | | | | | | | | | | | | | | | | |
| Gestoría, seguros…etc. | 80 | /función | | | | | | | | | | | | | | | | | | | | | |
| | | | | | | | | | | | | | | | | | | | | | | | |
| SUBTOTAL | | | | | | | | | | | | | | | | | | | | | | | |
| | | | | | | | | | | | | | | | | | | | | | | | |
| | | | | | | | | | | | | | | | | | | | | | | | |
| | | | | | | | | | | | | | | | | | | | | | | | |
| | | | | | | | | | | | | | | | | | | | | | | | |
| | | | | | | | | | | | | | | | | | | | | | | | |
| | | | | | | | | | | | | | | | | | | | | | | | |
| | | | | | | | | | | | | | | | | | | | | | | | |
| | | | | | | | | | | | | | | | | | | | | | | | |
| | | | | | | | | | | | | | | | | | | | | | | | |
| | | | | | | | | | | | | | | | | | | | | | | | |
| | | | | | | | | | | | | | | | | | | | | | | | |
| | | | | | | | | | | | | | | | | | | | | | | | |
| | | | | | | | | | | | | | | | | | | | | | | | |
| | | | | | | | | | | | | | | | | | | | | | | | |
| | | | | | | | | | | | | | | | | | | | | | | | |
| | | | | | | | | | | | | | | | | | | | | | | | |
| | | | | | | | | | | | | | | | | | | | | | | | |
| | | | | | | | | | | | | | | | | | | | | | | | |
| | | | | | | | | | | | | | | | | | | | | | | | |
| | | | | | | | | | | | | | | | | | | | | | | | |
| | | | | | | | | | | | | | | | | | | | | | | | |
| | | | | | | | | | | | | | | | | | | | | | | | |
| | | | | | | | | | | | | | | | | | | | | | | | |
| | | | | | | | | | | | | | | | | | | | | | | | |
| | | | | | | | | | | | | | | | | | | | | | | | |
| | | | | | | | | | | | | | | | | | | | | | | | |
| | | | | | | | | | | | | | | | | | | | | | | | |
| | | | | | | | | | | | | | | | | | | | | | | | |
| | | | | | | | | | | | | | | | | | | | | | | | |
| | | | | | | | | | | | | | | | | | | | | | | | |
| | | | | | | | | | | | | | | | | | | | | | | | |
| | | | | | | | | | | | | | | | | | | | | | | | |
| | | | | | | | | | | | | | | | | | | | | | | | |
| | | | | | | | | | | | | | | | | | | | | | | | |
| | | | | | | | | | | | | | | | | | | | | | | | |
| | | | | | | | | | | | | | | | | | | | | | | | |
| | | | | | | | | | | | | | | | | | | | | | | | |
| | | | | | | | | | | | | | | | | | | | | | | | |
| | | | | | | | | | | | | | | | | | | | | | | | |
| | | | | | | | | | | | | | | | | | | | | | | | |
| | | | | | | | | | | | | | | | | | | | | | | | |
| | | | | | | | | | | | | | | | | | | | | | | | |
| | | | | | | | | | | | | | | | | | | | | | | | |
| | | | | | | | | | | | | | | | | | | | | | | | |
| | | | | | | | | | | | | | | | | | | | | | | | |
| | | | | | | | | | | | | | | | | | | | | | | | |
| | | | | | | | | | | | | | | | | | | | | | | | |
| | | | | | | | | | | | | | | | | | | | | | | | |
| | | | | | | | | | | | | | | | | | | | | | | | |
| | | | | | | | | | | | | | | | | | | | | | | | |
| | | | | | | | | | | | | | | | | | | | | | | | |
| | | | | | | | | | | | | | | | | | | | | | | | |
| | | | | | | | | | | | | | | | | | | | | | | | |
| | | | | | | | | | | | | | | | | | | | | | | | |
| | | | | | | | | | | | | | | | | | | | | | | | |
| | | | | | | | | | | | | | | | | | | | | | | | |
| | | | | | | | | | | | | | | | | | | | | | | | |
| | | | | | | | | | | | | | | | | | | | | | | | |
| | | | | | | | | | | | | | | | | | | | | | | | |
| | | | | | | | | | | | | | | | | | | | | | | | |
| | | | | | | | | | | | | | | | | | | | | | | | |
| | | | | | | | | | | | | | | | | | | | | | | | |
| | | | | | | | | | | | | | | | | | | | | | | | |
| | | | | | | | | | | | | | | | | | | | | | | | |
| | | | | | | | | | | | | | | | | | | | | | | | |
| | | | | | | | | | | | | | | | | | | | | | | | |
| | | | | | | | | | | | | | | | | | | | | | | | |
| | | | | | | | | | | | | | | | | | | | | | | | |
| | | | | | | | | | | | | | | | | | | | | | | | |
| | | | | | | | | | | | | | | | | | | | | | | | |
| | | | | | | | | | | | | | | | | | | | | | | | |
| | | | | | | | | | | | | | | | | | | | | | | | |
| | | | | | | | | | | | | | | | | | | | | | | | |
| | | | | | | | | | | | | | | | | | | | | | | | |
| | | | | | | | | | | | | | | | | | | | | | | | |
| | | | | | | | | | | | | | | | | | | | | | | | |
| | | | | | | | | | | | | | | | | | | | | | | | |
| | | | | | | | | | | | | | | | | | | | | | | | |
| | | | | | | | | | | | | | | | | | | | | | | | |
| | | | | | | | | | | | | | | | | | | | | | | | |
| | | | | | | | | | | | | | | | | | | | | | | | |
| | | | | | | | | | | | | | | | | | | | | | | | |
| | | | | | | | | | | | | | | | | | | | | | | | |
| | | | | | | | | | | | | | | | | | | | | | | | |
| | | | | | | | | | | | | | | | | | | | | | | | |
| | | | | | | | | | | | | | | | | | | | | | | | |
| | | | | | | | | | | | | | | | | | | | | | | | |
| | | | | | | | | | | | | | | | | | | | | | | | |
| | | | | | | | | | | | | | | | | | | | | | | | |
| | | | | | | | | | | | | | | | | | | | | | | | |
| | | | | | | | | | | | | | | | | | | | | | | | |
| | | | | | | | | | | | | | | | | | | | | | | | |
| | | | | | | | | | | | | | | | | | | | | | | | |
| | | | | | | | | | | | | | | | | | | | | | | | |
| | | | | | | | | | | | | | | | | | | | | | | | |
| | | | | | | | | | | | | | | | | | | | | | | | |
| | | | | | | | | | | | | | | | | | | | | | | | |
| | | | | | | | | | | | | | | | | | | | | | | | |
| | | | | | | | | | | | | | | | | | | | | | | | |
| | | | | | | | | | | | | | | | | | | | | | | | |
| | | | | | | | | | | | | | | | | | | | | | | | |
| | | | | | | | | | | | | | | | | | | | | | | | |
| | | | | | | | | | | | | | | | | | | | | | | | |
| | | | | | | | | | | | | | | | | | | | | | | | |
| | | | | | | | | | | | | | | | | | | | | | | | |
| | | | | | | | | | | | | | | | | | | | | | | | |
| | | | | | | | | | | | | | | | | | | | | | | | |
| | | | | | | | | | | | | | | | | | | | | | | | |
| | | | | | | | | | | | | | | | | | | | | | | | |
| | | | | | | | | | | | | | | | | | | | | | | | |
| | | | | | | | | | | | | | | | | | | | | | | | |
| | | | | | | | | | | | | | | | | | | | | | | | |
| | | | | | | | | | | | | | | | | | | | | | | | |
| | | | | | | | | | | | | | | | | | | | | | | | |
| | | | | | | | | | | | | | | | | | | | | | | | |
| | | | | | | | | | | | | | | | | | | | | | | | |
| | | | | | | | | | | | | | | | | | | | | | | | |
| | | | | | | | | | | | | | | | | | | | | | | | |
| | | | | | | | | | | | | | | | | | | | | | | | |
| | | | | | | | | | | | | | | | | | | | | | | | |
| | | | | | | | | | | | | | | | | | | | | | | | |
| | | | | | | | | | | | | | | | | | | | | | | | |
| | | | | | | | | | | | | | | | | | | | | | | | |
| | | | | | | | | | | | | | | | | | | | | | | | |
| | | | | | | | | | | | | | | | | | | | | | | | |
| | | | | | | | | | | | | | | | | | | | | | | | |
| | | | | | | | | | | | | | | | | | | | | | | | |
| | | | | | | | | | | | | | | | | | | | | | | | |
| | | | | | | | | | | | | | | | | | | | | | | | |
| | | | | | | | | | | | | | | | | | | | | | | | |
| | | | | | | | | | | | | | | | | | | | | | | | |
| | | | | | | | | | | | | | | | | | | | | | | | |
| | | | | | | | | | | | | | | | | | | | | | | | |
| | | | | | | | | | | | | | | | | | | | | | | | |
| | | | | | | | | | | | | | | | | | | | | | | | |
| | | | | | | | | | | | | | | | | | | | | | | | |
| | | | | | | | | | | | | | | | | | | | | | | | |
| | | | | | | | | | | | | | | | | | | | | | | | |
| | | | | | | | | | | | | | | | | | | | | | | | |
| | | | | | | | | | | | | | | | | | | | | | | | |
| | | | | | | | | | | | | | | | | | | | | | | | |
| | | | | | | | | | | | | | | | | | | | | | | | |
| | | | | | | | | | | | | | | | | | | | | | | | |
| | | | | | | | | | | | | | | | | | | | | | | | |
| | | | | | | | | | | | | | | | | | | | | | | | |
| | | | | | | | | | | | | | | | | | | | | | | | |
| | | | | | | | | | | | | | | | | | | | | | | | |
| | | | | | | | | | | | | | | | | | | | | | | | |
| | | | | | | | | | | | | | | | | | | | | | | | |
| | | | | | | | | | | | | | | | | | | | | | | | |
| | | | | | | | | | | | | | | | | | | | | | | | |
| | | | | | | | | | | | | | | | | | | | | | | | |
| | | | | | | | | | | | | | | | | | | | | | | | |
| | | | | | | | | | | | | | | | | | | | | | | | |
| | | | | | | | | | | | | | | | | | | | | | | | |
| | | | | | | | | | | | | | | | | | | | | | | | |
| | | | | | | | | | | | | | | | | | | | | | | | |
| | | | | | | | | | | | | | | | | | | | | | | | |
| | | | | | | | | | | | | | | | | | | | | | | | |
| | | | | | | | | | | | | | | | | | | | | | | | |
| | | | | | | | | | | | | | | | | | | | | | | | |
| | | | | | | | | | | | | | | | | | | | | | | | |
| | | | | | | | | | | | | | | | | | | | | | | | |
| | | | | | | | | | | | | | | | | | | | | | | | |
| | | | | | | | | | | | | | | | | | | | | | | | |
| | | | | | | | | | | | | | | | | | | | | | | | |
| | | | | | | | | | | | | | | | | | | | | | | | |
| | | | | | | | | | | | | | | | | | | | | | | | |
| | | | | | | | | | | | | | | | | | | | | | | | |
| | | | | | | | | | | | | | | | | | | | | | | | |
| | | | | | | | | | | | | | | | | | | | | | | | |
| | | | | | | | | | | | | | | | | | | | | | | | |
| | | | | | | | | | | | | | | | | | | | | | | | |
| | | | | | | | | | | | | | | | | | | | | | | | |
| | | | | | | | | | | | | | | | | | | | | | | | |
| | | | | | | | | | | | | | | | | | | | | | | | |
| | | | | | | | | | | | | | | | | | | | | | | | |
| | | | | | | | | | | | | | | | | | | | | | | | |
| | | | | | | | | | | | | | | | | | | | | | | | |
| | | | | | | | | | | | | | | | | | | | | | | | |
| | | | | | | | | | | | | | | | | | | | | | | | |
| | | | | | | | | | | | | | | | | | | | | | | | |
| | | | | | | | | | | | | | | | | | | | | | | | |
| | | | | | | | | | | | | | | | | | | | | | | | |
| | | | | | | | | | | | | | | | | | | | | | | | |
| | | | | | | | | | | | | | | | | | | | | | | | |
| | | | | | | | | | | | | | | | | | | | | | | | |
| | | | | | | | | | | | | | | | | | | | | | | | |
| | | | | | | | | | | | | | | | | | | | | | | | |
| | | | | | | | | | | | | | | | | | | | | | | | |
| | | | | | | | | | | | | | | | | | | | | | | | |
| | | | | | | | | | | | | | | | | | | | | | | | |
| | | | | | | | | | | | | | | | | | | | | | | | |
| | | | | | | | | | | | | | | | | | | | | | | | |
| | | | | | | | | | | | | | ",factura_gasto_viaje,0.6,actividad|economica|evidencia,True,True,False,,ACC-GESTORIA-6F82F39FEF,1.0,automatico,/Users/usuario/Desktop/PROFESIONAL/enGira/FINANCIACIÓN/SUBVENCIONES/MINISTERIO DE CULTURA/Industrias Culturales 25/JUSTIFICACION/datos_engira/02_ACTIVIDADES_REALIZADAS/PROGRAMAS DE ACOMPAÑAMIENTO/DiArt/PLANTILLA CACHET H2o sala.xlsx
actividades,02_ACTIVIDADES_REALIZADAS/PROGRAMAS DE ACOMPAÑAMIENTO/DiArt/PLANTILLA CACHET H2o sala.xlsm,PLANTILLA CACHET H2o sala.xlsm,.xlsm,33677,hoja_calculo,2026-03-16T10:34:35.607477,,,,,,,,documento_generico,0.3,actividad|documentacion|evidencia,True,False,False,,,0.173,sin_vincular,/Users/usuario/Desktop/PROFESIONAL/enGira/FINANCIACIÓN/SUBVENCIONES/MINISTERIO DE CULTURA/Industrias Culturales 25/JUSTIFICACION/datos_engira/02_ACTIVIDADES_REALIZADAS/PROGRAMAS DE ACOMPAÑAMIENTO/DiArt/PLANTILLA CACHET H2o sala.xlsm
actividades,02_ACTIVIDADES_REALIZADAS/PROGRAMAS DE ACOMPAÑAMIENTO/DiArt/DIART - programa de acompañamiento - 1a sesion.pages,DIART - programa de acompañamiento - 1a sesion.pages,.pages,259732,documento,2026-03-18T10:18:50.230858,,,,,,,,documento_generico,0.3,actividad|documentacion|evidencia,True,False,False,,,0.173,sin_vincular,/Users/usuario/Desktop/PROFESIONAL/enGira/FINANCIACIÓN/SUBVENCIONES/MINISTERIO DE CULTURA/Industrias Culturales 25/JUSTIFICACION/datos_engira/02_ACTIVIDADES_REALIZADAS/PROGRAMAS DE ACOMPAÑAMIENTO/DiArt/DIART - programa de acompañamiento - 1a sesion.pages
actividades,02_ACTIVIDADES_REALIZADAS/PROGRAMAS DE ACOMPAÑAMIENTO/DiArt/Cachés DI-ART cast.pdf,Cachés DI-ART cast.pdf,.pdf,9092447,documento,2026-03-16T10:32:52.285017,2,,1400€|1600 €|1800 €|250€|700€|800€|900€,,,,"H O Aquae Plasticum
2
Espectáculo a sala Animación de calle
CACHÉS
H O exterior H O pedagógico
2 2
Espectáculo de calle o por Talleres de reciclaje creativo
espacios no convencionales danza en familia
danza creativa
H O
2
Una actuación d'H O a sala: 1800 €+IVA
2
Segunda actuación el mismo día a mitad de precio: 900€+IVA
Una función escolar: 1400€+IVA, negociable según número de funciones
H O Exterior
2
Una actuación de H₂O: 1600 €+IVA
Segunda actuación el mismo día a mitad de precio: 800€+IVA
Aquae Plasticum
Animación itinerante de calle: 700€+IVA
H O Pedagogico
2
Talleres de reciclaje creativo, danza en familia o danza creativa: 250€+IVA",documento_generico,0.3,actividad|documentacion|evidencia,True,False,False,,,0.26,sin_vincular,/Users/usuario/Desktop/PROFESIONAL/enGira/FINANCIACIÓN/SUBVENCIONES/MINISTERIO DE CULTURA/Industrias Culturales 25/JUSTIFICACION/datos_engira/02_ACTIVIDADES_REALIZADAS/PROGRAMAS DE ACOMPAÑAMIENTO/DiArt/Cachés DI-ART cast.pdf
actividades,02_ACTIVIDADES_REALIZADAS/PROGRAMAS DE ACOMPAÑAMIENTO/DiArt/DiArt_sesion2_programa de acompañamiento .pdf,DiArt_sesion2_programa de acompañamiento .pdf,.pdf,219790,documento,2026-03-18T10:20:45.507960,4,18/03/2026,,,,,"Programa de acompañamiento enGira! 18/03/2026
_______________________________________________________________________________________
SEGUNDA SESIÓN DE ACOMPAÑAMIENTO
Espectáculo: H2O
Compañía: DiArt
1. ESTADO ACTUAL DEL PROYECTO
Avances conseguidos
Tras la segunda sesión, se constata una correcta activación del plan de distribución definido en la
primera fase:
• ✔ Activación de múltiples contactos con espacios, festivales y redes.
• ✔ Presentación a convocatorias clave (Red CAM, Abecedaria, PLATEA, etc.).
• ✔ Consolidación de base de datos de contactos y primeras acciones de comunicación.
Procesos en curso
• Negociación abierta con dos municipios de la Comunidad Valenciana a través de las
áreas de medioambiente del ayuntamiento.
• Negociación en curso para programación en la sala L’Autèntica, Barcelona.
• Pendiente de resolución de la Red de Teatros de la Comunidad de Madrid.
2. VALORACIÓN ESTRATÉGICA
Fortalezas consolidadas
• Propuesta artística alineada con programación educativa y familiar.
1
Programa de acompañamiento enGira! 18/03/2026
_______________________________________________________________________________________
• Temática (medioambiente) altamente programable en redes públicas.
• Alta capacidad de activación de contactos y seguimiento.
Retos prioritarios
• Movilidad desde Baleares, que incrementa significativamente los costes.
• Necesidad de optimizar desplazamientos para garantizar viabilidad económica.
Oportunidades detectadas
• Catalunya como territorio estratégico para la expansión.
• Posibilidad de articular giras concentradas que reduzcan costes logísticos.
• Aprovechamiento de ayudas del Institut d’Estudis Baleàrics para movilidad.
3. TRABAJO REALIZADO EN LA SESIÓN 2
Estrategia de movilidad para el segundo semestre
Objetivo
Optimizar los desplazamientos desde Baleares mediante concentración de actividad en territorio.
Territorio prioritario: Catalunya
Se define una estrategia basada en dos viajes optimizados:
Viaje 1 – Septiembre
• Asistencia a Fira Tàrrega.
• Programación de funciones en el área de Lleida (a activar previamente).
Viaje 2 – Octubre
• Función en L’Autèntica de Barcelona (en negociación).
• Asistencia a Fira Mediterrània.
Claves de la estrategia
• Concentrar funciones y contactos en un mismo desplazamiento.
• Activar programación complementaria en proximidad geográfica.
2
Programa de acompañamiento enGira! 18/03/2026
_______________________________________________________________________________________
• Cubrir gastos mediante ayudas del Institut d’Estudis Baleàrics.
Campaña activa
• Activación de una campaña de comunicación vinculada al agua y el medioambiente,
alineada con el contenido del espectáculo.
• Uso de la temática como elemento diferencial para generar interés en programadores.
Herramientas de mailing
Implementación de:
• Uso de Brevo:
◦ Gestión de contactos.
◦ Envío de campañas segmentadas.
◦ Seguimiento de resultados.
◦ Se adjuntan bases de datos autonómicas
4. PRÓXIMOS PASOS
Distribución
• Continuar activación y seguimiento de contactos ya iniciados.
• Priorizar cierres en Comunidad Valenciana (negociaciones en curso).
• Registrar todas las acciones en la plataforma enGira!.
Catalunya como foco estratégico
• Intensificar contactos en Catalunya (especialmente Lleida y Barcelona).
• Identificar espacios compatibles con programación familiar/escolar.
• Avanzar en el cierre de la función en Barcelona.
Ferias profesionales
• Planificar asistencia a:
◦ Fira Tàrrega (septiembre)
◦ Fira Mediterrània (octubre)
3
Programa de acompañamiento enGira! 18/03/2026
_______________________________________________________________________________________
• Definir objetivos concretos para cada feria:
◦ Agenda de reuniones.
◦ Contactos prioritarios.
Estrategia de comunicación con redes y circuitos
• Activar contacto directo con la comisión de selección de la Red de Teatros de la
Comunidad de Madrid:
◦ Informar de la candidatura presentada.
◦ Reforzar la adecuación del espectáculo al circuito.
◦ Realizar seguimiento durante el periodo de deliberación.
• Activar contactos con:
◦ Abecedaria
◦ Culturama
• Mantener campañas de mailing activas vinculadas a hitos del proyecto.
6. RECOMENDACIONES CLAVE
• Priorizar estrategias de gira concentrada frente a acciones aisladas.
• Utilizar la temática medioambiental como eje central de comunicación.
• Planificar con antelación los viajes para maximizar su rentabilidad.
• Mantener constancia semanal en tareas de distribución (4–5h).
7. CONTINUIDAD DEL ACOMPAÑAMIENTO
La próxima sesión se orientará a:
• Revisión y ajuste del caché artístico para integrar costes de movilidad sin perder
competitividad.
• Estrategia de acceso al circuito catalán programa.cat para el espectáculo H2O.
4",factura_gasto_viaje,0.533,actividad|economica|evidencia,True,True,False,,ACC-ADMINISTRACION-F593A8F72D,0.624,pendiente_revision,/Users/usuario/Desktop/PROFESIONAL/enGira/FINANCIACIÓN/SUBVENCIONES/MINISTERIO DE CULTURA/Industrias Culturales 25/JUSTIFICACION/datos_engira/02_ACTIVIDADES_REALIZADAS/PROGRAMAS DE ACOMPAÑAMIENTO/DiArt/DiArt_sesion2_programa de acompañamiento .pdf
actividades,02_ACTIVIDADES_REALIZADAS/PROGRAMAS DE ACOMPAÑAMIENTO/DiArt/comisionprograma.pdf,comisionprograma.pdf,.pdf,554831,documento,2026-03-16T11:23:58.599427,1,,,,,,"PROGRAMADORES QUE INTEGRAN LA COMISIÓN DE
LA RED DE TEATROS
AYUNTAMIENTO: PROGRAMADOR: TELÉFONO E- MAIL
programacioncultura@ayto-alcorcon.es
ALCORCÓN Lara Pérez Cuervo 91 664 84 67
91 853 71 59
BECERRIL DE LA SIERRA Luis Enrique Soria Benito cultura@becerrildelasierra.es
b.santiago@ayto-fuenlabrada.es
FUENLABRADA Beatriz Santiago 91 492 11 20
91 248 38 07
PINTO Daniel Martínez Ramírez dmartinez@ayto-pinto.es
91 658 89 90
SAN SEBASTIÁN DE LOS REYES Raquel Molina Hernando marsillach@redescena.net
91 6749870
TORREJÓN DE ARDOZ Daniel Juste González djusteg@ayto-torrejon.es
91 897 76 15
VALDEMORILLO Mayte Cuervo Valcárcel mayte.cultura@aytovaldemorillo.com
91 865 73 07
VALDEMORO Ramón Gilarte Toribio ramong@valdemoro.es
91 809 96 20
91 811 70 01
VILLANUEVA DE LA CAÑADA Gonzalo Esteban Oliver cultura@ayto-villacanada.es
POR LA COMUNIDAD DE MADRID:
COORDINADORA DE LA RED DE TEATROS Carmen Fernández Casado 91 720 82 63 c a r m en.casado@madrid.org
JEFE DE ÁREA DE COOPERACIÓN E Alberto Gallego-Casilda 917208046 alberto.gallego-casilda@madrid.org
INDUSTRIAS CULTURALES Benitez
CENTRO CULTURAL
“PILAR MIRÓ” 91 507 97 40 susana.ahijon@madrid.org
Plza. Antonio Mª Segovia, s/n Susana Ahijón García 91 507 97 41 pacorabal@madrid.org
91 507 97 59
(EL PAU DE VALLECAS)
Fax: 91 507 97
28031.- MADRID.
48
CENTRO CULTURAL
“PACO RABAL”
C/ Felipe de Diego, 11
28031.- MADRID
ASESOR DE ARTES ESCÉNICAS Manuel Lagos Gismero 91 720 81 66 manuel.lagos@madrid.org
SEPTIEMBRE 2023",presupuesto,0.133,actividad|administracion|economica|evidencia,True,True,False,,ACC-ADMINISTRACION-1FE0EB5C6C,0.39,pendiente_revision,/Users/usuario/Desktop/PROFESIONAL/enGira/FINANCIACIÓN/SUBVENCIONES/MINISTERIO DE CULTURA/Industrias Culturales 25/JUSTIFICACION/datos_engira/02_ACTIVIDADES_REALIZADAS/PROGRAMAS DE ACOMPAÑAMIENTO/DiArt/comisionprograma.pdf
actividades,02_ACTIVIDADES_REALIZADAS/PROGRAMAS DE ACOMPAÑAMIENTO/DiArt/DIART - programa de acompañamiento - 1a sesion.pdf,DIART - programa de acompañamiento - 1a sesion.pdf,.pdf,224028,documento,2026-01-14T23:18:04.538864,5,14/01/2026,,,https://www.circostrada.org/en?lang=en|https://www.cultura.gob.es/cultura/artesescenicas/sc/ayudas-subvenciones.html,,"Programa de acompañamiento enGira! 14/01/2026
_______________________________________________________________________________________
INFORME · PRIMERA SESIÓN DE ACOMPAÑAMIENTO
Espectáculo: H2O
Compañía: DiArt
1. Estudio previo del proyecto
Durante la primera sesión se realizó un análisis inicial del espectáculo H2O, identificando
sus principales fortalezas y los retos a abordar en la estrategia de distribución y movilidad.
Puntos fuertes
• Enfoque dirigido a público familiar y escolar, con alta demanda en redes públicas
y programas educativos.
• Temática vinculada a la emergencia climática y la sostenibilidad, alineada con
políticas culturales actuales.
• Capacidad de adaptación a espacios no convencionales, lo que amplía el
abanico de programación.
• Propuesta artística profesional, sólida y de calidad.
• Incorporación de actividades de mediación (upcycling), que refuerzan el valor
educativo y comunitario del proyecto.
Retos detectados
• Insularidad, que condiciona la planificación logística y económica de las giras y
hace necesario optimizar los desplazamientos.
2. Propuesta de calendario de trabajo
Se propone dedicar un día a la semana (4–5 horas) a tareas de distribución y
seguimiento, preferiblemente siempre con la misma persona para garantizar continuidad y
coherencia en las gestiones.
1
Programa de acompañamiento enGira! 14/01/2026
_______________________________________________________________________________________
Fechas clave (deadlines)
• 31 de enero: cierre de la convocatoria de la Red de Teatros de la Comunidad de
Madrid.
• Febrero (estimado): apertura de la convocatoria de subvenciones a gira.
• Marzo (estimado): deliberación de la comisión de selección de la Red CAM.
• Fechas posteriores a definir en función de resoluciones y nuevas convocatorias.
3. Plan de distribución
Se acuerda trabajar activamente con las herramientas de la plataforma enGira! como eje
central de la estrategia.
Acciones prioritarias
• Revisar y actualizar los espacios sugeridos en el plan de distribución del panel de
control y registrar todas las gestiones realizadas.
• Actualizar las fechas ya realizadas del espectáculo.
• Revisar y activar contactos directos y/o personales ya incorporados en el plan
de distribución, entre ellos:
◦ Feria de Huesca
◦ MIM Sueca
◦ Teatralia
◦ Palencia
◦ Manzanares el Real
◦ Pinto
◦ Las Rozas
◦ Valdemoro
◦ Coslada
◦ MADn Circus / Festival Riesgo
◦ Fuenlabrada
◦ MVA / Diputación de Málaga
◦ 21 Distritos
2
Programa de acompañamiento enGira! 14/01/2026
_______________________________________________________________________________________
◦ L’Autèntica
◦ Sala Negra
◦ Sala Trono
4. Estrategia de movilidad
Ayudas y programas
• Subvención a gira del INAEM
https://www.cultura.gob.es/cultura/artesescenicas/sc/ayudas-subvenciones.html
◦ Apertura estimada: febrero.
◦ Requisitos clave:
▪ Actuaciones en al menos 3 CCAA distintas a la de origen.
▪ Mínimo 6 funciones.
▪ Combinación de teatros y festivales públicos con salas privadas.
◦ Se recomienda utilizar los contactos disponibles en el plan de distribución de
enGira!.
• Programa PLATEA
◦ Contactar con: patxi.larranaga@inaem.cultura.gob.es
◦ Se adjunta ejemplo de correo como referencia.
Redes y circuitos
• Red de Teatros de la Comunidad de Madrid
◦ Convocatoria abierta hasta el 31 de enero.
◦ Deliberación entre marzo y abril.
◦ Se recomienda contactar previamente con los miembros de la comisión para
informar de la inscripción.
• Abecedaria
◦ Contacto: sebastian.podadera@juntadeandalucia.es
• Diputación de Málaga
◦ Centros culturales y municipios de la provincia.
3
Programa de acompañamiento enGira! 14/01/2026
_______________________________________________________________________________________
◦ Contactos disponibles en el plan de distribución de la plataforma.
• 21 Distritos
◦ Centros culturales de Madrid.
◦ Es necesario realizar el registro previo en su web.
◦ Contactos disponibles en el plan de distribución.
• AC Granollers / Escolars al Vallès Oriental
◦ Contacto: Montserrat Homs
◦ Email: escolesvalles@acgranollers.cat
◦ Tel.: 93 844 30 27
• programa.cat
◦ Primera función prevista en Sala L’Autèntica.
Festivales
• Aplicar de forma sistemática a todos los festivales que abran convocatoria en los
próximos dos meses.
• Tener en cuenta los festivales añadidos al plan de distribución.
Ferias
• Asistir presencialmente siempre que sea posible o, en su defecto, acreditarse.
• Fira de Titelles de Lleida (carácter internacional) como referencia estratégica.
5. Estrategia de comunicación
Modelo de contacto
• Se adjunta plantilla de correos con distintas versiones adaptables.
Tiempos de seguimiento
• Esperar un máximo de 15 días tras el primer envío.
• En caso de no obtener respuesta, realizar llamada telefónica o segundo correo.
Metodología
• Antes de contactar con un espacio, analizar su programación y línea artística.
4
Programa de acompañamiento enGira! 14/01/2026
_______________________________________________________________________________________
• Adaptar el mensaje al contexto concreto del espacio, enfatizando los aspectos del
espectáculo que mejor encajen con sus intereses y público.
6. Dudas pendientes
• Revisión de posibles convenios de colaboración con Menorca o Baleares
(pendiente de análisis).
• Internacional: https://www.circostrada.org/en?lang=en
7. Entregables
• Informe
• Modelo de caché
• Plantillas de correo
• Ejemplo PLATEA
5",transferencia,0.533,actividad|economica|evidencia|pago,True,True,True,,ACC-COMUNICACION-59E0E34B98,0.532,pendiente_revision,/Users/usuario/Desktop/PROFESIONAL/enGira/FINANCIACIÓN/SUBVENCIONES/MINISTERIO DE CULTURA/Industrias Culturales 25/JUSTIFICACION/datos_engira/02_ACTIVIDADES_REALIZADAS/PROGRAMAS DE ACOMPAÑAMIENTO/DiArt/DIART - programa de acompañamiento - 1a sesion.pdf
actividades,02_ACTIVIDADES_REALIZADAS/PROGRAMAS DE ACOMPAÑAMIENTO/Info/Acompañamiento semestral.pdf,Acompañamiento semestral.pdf,.pdf,20760,documento,2025-11-26T10:09:40.811221,1,31/12/2025,450 €|€ 15,,,,"Acompañamiento Semestral
Estudio Estudio detallado sobre las posibilidades de promoción y
movilidad de tu espectáculo.
detallado
Plan de Sesión inicial con una propuesta de plan de distribución
distribución personalizado.
3 sesiones de seguimiento para reforzar la estrategia de
Seguimiento
distribución.
450 € 15% DE DTO. SI RESERVAS ANTES DEL 31/12/2025",documento_generico,0.3,actividad|documentacion|evidencia,True,False,False,,ACC-RESPONSABLE-DE-OPE-1C962F9F75,0.39,pendiente_revision,/Users/usuario/Desktop/PROFESIONAL/enGira/FINANCIACIÓN/SUBVENCIONES/MINISTERIO DE CULTURA/Industrias Culturales 25/JUSTIFICACION/datos_engira/02_ACTIVIDADES_REALIZADAS/PROGRAMAS DE ACOMPAÑAMIENTO/Info/Acompañamiento semestral.pdf
actividades,02_ACTIVIDADES_REALIZADAS/PROGRAMAS DE ACOMPAÑAMIENTO/Info/Espacios colaboradores.xlsx,Espacios colaboradores.xlsx,.xlsx,13650,hoja_calculo,2025-05-06T08:58:00,,,,,,,"| | | estado
CASA ENCENDIDA | Artistas en Residencia | bhernandez@montemadrid.es | contactado
Central de Circ | Anna Bosch | gerencia@lacentraldecirc.cat | contactado
El Invernadero | Eva Luna | direccion@pdcirco.es | contactado
Xarxa de Productores | | formulario de contacto en la web |
Kutxa Kultur | Onintza Urbieta | ourbieta@kutxa.eus | contactado
Hort Art | | | pendiente
Iberescena (Residencias de creación) | Zaida Rico | | pendiente
CDAEC | Col.lectiu de distribuïdores d'arts escèniques de Catalunya | holacdaec@gmail.com | mail enviado 01/04/25
ADGAE | Caterina Muñoz | whatsap |
ARTEMAD | Salva | mail enviado |
XarxaProd | Mireia Llunella | mllunella@ajsabadell.cat
| |
Xarxa de Productores | | formulario de contacto en la web
El Palomar de Jana Pacheco | |
Laba Valencia | |",transferencia,0.533,actividad|economica|evidencia|pago,True,True,True,,ACC-ALIANZAS-ESTRATEGI-995F56EB25,0.52,pendiente_revision,/Users/usuario/Desktop/PROFESIONAL/enGira/FINANCIACIÓN/SUBVENCIONES/MINISTERIO DE CULTURA/Industrias Culturales 25/JUSTIFICACION/datos_engira/02_ACTIVIDADES_REALIZADAS/PROGRAMAS DE ACOMPAÑAMIENTO/Info/Espacios colaboradores.xlsx
actividades,02_ACTIVIDADES_REALIZADAS/PROGRAMAS DE ACOMPAÑAMIENTO/Info/acompañamiento semestral.pages,acompañamiento semestral.pages,.pages,212542,documento,2025-11-26T10:10:31.747613,,,,,,,,documento_generico,0.3,actividad|documentacion|evidencia,True,False,False,,,0.173,sin_vincular,/Users/usuario/Desktop/PROFESIONAL/enGira/FINANCIACIÓN/SUBVENCIONES/MINISTERIO DE CULTURA/Industrias Culturales 25/JUSTIFICACION/datos_engira/02_ACTIVIDADES_REALIZADAS/PROGRAMAS DE ACOMPAÑAMIENTO/Info/acompañamiento semestral.pages
actividades,02_ACTIVIDADES_REALIZADAS/PROGRAMAS DE ACOMPAÑAMIENTO/Info/Borrador e-mail.docx,Borrador e-mail.docx,.docx,15464,documento,2025-04-30T09:41:34,,,,,https://engira.art/,,"Querida Mireia,
espero que estés muy bien.
Presentación
Me pongo en contacto contigo para hablarte de enGira! https://engira.art/ . , un proyecto desarrollado con el apoyo del Ministerio de Cultura y la colaboración de Fundación SGAE.
enGira! es una plataforma para la promoción y la movilidad de artistas escénicos contemporáneos basada en la cooperación y la sostenibilidad. El proyecto se presentó el pasado mas de noviembre en el marco de las Jornadas de Internacionalización y Movilidad enGira! y actualmente se encuentra en fase piloto con más de 100 usuarios registrados entre artistas, distribuidores/productores y programadores.
Este año estamos iniciando conversaciones con redes y espacios de creación que consideramos que están alineados con la filosofía de la plataforma y la labor de Kutxa Kultur nos parece una iniciativa clave en la profesionalización y la promoción de artistas.
En concreto nos gustaría proponeros una colaboración para vuestros programas de Residencia Artística que consistiría en acompañar los procesos creativos y promocionar los espectáculos programados poniendo a disposición de las artistas los recursos de enGira!:
Asesoramiento sobre estrategias de circulación y posibilidades de inserción en distintos circuitos escénicos.
Formación en el uso de las herramientas digitales aplicadas a la distribución que ofrece enGira!
Apoyo personalizado en la creación de sus perfiles profesionales y materiales de presentación dentro de la plataforma.
Espero que la propuesta te resulte interesante y podamos hablar con más detalle.
A tu disposición para lo que necesites, recibe un cordial saludo.
Firma",documento_generico,0.3,actividad|documentacion|evidencia,True,False,False,,ACC-ALIANZAS-ESTRATEGI-995F56EB25,0.52,pendiente_revision,/Users/usuario/Desktop/PROFESIONAL/enGira/FINANCIACIÓN/SUBVENCIONES/MINISTERIO DE CULTURA/Industrias Culturales 25/JUSTIFICACION/datos_engira/02_ACTIVIDADES_REALIZADAS/PROGRAMAS DE ACOMPAÑAMIENTO/Info/Borrador e-mail.docx
actividades,02_ACTIVIDADES_REALIZADAS/PROGRAMAS DE ACOMPAÑAMIENTO/Info/PLANTILLA E-MAIL FUNCIONAMIENTO PROGRAMA.docx,PLANTILLA E-MAIL FUNCIONAMIENTO PROGRAMA.docx,.docx,11507,documento,2026-05-18T14:50:24.241042,,,"400 €|450 €|50 €|€  
4.",,https://engira.art,,"PLANTILLA DE E-MAIL: FUNCIONAMIENTO PROGRAMA
Buenos días chicas!
Gracias por vuestro interés en la plataforma enGira! y en nuestro Programa de Acompañamiento Semestral.
Por nuestra parte encantadas de poder guiaros y acompañaros en vuestro proceso de distribución. Efectivamente el mes de mayo es un momento excelente para empezar.
El primer paso sería registrar la compañía y el espectáculo aquí https://engira.art . El registro es completamente gratuito y tendréis acceso a los siguientes recursos:
Visibilidad en el catálogo y campañas promocionales
Acceso a bases de datos de + de 1800 espacios escénicos y + de 200 festivales de artes escénicas, con parámetros de búsqueda para filtrar por región , disciplina, redes...
Panel de control desde donde gestionar las relaciones con vuestros clientes
Sistema de sugerencias personalizadas sobre espacios donde vuestro espectáculo podría ser programado.
Una vez completado este primer paso os indicamos los pasos para formalizar la reserva en nuestro programa de acompañamiento semestral:
1. Señalización de reserva
Para confirmar vuestra plaza, debéis realizar un abono de 50 € en la siguiente cuenta:
IBAN: ES55 0128 0020 6001 0007 6605
Concepto: Reserva acompañamiento semestral enGira! enero–junio 2026
2. Envío de justificante
Tras realizar el ingreso, enviad el justificante de pago a:
📩 info@engira.art
3. Confirmación y pago del importe restante
Una vez recibamos el justificante, nos pondremos en contacto con vosotras para fijar una primera sesión.
Antes de esa fecha deberá abonarse el importe restante del programa:
Precio total: 450 € (IVA incluido)
Reserva ya abonada: –50 €
Importe pendiente: 400 €
4. Primera sesión de acompañamiento
En la sesión inicial:
Elaboraremos un plan de distribución personalizado para vuestra obra.
Organizaremos el calendario de trabajo para los próximos meses.
Resolveremos dudas sobre movilidad, estrategias de circulación y oportunidades de programación.
Resumen del Programa (mayo–octubre 2026)
Estudio personalizado de vuestro proyecto y trayectoria.
Tres sesiones profesionales centradas en circulación, comunicación y financiación para la movilidad.
Acompañamiento continuado para mejorar la visibilidad, la planificación de gira y la inserción en circuitos.",transferencia,0.533,actividad|economica|evidencia|pago,True,True,True,,ACC-ADMINISTRACION-F593A8F72D,0.468,pendiente_revision,/Users/usuario/Desktop/PROFESIONAL/enGira/FINANCIACIÓN/SUBVENCIONES/MINISTERIO DE CULTURA/Industrias Culturales 25/JUSTIFICACION/datos_engira/02_ACTIVIDADES_REALIZADAS/PROGRAMAS DE ACOMPAÑAMIENTO/Info/PLANTILLA E-MAIL FUNCIONAMIENTO PROGRAMA.docx
actividades,02_ACTIVIDADES_REALIZADAS/PROGRAMAS DE ACOMPAÑAMIENTO/Info/PLANTILLA E-MAIL FUNCIONAMIENTO PROGRAMA.pages,PLANTILLA E-MAIL FUNCIONAMIENTO PROGRAMA.pages,.pages,265027,documento,2026-05-18T14:50:19.803114,,,,,,,,documento_generico,0.3,actividad|documentacion|evidencia,True,False,False,,ACC-COMERCIALIZACION-B951E5B6AC,0.39,pendiente_revision,/Users/usuario/Desktop/PROFESIONAL/enGira/FINANCIACIÓN/SUBVENCIONES/MINISTERIO DE CULTURA/Industrias Culturales 25/JUSTIFICACION/datos_engira/02_ACTIVIDADES_REALIZADAS/PROGRAMAS DE ACOMPAÑAMIENTO/Info/PLANTILLA E-MAIL FUNCIONAMIENTO PROGRAMA.pages
actividades,02_ACTIVIDADES_REALIZADAS/PROGRAMAS DE ACOMPAÑAMIENTO/LaPeraDelOlmo/LaPeraDelOlmo_sesion3_programa_acompañamiento.pdf,LaPeraDelOlmo_sesion3_programa_acompañamiento.pdf,.pdf,204892,documento,2026-05-28T12:09:02.853310,9,23/01/2026,,,https://www.cultura.gob.es/servicios-a-la-ciudadania/catalogo/becas-ayudas-y-|https://www.inmujeres.gob.es/servRecursos/convocatorias/2026/,,"Programa de acompañamiento enGira! 23/01/2026
_______________________________________________________________________________________
Programa de acompañamiento enGira!
La Pera del Olmo
Informe estratégico · Sesión 3
Proyecto: Escoria. Vida de Valerie Solanas
INDICE
1. Contexto y estado actual del proyecto
2. Nuevo enfoque estratégico: cambio de paradigma
3. Propuesta central de circuito
4. Fase 1 · Comunidad de Madrid (2026)
5. Estrategia de comunicación
6. Proyección 2027 · Escala nacional
7. Estrategia para la Red de Teatros Alternativos
8. Ayudas a gira del INAEM
9. Prioridades inmediatas
10. Calendario resumido de acciones
1
Programa de acompañamiento enGira! 23/01/2026
_______________________________________________________________________________________
1. CONTEXTO Y ESTADO ACTUAL DEL PROYECTO
Tras las primeras fases del acompañamiento se han ejecutado la mayoría de las acciones
iniciales planteadas: activación de herramientas de distribución y mailing, generación de
bases de datos profesionales, contacto con redes de exhibición y presencia en circuitos
profesionales.
Entre los principales avances y resultados obtenidos hasta la fecha destacan:
• Función realizada en Barcelona y acceso a la red programa.cat.
• Negociación abierta con el Ayuntamiento de Rivas para realizar una función con
coloquio.
• Selección del espectáculo por parte de la Red de Teatros Alternativos.
Sin embargo, también se constatan algunos límites del planteamiento inicial:
• La propuesta no logró acceder finalmente a la Red de Teatros de la Comunidad de
Madrid.
• No se presentó la solicitud a las ayudas a gira del INAEM.
• Aunque el espectáculo fue seleccionado por la Red de Teatros Alternativos, no
superó la segunda fase de votación de las salas para su inclusión en el circuito de
gira.
• La función en Barcelona no generó alianzas estratégicas significativas a corto
plazo.
A partir de esta evaluación, la compañía identifica la necesidad de reformular
parcialmente la estrategia de distribución y generar un circuito propio alineado con
la temática específica del espectáculo.
2. NUEVO ENFOQUE ESTRATÉGICO
Cambio de paradigma
La estrategia deja de centrarse exclusivamente en los circuitos teatrales convencionales y
pasa a poner el foco en:
• Concejalías de igualdad.
• Espacios feministas.
• Actividades híbridas entre mediación cultural y exhibición escénica.
El objetivo es diferenciar la propuesta dentro del amplio ecosistema de espectáculos
feministas mediante un dispositivo cultural más amplio y singular.
2
Programa de acompañamiento enGira! 23/01/2026
_______________________________________________________________________________________
3. PROPUESTA CENTRAL DE CIRCUITO
Se plantea desarrollar una fórmula de programación compuesta por:
1. Coloquio / actividad previa
Organizado junto a una librería feminista o entidad colaboradora.
Tema principal:
• Valerie Solanas.
• Manifiesto SCUM.
• Feminismos radicales y violencia estructural.
Posibles formatos:
• Conversación abierta.
• Mesa redonda.
• Charla performativa.
2. Representación teatral
Función de Escoria. Vida de Valerie Solanas.
4. FASE 1 · COMUNIDAD DE MADRID (2026)
Objetivo principal
Validar el modelo de circuito feminista en la Comunidad de Madrid.
Espacios prioritarios
Rivas Vaciamadrid
Actualmente existe una negociación abierta para realizar una función + coloquio.
Se propone utilizar esta colaboración como:
• experiencia piloto,
• caso de éxito,
• material de comunicación para futuras negociaciones.
Teatro del Barrio
Objetivo: realizar una breve temporada en Madrid capital que permita:
• generar visibilidad,
• activar prensa y comunicación,
3
Programa de acompañamiento enGira! 23/01/2026
_______________________________________________________________________________________
• convocar agentes culturales y concejalías,
• legitimar el nuevo circuito.
Librerías feministas prioritarias
Se propone iniciar conversaciones con:
• Mujeres & Compañía.
• Mary Read.
• Berkana.
• Traficantes de Sueños
Objetivos de colaboración:
• organización de coloquios,
• apoyo comunicativo,
• generación de comunidad,
• legitimación conceptual del proyecto.
Concejalías de igualdad
Se plantea construir una base de datos específica de concejalías de igualdad.
Municipios prioritarios:
• Rivas-Vaciamadrid.
• Torrejón de Ardoz.
• Getafe.
• Leganés.
• Fuenlabrada.
• Alcorcón.
• Coslada.
• San Sebastián de los Reyes.
• Alcalá de Henares.
• Tres Cantos.
• Móstoles.
5. ESTRATEGIA DE COMUNICACIÓN
Posicionamiento
La comunicación debe evitar presentar el proyecto únicamente como “otro espectáculo
feminista”.
El eje comunicativo debe centrarse en:
• pensamiento crítico,
• violencia machista estructural
4
Programa de acompañamiento enGira! 23/01/2026
_______________________________________________________________________________________
• mediación cultural,
• experiencia colectiva,
• debate contemporáneo.
Elementos diferenciales
• Relación con el Manifiesto SCUM.
• Formato híbrido coloquio + función.
• Vinculación con librerías feministas.
• Cruce entre teatroy pensamiento.
Acciones recomendadas
Comunicación digital
• Campaña específica en redes.
• Convocatoria a colectivos feministas.
• Contenido editorial alrededor de Valerie Solanas.
• Microcampañas por municipio.
Mailing
Segmentación específica:
• igualdad,
• cultura,
• bibliotecas,
• programación municipal,
• espacios feministas.
6. PROYECCIÓN 2027 · ESCALA NACIONAL
Objetivo
Convertir el circuito piloto en una propuesta estatal.
Convocatorias prioritarias
Instituto de las Mujeres
https://www.inmujeres.gob.es/servRecursos/convocatorias/2026/
FomIgualProdCreArtistica.htm
5
Programa de acompañamiento enGira! 23/01/2026
_______________________________________________________________________________________
Derechos Culturales · Ministerio de Cultura
https://www.cultura.gob.es/servicios-a-la-ciudadania/catalogo/becas-ayudas-y-
subvenciones/ayudas-y-subvenciones/derechos-culturales/ayudas-proyectos-impacto-
social.html
7. ESTRATEGIA PARA LA RED DE TEATROS
ALTERNATIVOS
Aunque el espectáculo no ha entrado finalmente en el circuito de gira, la selección previa
constituye un aval importante.
Se propone:
• recopilar todas las salas miembro de la Red,
• activar contacto directo con programación,
• plantear funciones fuera del circuito oficial,
• trabajar 2026 como fase de relaciones,
• preparar una estrategia específica para 2027.
8. AYUDAS A GIRA DEL INAEM
Se considera prioritario presentar solicitud en la próxima convocatoria.
Posible calendario: noviembre–diciembre 2026.
6
Programa de acompañamiento enGira! 23/01/2026
_______________________________________________________________________________________
9. PRIORIDADES INMEDIATAS
PRIORIDAD ACCIÓN OBJETIVO
Alta Confirmar función en Validar el formato
Rivas coloquio + función
Alta Contactar librerías Conseguir alianza
feministas estratégica
Alta Crear base de datos Activar campaña
institucional territorial
Media Negociar Teatro del Generar legitimidad y
Barrio visibilidad
Media Rediseñar dossier Adaptar el proyecto al
nuevo circuito
Media Activar campaña de Diferenciar el proyecto
comunicación
Estratégica Contactar salas Red Preparar programación
Alternativos 2027
10. CALENDARIO RESUMIDO DE ACCIONES: Junio
2026 – Junio 2027
7
Programa de acompañamiento enGira! 23/01/2026
_______________________________________________________________________________________
FASE PERIODO OBJETIVO ACCIONES
CLAVE
ACTIVACIÓN Junio–Julio 2026 Construir la base Crear dossier
del circuito específico ·
Construir base
de datos ·
Contactar
librerías
feministas ·
Cerrar piloto en
Rivas
Negociar Teatro
del Barrio ·
VALIDACIÓN Septiembre Validar el Diseñar
2026 modelo en campaña ·
Madrid Activar
comunicación
específica
EXPANSIÓN Octubre 2026 Abrir red Contactar
LOCAL institucional concejalías de
igualdad · Invitar
programadoras y
agentes · Activar
mailing
segmentado
RELACIONES Octubre– Consolidar Contactar salas
PROFESIONAL Noviembre 2026 alianzas de la Red
ES Alternativos ·
Buscar socias
estatales ·
Generar
colaboraciones
FINANCIACIÓN Noviembre– Preparar Preparar ayudas
Diciembre 2026 convocatorias INAEM · Diseñar
estructura
mínima de gira ·
Actualizar
dossier
EVALUACIÓN Diciembre 2026 Analizar Evaluar impacto
resultados · Revisar
estrategia ·
Detectar
territorios
prioritarios
8
Programa de acompañamiento enGira! 23/01/2026
_______________________________________________________________________________________
FASE PERIODO OBJETIVO ACCIONES
CLAVE
ESCALA Enero–Marzo Activar Formalizar
ESTATAL 2027 expansión alianzas ·
nacional Preparar
solicitudes
Instituto de las
Mujeres y
Derechos
Culturales
CONSOLIDACI Abril–Junio 2027 Consolidar el Activar primeras
ÓN circuito funciones
estatales ·
Documentar
impacto ·
Diseñar
continuidad
2028
9",transferencia,0.667,actividad|economica|evidencia|pago,True,True,True,,ACC-ALIANZAS-ESTRATEGI-995F56EB25,0.567,pendiente_revision,/Users/usuario/Desktop/PROFESIONAL/enGira/FINANCIACIÓN/SUBVENCIONES/MINISTERIO DE CULTURA/Industrias Culturales 25/JUSTIFICACION/datos_engira/02_ACTIVIDADES_REALIZADAS/PROGRAMAS DE ACOMPAÑAMIENTO/LaPeraDelOlmo/LaPeraDelOlmo_sesion3_programa_acompañamiento.pdf
actividades,02_ACTIVIDADES_REALIZADAS/PROGRAMAS DE ACOMPAÑAMIENTO/LaPeraDelOlmo/LaPeraDelOlmo_sesion3_programa_acompañamiento.pages,LaPeraDelOlmo_sesion3_programa_acompañamiento.pages,.pages,271732,documento,2026-05-28T12:09:15.956708,,,,,,,,documento_generico,0.3,actividad|documentacion|evidencia,True,False,False,,,0.173,sin_vincular,/Users/usuario/Desktop/PROFESIONAL/enGira/FINANCIACIÓN/SUBVENCIONES/MINISTERIO DE CULTURA/Industrias Culturales 25/JUSTIFICACION/datos_engira/02_ACTIVIDADES_REALIZADAS/PROGRAMAS DE ACOMPAÑAMIENTO/LaPeraDelOlmo/LaPeraDelOlmo_sesion3_programa_acompañamiento.pages
actividades,02_ACTIVIDADES_REALIZADAS/PROGRAMAS DE ACOMPAÑAMIENTO/LaPeraDelOlmo/LaPeraDelOlmo_sesion2_programa_acompañamiento.pdf,LaPeraDelOlmo_sesion2_programa_acompañamiento.pdf,.pdf,423448,documento,2026-03-18T07:35:20.117714,5,23/01/2026,,,,,"Programa de acompañamiento enGira! 23/01/2026
_______________________________________________________________________________________
1. ESTADO ACTUAL DEL PROYECTO
Avances conseguidos
Tras la segunda sesión de acompañamiento, se constata un alto nivel de ejecución de las acciones
definidas en la primera fase:
• ✔ Implementación completa de las acciones estratégicas iniciales.
• ✔ Cierre de una función confirmada en Barcelona (16 de abril).
• ✔ Activación de canales de comunicación directa con programadores.
• ✔ Puesta en marcha de herramientas de gestión de contactos y campañas.
Procesos en curso
• Resolución pendiente de la Red de Teatros de la Comunidad de Madrid.
• Pendiente de publicación de la convocatoria de ayudas a gira del INAEM.
2. VALORACIÓN ESTRATÉGICA
Fortalezas consolidadas
• Alta capacidad de ejecución y seguimiento por parte de la compañía.
• Buen posicionamiento inicial en circuitos profesionales.
• Primer hito de gira conseguido (Barcelona), clave para tracción futura.
Oportunidades detectadas
• Aprovechar la función en Barcelona como palanca de visibilidad.
• Activar contactos en territorios cercanos para optimizar desplazamientos.
• Generar narrativa de proyecto en crecimiento (clave para programadores).
1
Programa de acompañamiento enGira! 23/01/2026
_______________________________________________________________________________________
3. TRABAJO REALIZADO EN LA SESIÓN 2
Estrategia de comunicación
Se ha trabajado específicamente en:
• Presentación de la compañía.
• Identificación de elementos diferenciales (temática, enfoque, actualidad).
Herramientas de mailing
Implementación de:
• Uso de Brevo como herramienta de e-mail marketing:
◦ Importación y segmentación de contactos.
◦ Creación de campañas.
◦ Análisis de métricas (apertura, clics, respuesta).
• Generación de base de datos a partir de:
◦ Redes de teatros autonómicas.
Pie de foto
2
Programa de acompañamiento enGira! 23/01/2026
_______________________________________________________________________________________
◦ Enlaces disponibles en enGira!.
Pie de foto
4. ESTRATEGIA ACTIVADA (CORTO PLAZO)
Objetivo principal
Maximizar el impacto de la función en Barcelona y convertirla en motor de nuevas contrataciones.
Líneas de acción
• Comunicación dirigida anunciando la función del 16 de abril.
• Invitación a programadores y agentes del sector.
• Activación de contactos en Cataluña y comunidades limítrofes.
• Teatre Auditori de Ripollet (plataforma)
• Ateneu de Cerdanyola (plataforma)
3
Programa de acompañamiento enGira! 23/01/2026
_______________________________________________________________________________________
• Festival Dona-Crea (plataforma)
• Miembro de la comisión asesora del programa.cat (red catalana): Francesc Rossell
frossell@uoc.edu
• Versus Teatre (plataforma)
• Búsqueda activa de funciones adicionales a taquilla en el mismo viaje.
• Sala Petit Format de Castellar del Vallés (se añade el contacto al plan de distribución en
la plataforma)
5. PRÓXIMOS PASOS (2–4 SEMANAS)
Distribución
• Continuar contacto sistemático con espacios ya identificados.
• Intensificar seguimiento de correos enviados (máx. 15 días).
• Registrar todas las acciones en la plataforma enGira!.
Barcelona como nodo estratégico
• Confirmar asistencia de programadores a la función.
• Diseñar acción específica de invitación (mail + seguimiento).
• Explorar al menos 2–3 funciones adicionales en Cataluña.
Subvenciones y convocatorias
• Preparar documentación para la ayuda a gira del INAEM:
◦ Estructura de gira (mín. 6 funciones).
◦ Diversificación territorial.
• Seguimiento activo de:
◦ Red de Teatros CAM (resolución).
Estrategia de comunicación con la Red de Teatros CAM
• Activar contacto directo y personalizado con miembros de la comisión de selección.
• Reforzar la visibilidad del proyecto mediante:
4
Programa de acompañamiento enGira! 23/01/2026
_______________________________________________________________________________________
◦ Envío de actualización destacando la función en Barcelona.
◦ Recordatorio del valor artístico y adecuación del espectáculo a la red.
• Realizar seguimiento estratégico (correo + posible contacto telefónico) durante el periodo de
deliberación.
• Priorizar mensajes breves, claros y adaptados al perfil de cada interlocutor.
6. RECOMENDACIONES CLAVE
• Mantener constancia semanal (mín. 4–5h) en tareas de distribución.
• Priorizar calidad del contacto frente a volumen de envíos.
• Utilizar cada hito (nueva fecha, apoyo, selección) como excusa comunicativa.
• Cuidar el seguimiento: es determinante en el cierre de funciones.
7. CONTINUIDAD DEL ACOMPAÑAMIENTO
La próxima sesión se orientará a:
• Estrategia de acceso y posicionamiento en la red de exhibición catalana programa.cat.
• Identificación de vías de entrada, requisitos y agentes clave.
5",transferencia,0.4,actividad|economica|evidencia|pago,True,True,True,,ACC-COMERCIALIZACION-B951E5B6AC,0.78,automatico,/Users/usuario/Desktop/PROFESIONAL/enGira/FINANCIACIÓN/SUBVENCIONES/MINISTERIO DE CULTURA/Industrias Culturales 25/JUSTIFICACION/datos_engira/02_ACTIVIDADES_REALIZADAS/PROGRAMAS DE ACOMPAÑAMIENTO/LaPeraDelOlmo/LaPeraDelOlmo_sesion2_programa_acompañamiento.pdf
actividades,02_ACTIVIDADES_REALIZADAS/PROGRAMAS DE ACOMPAÑAMIENTO/LaPeraDelOlmo/LaPeraDelOlmo_sesion1_programa_acompañamiento.pdf,LaPeraDelOlmo_sesion1_programa_acompañamiento.pdf,.pdf,206346,documento,2026-01-24T13:34:12.862800,5,23/01/2026,,,https://www.cultura.gob.es/cultura/artesescenicas/sc/ayudas-subvenciones.html|https://www.engira.art/espectaculo/273|https://www.engira.art/plan-distribucion/273),,"Programa de acompañamiento enGira! 23/01/2026
_______________________________________________________________________________________
1. ANÁLISIS DEL PROYECTO
Puntos fuertes
• Alta calidad artística del espectáculo.
• Temática de gran interés y actualidad:
◦ Perspectiva feminista
◦ Comunidad LGTBIQ+
◦ Salud mental
• Caché muy competitivo, adaptable a diferentes circuitos y espacios.
Retos identificados
• Acceso a circuitos nacionales de distribución.
• Consolidación de una gira sostenida en el tiempo.
2. OBJETIVOS PRIORITARIOS
(Primeros 2 meses)
Red de Teatros de la Comunidad de Madrid
• Inscripción en el catálogo oficial.
• Contacto directo con Luis Enrique Soria Benito
(Comisión de Programación y programador en Becerril de la Sierra).
• Conseguir un mínimo de 3 funciones en la Comunidad de Madrid,
realizando gestión paralela durante la deliberación del jurado.
21 Distritos
• Acceso a la red de centros culturales del Ayuntamiento de Madrid.
1
Programa de acompañamiento enGira! 23/01/2026
_______________________________________________________________________________________
Gira nacional
• Realizar un mínimo de 6 funciones en 3 comunidades autónomas diferentes.
• Solicitud de subvención a gira (INAEM).
Red de Teatros Alternativos
• Inscripción en la convocatoria correspondiente.
3. CALENDARIO Y DEDICACIÓN
Tiempo de trabajo recomendado
• 4–5 horas semanales dedicadas a distribución y seguimiento.
• Se recomienda que esta tarea la realice una misma persona para garantizar continuidad y
coherencia en la gestión.
Fechas clave
Fecha Evento
Cierre convocatoria Red de Artes Escénicas de Castilla-La
27 de enero
Mancha
31 de enero Cierre convocatoria Red de Teatros CAM
Febrero
Apertura subvenciones a gira (INAEM)
(estimado)
Febrero
Apertura convocatoria Red de Teatros Alternativos
(estimado)
Marzo (estimado) Deliberación comisión Red de Teatros CAM
4. PLAN DE DISTRIBUCIÓN
Herramienta principal
• Plataforma enGira! como eje central de la estrategia de distribución.
Acciones prioritarias
Actualización de materiales
• Actualizar la imagen del espectáculo en la plataforma.
2
Programa de acompañamiento enGira! 23/01/2026
_______________________________________________________________________________________
• Crear un rider técnico completo, que incluya:
◦ Necesidades técnicas
◦ Plano de luces
◦ Medidas del espacio escénico
• Actualizar el histórico de funciones realizadas y próximas fechas.
Gestión en la plataforma
• Revisar los espacios sugeridos en el plan de distribución.
• Registrar todas las gestiones realizadas.
• Activar contactos directos y personales.
Contactos prioritarios, directos y personales, a activar (ya anotados en el plan de
distribución https://www.engira.art/plan-distribucion/273)
Red de Teatros de la Comunidad de Madrid
• Becerril de la Sierra
• Fuenlabrada
• San Sebastián de los Reyes
• Pinto
• Valdemoro
• Manzanares el Real
21 Distritos
• Registro previo obligatorio en la web.
Red de Teatros Alternativos
• Sala Ártika
• Teatro de la Estación
• Teatro de la Sensación
• Sala Negra
• Atalaya TNT
3
Programa de acompañamiento enGira! 23/01/2026
_______________________________________________________________________________________
• Sala Trono
Festivales
• Festival Escena Abierta
• Centro Cultural MVA
• FIOT
5. ESTRATEGIA DE MOVILIDAD
Subvención a gira INAEM
• Apertura estimada: febrero.
• Enlace: https://www.cultura.gob.es/cultura/artesescenicas/sc/ayudas-subvenciones.html
Requisitos clave
• Mínimo 6 funciones.
• Actuaciones en al menos 3 comunidades autónomas distintas a la de origen.
• Combinación de teatros y festivales públicos con salas privadas.
Recomendación:
Utilizar los contactos recogidos en el plan de distribución de enGira! para articular la gira.
Redes y circuitos disponibles
Red de Teatros de la Comunidad de Madrid
• Convocatoria abierta hasta el 31 de enero.
• Deliberación: marzo–abril.
• Acción recomendada: contacto previo con miembros de la comisión.
Red de Artes Escénicas de Castilla-La Mancha
• Cierre: 27 de enero.
• Resolución estimada: 3 meses.
Diputación de Málaga
• Contactos disponibles en el plan de distribución.
4
Programa de acompañamiento enGira! 23/01/2026
_______________________________________________________________________________________
Festivales y ferias
• Aplicación sistemática a todas las convocatorias abiertas.
• Consultar festivales incluidos en el plan de distribución.
• Asistencia presencial a ferias o acreditación cuando no sea posible.
6. ESTRATEGIA DE COMUNICACIÓN
Recursos disponibles
• Plantillas de correo con versiones adaptables (adjuntas).
• URL del espectáculo: https://www.engira.art/espectaculo/273
Metodología de contacto
Antes de contactar
1. Analizar la programación del espacio.
2. Identificar su línea artística.
3. Adaptar el mensaje destacando los aspectos del espectáculo afines a sus intereses.
Tiempos de seguimiento
• Esperar un máximo de 15 días tras el primer envío.
• En caso de no obtener respuesta:
◦ Realizar llamada telefónica o
◦ Enviar un segundo correo.
Correos masivos
• Enviar únicamente cuando haya eventos relevantes
(estrenos, premios, nuevas fechas, apoyos institucionales, etc.).
7. MATERIALES ENTREGADOS
✓ Modelo de caché
✓ Plantillas de correo
✓ Este informe
5",presupuesto,0.533,actividad|administracion|economica|evidencia,True,True,False,,ACC-RESPONSABLE-DE-OPE-1C962F9F75,0.39,pendiente_revision,/Users/usuario/Desktop/PROFESIONAL/enGira/FINANCIACIÓN/SUBVENCIONES/MINISTERIO DE CULTURA/Industrias Culturales 25/JUSTIFICACION/datos_engira/02_ACTIVIDADES_REALIZADAS/PROGRAMAS DE ACOMPAÑAMIENTO/LaPeraDelOlmo/LaPeraDelOlmo_sesion1_programa_acompañamiento.pdf
actividades,02_ACTIVIDADES_REALIZADAS/PROGRAMAS DE ACOMPAÑAMIENTO/Info/IMPRESIONES Y PAISAJES/BIBILIOGRAFÍA.docx,BIBILIOGRAFÍA.docx,.docx,10596,documento,2026-05-20T11:38:26.599376,,,,,https://www.vlaanderen.be/cjm/sites/default/files/2026-02/20260225_policy%20paper%20DDAD%20final.pdf?utm_source=chatgpt.com,,"Investigación y estudios sobre públicos culturales (España / Europa)
2. AI and Audience Development: From Footfall to Forecasting (2025)
Investigación sobre uso de IA y analítica predictiva para desarrollo de públicos culturales. Muy alineado con análisis de datos culturales y comportamiento de audiencias.
SAGE Journals – AI and Audience Development (2025)
9. Tendencias en gestión cultural que marcarán 2025
Más divulgativo, pero muy útil para detectar líneas actuales: IA, personalización, comunidades, sostenibilidad, cultura híbrida.
UOC – Tendencias en gestión cultural 2025
Europa · políticas culturales y participación
10. A Culture Compass for Europe (Comisión Europea, 2025)
Documento estratégico europeo muy relevante. Habla explícitamente de acceso cultural, discoverability, participación y audiencias digitales.
European Commission – A Culture Compass for Europe
12. Blog especializado en gestión de públicos culturales de Teknecultura
Muy relevante para ti porque conecta:
CRM cultural
segmentación
comportamiento de audiencias
analítica cultural
fidelización
estrategias relacionales
Policy Paper on Data-Driven Audience Development: Muy relevante para conectar públicos culturales con CRM, datos y estrategia.
1 https://www.vlaanderen.be/cjm/sites/default/files/2026-02/20260225_policy%20paper%20DDAD%20final.pdf?utm_source=chatgpt.com",transferencia,0.4,actividad|economica|evidencia|pago,True,True,True,,ACC-RESPONSABLE-DE-OPE-1C962F9F75,0.39,pendiente_revision,/Users/usuario/Desktop/PROFESIONAL/enGira/FINANCIACIÓN/SUBVENCIONES/MINISTERIO DE CULTURA/Industrias Culturales 25/JUSTIFICACION/datos_engira/02_ACTIVIDADES_REALIZADAS/PROGRAMAS DE ACOMPAÑAMIENTO/Info/IMPRESIONES Y PAISAJES/BIBILIOGRAFÍA.docx
actividades,02_ACTIVIDADES_REALIZADAS/PROGRAMAS DE ACOMPAÑAMIENTO/entregables/subvencion_a_gira_2026/Esquema_modalidad_a1_regimen_especial.pdf,Esquema_modalidad_a1_regimen_especial.pdf,.pdf,705235,documento,2026-04-02T09:30:15.858383,1,02/04/2026,,,,,"Programa de acompañamiento enGira!
Fecha: 02/04/2026
Régimen especial
Modalidad A1",documento_generico,0.3,actividad|documentacion|evidencia,True,False,False,,,0.173,sin_vincular,/Users/usuario/Desktop/PROFESIONAL/enGira/FINANCIACIÓN/SUBVENCIONES/MINISTERIO DE CULTURA/Industrias Culturales 25/JUSTIFICACION/datos_engira/02_ACTIVIDADES_REALIZADAS/PROGRAMAS DE ACOMPAÑAMIENTO/entregables/subvencion_a_gira_2026/Esquema_modalidad_a1_regimen_especial.pdf
actividades,02_ACTIVIDADES_REALIZADAS/PROGRAMAS DE ACOMPAÑAMIENTO/entregables/subvencion_a_gira_2026/Resumen_bases.pdf,Resumen_bases.pdf,.pdf,26377,documento,2026-04-02T09:17:55.417286,3,02/04/2026,0.00|370.00|370.000 €|5.00|500.00|500.000 €|530.00|530.000 €|60.00|60.000 €|80.00,,,,"Programa de acompañamiento enGira!
Fecha: 02/04/2026
Guía informativa
Ayudas a Giras Nacionales e Internacionales de Teatro y Circo 2026
Resumen Convocatoria 2026 Uso interno / informativo
Guía Informativa: Ayudas a Giras Nacionales e Internacionales de Teatro y Circo 2026
Resumen Ejecutivo
La Secretaría de Estado de Cultura, a través de la Dirección General de Artes Escénicas y Música
(DGAEM), ha convocado una línea de ayudas específica para la realización de giras nacionales e
internacionales de teatro y circo correspondientes al año 2026. Con una dotación presupuestaria total de
5.000.000 de euros, esta convocatoria marca un hito administrativo al separar por primera vez la actividad
de giras de otras modalidades prestacionales.
El objetivo central es fomentar la movilidad sectorial, fortalecer a las empresas frente a los riesgos de la
itinerancia y garantizar el acceso cultural en todo el territorio español, promoviendo simultáneamente la
visibilidad internacional de la creación nacional. Los proyectos deben ejecutarse íntegramente durante el
año 2026 y serán evaluados bajo estrictos criterios de calidad, viabilidad y repercusión social, con reservas
de crédito específicas para las artes de calle y el teatro destinado a la infancia y la juventud.
(cid:127)
Marco Jurídico y Objetivos Estratégicos
La resolución se fundamenta en el mandato constitucional (Art. 44.1 y 149.2) que obliga al Estado a tutelar
el acceso a la cultura y facilitar la comunicación cultural entre Comunidades Autónomas. Asimismo, se
alinea con compromisos internacionales de la UNESCO y el Tratado de Funcionamiento de la Unión
Europea.
Objetivos Principales:
Preservación y Difusión: Salvaguardar el patrimonio cultural teatral y circense dentro y fuera de España.
Fomento de la Movilidad: Facilitar el desplazamiento de profesionales y producciones entre diversas
regiones y países.
Creación de Públicos: Promover el acceso igualitario a los servicios culturales y captar nuevas audiencias.
Eficacia Administrativa: Optimizar la gestión mediante la creación de la DGAEM (Real Decreto
1028/2025) y la especialización de las convocatorias.
(cid:127)
Estructura de las Ayudas y Dotación Presupuestaria
La convocatoria se divide en dos grandes bloques, cada uno con aplicaciones presupuestarias diferenciadas
para el ejercicio 2026.
Programa de acompañamiento enGira!
Fecha: 02/04/2026
Reservas de Crédito y Cuantías Adicionales
Para asegurar un ecosistema diverso, se han establecido las siguientes reservas mínimas (siempre que se
alcance la puntuación mínima):
Infancia y Juventud: 530.000 € del total.
Artes de Calle: 370.000 € del total.
Cuantía adicional: Se prevé la posibilidad de un incremento máximo de hasta 500.000 € sin necesidad de
nueva convocatoria, sujeto a disponibilidad presupuestaria.
(cid:127)
Beneficiarios y Requisitos de Admisión
Las ayudas están dirigidas exclusivamente al sector privado. Se definen dos perfiles de beneficiarios:
Personas Jurídicas: Empresas con ánimo de lucro, españolas o de la UE/EEE con residencia fiscal en
España.
Personas Físicas: Profesionales inscritos en el Régimen Especial de Trabajadores Autónomos a la fecha de
solicitud.
Exclusiones y Limitaciones:
Entidades Excluidas: Administraciones Públicas, empresas públicas, organismos autónomos y entidades
sin ánimo de lucro.
Causas de Inadmitisión: Entidades que discriminen por razón de nacimiento, raza, sexo o religión, o que
incumplan la legislación de igualdad de género y derechos LGTBIQ+. No se admitirán proyectos que
utilicen animales silvestres.
Incompatibilidades: No se podrán percibir estas ayudas si ya se cuenta con subvenciones nominativas o
directas del Ministerio de Cultura para el mismo proyecto y ejercicio. Las funciones acogidas al programa
""PLATEA"" o convenios específicos con el INAEM tampoco son subvencionables por esta vía.
(cid:127)
Sistema de Valoración y Puntuación
Los proyectos se evalúan sobre un máximo de 100 puntos. Para ser beneficiario, es obligatorio alcanzar al
menos 50 puntos en total y un mínimo de 10 puntos en el criterio de interés cultural.
(cid:127)
Condiciones Económicas de la Subvención
La cuantía máxima individual no podrá superar los 80.000 euros ni el 65% del coste total del proyecto. La
asignación se realiza por tramos según la puntuación:
85 a 100 puntos: Entre el 81% y el 100% de la ayuda solicitada.
70 a 84 puntos: Entre el 61% y menos del 80% de la ayuda solicitada.
Programa de acompañamiento enGira!
Fecha: 02/04/2026
50 a 69 puntos: Entre el 40% y menos del 60% de la ayuda solicitada.
Incrementos Adicionales
Extrapeninsularidad: Hasta un 25% adicional para beneficiarios con domicilio en Canarias, Baleares,
Ceuta y Melilla por gastos de desplazamiento y transporte.
Accesibilidad y Plurilingüismo: Hasta un 15% adicional para gastos de traducción, sobretitulado,
audiodescripción, lengua de signos o materiales de lectura fácil.
(cid:127)
Procedimiento Administrativo y Plazos
Solicitud y Tramitación
Formato: Exclusivamente electrónico a través de la sede electrónica del Ministerio de Cultura.
Plazo de Presentación: 15 días hábiles desde la publicación del extracto de la convocatoria en el BOE.
Límite de Solicitudes: Un máximo de dos solicitudes por titular en total, y no más de una por modalidad.
Justificación de la Ayuda
El periodo para justificar la actividad finaliza el 31 de marzo de 2027.
Subvenciones < 60.000 €: Cuenta justificativa simplificada con memoria de actividades y memoria
económica. Se aplica técnica de muestreo.
Subvenciones ‡ 60.000 €: Obligatoriedad de presentar informe de auditor de cuentas. El gasto del auditor
es subvencionable hasta un 10% de la ayuda.
Gastos Subvencionables
Directos: Nóminas, dietas, viajes, transporte de carga, alquiler de material técnico, seguros específicos y
derechos de autor.
Indirectos: Gastos estructurales (oficina, suministros), administrativos y financieros. Estos no pueden
superar el 25% del coste total del proyecto.
""El Estado considerará el servicio a la cultura como deber y atribución esencial y facilitará la
comunicación cultural entre las Comunidades Autónomas"". — Cita del preámbulo basada en el Artículo
149.2 de la Constitución.",transferencia,0.667,actividad|economica|evidencia|pago,True,True,True,,ACC-COMUNICACION-FF2562408B,0.48,pendiente_revision,/Users/usuario/Desktop/PROFESIONAL/enGira/FINANCIACIÓN/SUBVENCIONES/MINISTERIO DE CULTURA/Industrias Culturales 25/JUSTIFICACION/datos_engira/02_ACTIVIDADES_REALIZADAS/PROGRAMAS DE ACOMPAÑAMIENTO/entregables/subvencion_a_gira_2026/Resumen_bases.pdf
actividades,02_ACTIVIDADES_REALIZADAS/PROGRAMAS DE ACOMPAÑAMIENTO/entregables/subvencion_a_gira_2026/Esquema_modalidad_a1_regimen_general.pdf,Esquema_modalidad_a1_regimen_general.pdf,.pdf,509081,documento,2026-04-02T09:29:19.294022,1,02/04/2026,,,,,"Programa de acompañamiento enGira!
Fecha: 02/04/2026
Régimen general
Modalidad A1",documento_generico,0.3,actividad|documentacion|evidencia,True,False,False,,,0.173,sin_vincular,/Users/usuario/Desktop/PROFESIONAL/enGira/FINANCIACIÓN/SUBVENCIONES/MINISTERIO DE CULTURA/Industrias Culturales 25/JUSTIFICACION/datos_engira/02_ACTIVIDADES_REALIZADAS/PROGRAMAS DE ACOMPAÑAMIENTO/entregables/subvencion_a_gira_2026/Esquema_modalidad_a1_regimen_general.pdf
actividades,02_ACTIVIDADES_REALIZADAS/PROGRAMAS DE ACOMPAÑAMIENTO/entregables/subvencion_a_gira_2026/bases_ayudas_a_gira.pdf,bases_ayudas_a_gira.pdf,.pdf,749026,documento,2026-04-02T08:28:43.723749,37,20/03/2026,"0,26|0,26 €|0.00|1.00|1.20|226.06|24.07|3.80|370.00|5.00|5.000.000 €|500.00|530.00|6.00|60.00|80.00|€
4",,"https://cultura.sede.gob.es/),|https://run.gob.es/hsblF8yLcR|https://www.cultura.gob.es/ca/imagenes/logotipos.html).|https://www.cultura.gob.es/cultura/artesescenicas/portada.html).|https://www.cultura.gob.es/cultura/artesescenicas/sc/ayudas-subvenciones.html).|https://www.cultura.gob.es/servicios-al-",,"RcLy8Flbsh/se.bog.nur//:sptth:nóiccerid
etneiugis
al
ne
otnemucod
etse
ed
dadirgetni
al
racifirev
edeuP
| fb2a-dd5e-f0f4-84f4-5ec4-60f1-dc17-1c32-NEG
: .V.S.C
| lanigiro
otnemucod
la
eyutitsus
on
,AMRIF
ED
EMROFNI
SECRETARÍA DE ESTADO
DIRECCIÓN GENERAL DE ARTES ESCÉNICAS
Y MÚSICA
RESOLUCIÓN DE LA SECRETARÍA DE ESTADO DE CULTURA, POR LA QUE SE CONVOCAN
AYUDAS A GIRAS NACIONALES E INTERNACIONALES DE TEATRO Y CIRCO,
CORRESPONDIENTES AL AÑO 2026
El artículo 44.1 de la Constitución Española dispone que los poderes públicos promoverán y tutelarán el
acceso a la cultura, a la que todos tienen derecho. Por su parte, el artículo 149.2 del texto constitucional
establece que, sin perjuicio de las competencias que puedan asumir las Comunidades Autónomas, el
Estado considerará el servicio a la cultura como deber y atribución esencial y facilitará la comunicación
cultural entre las Comunidades Autónomas, de acuerdo con ellas. En el ámbito internacional, la necesidad
de apoyar las expresiones culturales tiene su reflejo tanto en la Convención sobre la protección y
promoción de la diversidad de las expresiones culturales, adoptada en la Conferencia General de la
UNESCO, celebrada en París el 20 de octubre de 2005, como en el artículo 3.2 del Tratado de la Unión
Europea y en el Título XIII de su Tratado de Funcionamiento.
Mediante el Real Decreto 1028/2025, de 12 de noviembre, se crea la Dirección General de Artes
Escénicas y Música, dentro de la Secretaría de Estado de Cultura, a la que le corresponde, entre otras
funciones, el diseño y desarrollo de las políticas de promoción, protección y difusión del teatro y del circo.
Para su promoción, tanto a nivel nacional como internacional, se articula esta línea de ayudas.
Por primera vez, se convoca una ayuda específica a giras nacionales e internacionales de teatro y circo,
separando esta actividad del resto de modalidades de las ayudas al teatro y al circo. Esta división está
motivada por razones de eficacia y eficiencia, ante la complejidad, tanto para la administración como para
el sector, de manejar una convocatoria muy extensa y diversa. Sin embargo, esta división también
responde al deseo de fortalecer a las empresas del sector de las artes escénicas que, al emprender estas
giras, asumen importantes riesgos en un entorno altamente competitivo, garantizando el acceso al teatro
y al circo en todo el territorio nacional e incrementando la visibilidad internacional de nuestro sector, que
demuestra su alta calidad y valor cultural.
Esta convocatoria también pone en valor el teatro y el circo de calle y el destinado a la infancia y la
juventud, promoviendo su actividad tanto nacional como internacional y su participación en todas las
modalidades, pero garantizando una reserva de crédito en la convocatoria para estas modalidades
escénicas, esenciales para garantizar un ecosistema abierto y diverso y para reducir las barreras con el
público.
El mandato constitucional de gestionar según el principio de eficacia se ha convertido en un deber exigido
por la ciudadanía y promovido por la propia Administración. La acción de la Dirección General de Artes
Escénicas y Música tramitará estas ayudas conforme a criterios de calidad, estabilidad, captación de nuevos
públicos, equilibrio de la oferta entre los diversos ámbitos territoriales, coordinación, promoción exterior de la
industria cultural nacional y del patrimonio histórico español, y difusión de la creación escénica actual e
innovadora.
Esta convocatoria, sometida a consulta del sector y de las Comunidades Autónomas en el marco del Consejo
Estatal de las Artes Escénicas y de la Música, tiene el objetivo de fomentar el teatro y el circo, facilitando
la movilidad del sector artístico a través de la realización de giras nacionales e internacionales. Asimismo,
se busca mantener y consolidar las mejoras técnicas introducidas en convocatorias anteriores y sumar
nuevas medidas que favorezcan la eficacia en la concesión de estas ayudas, aprovechando las ventajas que
para ello supone la reforma del organigrama del Ministerio de Cultura.
Asimismo, estas ayudas se integran en el Plan Estratégico de Subvenciones 2024-2026 del Ministerio de
Cultura, contribuyendo, dentro de la Línea Estratégica 1: fortalecer los derechos culturales, la diversidad y el
CSV : GEN-23c1-71cd-1f06-4ce5-4f48-4f0f-e5dd-a2bf
DIRECCIÓN DE VALIDACIÓN : https://run.gob.es/hsblF8yLcR
FIRMANTE(1) : JORDI MARTI GRAU | FECHA : 20/03/2026 12:31 | Sin acción específica
RcLy8Flbsh/se.bog.nur//:sptth:nóiccerid
etneiugis
al
ne
otnemucod
etse
ed
dadirgetni
al
racifirev
edeuP
| fb2a-dd5e-f0f4-84f4-5ec4-60f1-dc17-1c32-NEG
:
.V.S.C
| lanigiro
otnemucod
la
eyutitsus
on
,AMRIF
ED
EMROFNI
reconocimiento de la cultura como bien público mundial, al logro de su Objetivo 2: fomentar el acceso a los
derechos culturales, donde se encuadran las subvenciones a las artes escénicas y la música.
La presente convocatoria de ayudas se lleva a cabo al amparo del artículo 149.2 de la Constitución Española,
sin perjuicio de las competencias asumidas por las distintas Comunidades Autónomas y Ciudades con
Estatuto de Autonomía en materia de cultura. La gestión centralizada de estas subvenciones se fundamenta,
como ha venido estableciendo una consolidada jurisprudencia del Tribunal Constitucional, en la
responsabilidad que asume el Estado de preservar el patrimonio cultural común y en la necesidad de
garantizar iguales posibilidades de acceso, obtención y disfrute por parte de los potenciales destinatarios con
independencia de su procedencia geográfica, así como en la orientación de las ayudas hacia actividades
artísticas de ámbito estatal o proyección internacional, tal y como se desprende de la definición y requisitos
de las distintas modalidades. En efecto, teniendo en cuenta el carácter de las medidas que se contemplan,
resulta imprescindible establecer un sistema estatal de ayudas que compense la desigual implantación en el
territorio de los agentes del sector, sin que ello impida el establecimiento de diferentes medidas de fomento
por parte de las Comunidades Autónomas dentro de sus competencias.
En todo caso, la caracterización constitucional de la cultura como competencia concurrente entre el Estado
y las Comunidades Autónomas hace necesaria una estrecha colaboración entre los distintos entes
territoriales. Las actividades de la Conferencia Sectorial de Cultura, así como las reuniones bilaterales
consultivas que el Ministerio de Cultura y el INAEM han mantenido con los distintos responsables
autonómicos, contribuyen a edificar un marco estable de colaboración. Las conclusiones y recomendaciones
fruto de dichas reuniones se han tenido muy en cuenta a la hora de diseñar la presente convocatoria de
ayudas, manteniéndose además su nivel de participación en el procedimiento de concesión. En este mismo
sentido, se informará a las Comunidades Autónomas a lo largo de la instrucción y existirá una representación
de las Comunidades Autónomas en la comisión de valoración de estas ayudas, para garantizar su
adecuación al reparto competencial vigente en materia de cultura.
La Orden CUL/2912/2010, de 10 de noviembre (Boletín Oficial del Estado nº 275, de 13 de noviembre),
establece las bases reguladoras para la concesión de subvenciones públicas en régimen de concurrencia
competitiva del Ministerio de Cultura y sus organismos públicos. Por último, este régimen de ayudas se
acoge a lo dispuesto por el Reglamento (UE) nº 651/2014 de la Comisión, de 17 de junio de 2014, por el que
se declaran determinadas categorías de ayudas compatibles con el mercado interior en aplicación de los
artículos 107 y 108 del Tratado (DO, L 187, de 26 de junio de 2016).
En virtud de lo anterior, esta Secretaría de Estado ha resuelto:
Primero. Objeto, finalidades y plazo de ejecución.
Esta resolución tiene por objeto convocar las ayudas a giras nacionales e internacionales de teatro y circo,
en el marco de las competencias de la Secretaría de Estado de Cultura, a través de la Dirección General
de Artes Escénicas y Música, y de acuerdo con los objetivos que tiene encomendados, en orden a
preservar y difundir el patrimonio cultural teatral y circense dentro y fuera de España, fomentando la
comunicación entre las distintas Comunidades Autónomas, la igualdad en el acceso a los servicios
culturales y la creación y consolidación de nuevos públicos.
Las ayudas se concederán de acuerdo con los principios de publicidad, transparencia, objetividad,
igualdad y no discriminación, mediante el procedimiento de concurrencia competitiva para actividades y
de acuerdo con la normativa vigente en materia de subvenciones públicas.
2
CSV : GEN-23c1-71cd-1f06-4ce5-4f48-4f0f-e5dd-a2bf
DIRECCIÓN DE VALIDACIÓN : https://run.gob.es/hsblF8yLcR
FIRMANTE(1) : JORDI MARTI GRAU | FECHA : 20/03/2026 12:31 | Sin acción específica
RcLy8Flbsh/se.bog.nur//:sptth:nóiccerid
etneiugis
al
ne
otnemucod
etse
ed
dadirgetni
al
racifirev
edeuP
| fb2a-dd5e-f0f4-84f4-5ec4-60f1-dc17-1c32-NEG
: .V.S.C
| lanigiro
otnemucod
la
eyutitsus
on
,AMRIF
ED
EMROFNI
Las actividades financiadas deberán ejecutarse entre el 1 de enero de 2026 y el 31 de diciembre de 2026,
de acuerdo con lo dispuesto en el apartado cuarto sobre imputación de créditos.
Segundo. Modalidades de ayuda, requisitos e incompatibilidades.
1. Las modalidades de ayudas a ayudas a giras nacionales de teatro y circo son las siguientes:
− 1. Giras nacionales:
▪ 1a. Ayudas a las giras teatrales por el territorio nacional.
▪ 1b. Ayudas a las giras circenses por el territorio nacional.
▪ 1c. Ayudas a las giras de coproducciones teatrales y circenses interautonómicas.
− 2. Giras internacionales:
▪ 2a. Ayudas a las giras teatrales por el extranjero.
▪ 2b. Ayudas a las giras circenses por el extranjero.
▪ 2c. Ayudas a las producciones teatrales y circenses en el extranjero.
2. Los requisitos para participar en cada una de las modalidades, así como sus particularidades, pueden
consultarse en el Anexo de la presente convocatoria.
3. La concesión de las ayudas reguladas en la presente convocatoria es incompatible con la percepción,
por las mismas personas y entidades beneficiarias y para un mismo proyecto y un mismo ejercicio, de
subvenciones nominativas, subvenciones directas o transferencias del Ministerio de Cultura u organismos
dependientes. Tampoco pueden presentarse a esta convocatoria dos solicitudes diferentes para un
mismo proyecto, sea la coincidencia del contenido total o parcial.En el caso de que una solicitud incluya
dos o más espectáculos, la comisión de valoración podrá evaluarlos de forma independiente si así lo
estima necesario de acuerdo con las condiciones establecidas para cada modalidad en el anexo.
4. Las funciones concretas de teatro y circo, acogidas al Programa Estatal de Circulación de Espectáculos
de Artes Escénicas en Espacios de las Entidades Locales –“PLATEA”- no podrán contar con subvención
del Ministerio de Cultura a través de la presente convocatoria. Asimismo, tampoco podrán contar con
subvención aquellas actividades incluidas en los programas generados mediante convenios suscritos por
el Ministerio de Cultura o el INAEM. Nada impide, en cambio, que otras funciones de los mismos
espectáculos obtengan apoyo público, siempre que no se solape la financiación del Ministerio de Cultura
para las mismas actuaciones, y de acuerdo a lo establecido en el apartado decimoctavo.
Tercero. Personas o entidades beneficiarias.
1. Podrán ser beneficiarias de estas ayudas las empresas privadas, entendidas a efectos de esta
convocatoria como:
a) Las personas jurídicas con ánimo de lucro, de nacionalidad española, de cualquier Estado
miembro de la Unión Europea o de los Estados signatarios del Acuerdo sobre el Espacio
Económico Europeo, con residencia fiscal en España y que se encuentren legalmente
constituidas a la fecha de finalización del plazo de presentación de solicitudes.
b) Las personas físicas que sean profesionales inscritos en el Régimen Especial de Trabajadores
Autónomos, con",contrato,0.667,actividad|administracion|evidencia|laboral,True,False,False,,ACC-COMUNICACION-7E8A7C43A1,0.61,pendiente_revision,/Users/usuario/Desktop/PROFESIONAL/enGira/FINANCIACIÓN/SUBVENCIONES/MINISTERIO DE CULTURA/Industrias Culturales 25/JUSTIFICACION/datos_engira/02_ACTIVIDADES_REALIZADAS/PROGRAMAS DE ACOMPAÑAMIENTO/entregables/subvencion_a_gira_2026/bases_ayudas_a_gira.pdf
actividades,02_ACTIVIDADES_REALIZADAS/ANALISIS/INSTAGRAM_AUDIENCE_ANALYTICS/comportamiento.png,comportamiento.png,.png,344669,imagen,2026-03-26T14:43:52.178527,,,,,,,,fotografía,1.0,actividad|comunicacion|evidencia,True,False,False,comunicacion,,0.0,sin_vincular,/Users/usuario/Desktop/PROFESIONAL/enGira/FINANCIACIÓN/SUBVENCIONES/MINISTERIO DE CULTURA/Industrias Culturales 25/JUSTIFICACION/datos_engira/02_ACTIVIDADES_REALIZADAS/ANALISIS/INSTAGRAM_AUDIENCE_ANALYTICS/comportamiento.png
actividades,02_ACTIVIDADES_REALIZADAS/ANALISIS/INSTAGRAM_AUDIENCE_ANALYTICS/audience.png,audience.png,.png,478940,imagen,2026-03-26T14:43:39.974878,,,,,,,,fotografía,1.0,actividad|comunicacion|evidencia,True,False,False,comunicacion,,0.0,sin_vincular,/Users/usuario/Desktop/PROFESIONAL/enGira/FINANCIACIÓN/SUBVENCIONES/MINISTERIO DE CULTURA/Industrias Culturales 25/JUSTIFICACION/datos_engira/02_ACTIVIDADES_REALIZADAS/ANALISIS/INSTAGRAM_AUDIENCE_ANALYTICS/audience.png
actividades,02_ACTIVIDADES_REALIZADAS/ANALISIS/INSTAGRAM_AUDIENCE_ANALYTICS/engagement.png,engagement.png,.png,379501,imagen,2026-03-26T21:30:59.081508,,,,,,,,fotografía,1.0,actividad|comunicacion|evidencia,True,False,False,comunicacion,,0.0,sin_vincular,/Users/usuario/Desktop/PROFESIONAL/enGira/FINANCIACIÓN/SUBVENCIONES/MINISTERIO DE CULTURA/Industrias Culturales 25/JUSTIFICACION/datos_engira/02_ACTIVIDADES_REALIZADAS/ANALISIS/INSTAGRAM_AUDIENCE_ANALYTICS/engagement.png
actividades,02_ACTIVIDADES_REALIZADAS/ANALISIS/ANALISIS_CAMPAÑAS_HISTORICAS/outputs/informes/insights_finales.txt,insights_finales.txt,.txt,463,otro,2026-04-20T12:24:28.925561,,,,,,,,documento_generico,0.3,actividad|documentacion|evidencia,True,False,False,,,0.195,sin_vincular,/Users/usuario/Desktop/PROFESIONAL/enGira/FINANCIACIÓN/SUBVENCIONES/MINISTERIO DE CULTURA/Industrias Culturales 25/JUSTIFICACION/datos_engira/02_ACTIVIDADES_REALIZADAS/ANALISIS/ANALISIS_CAMPAÑAS_HISTORICAS/outputs/informes/insights_finales.txt
actividades,02_ACTIVIDADES_REALIZADAS/ANALISIS/ANALISIS_CAMPAÑAS_HISTORICAS/outputs/graficos/rendimiento_dia_semana.png,rendimiento_dia_semana.png,.png,22939,imagen,2026-04-20T12:24:28.771024,,,,,,,,fotografía,1.0,actividad|comunicacion|evidencia,True,False,False,,,0.195,sin_vincular,/Users/usuario/Desktop/PROFESIONAL/enGira/FINANCIACIÓN/SUBVENCIONES/MINISTERIO DE CULTURA/Industrias Culturales 25/JUSTIFICACION/datos_engira/02_ACTIVIDADES_REALIZADAS/ANALISIS/ANALISIS_CAMPAÑAS_HISTORICAS/outputs/graficos/rendimiento_dia_semana.png
actividades,02_ACTIVIDADES_REALIZADAS/ANALISIS/ANALISIS_CAMPAÑAS_HISTORICAS/outputs/graficos/engagement_por_tematica.png,engagement_por_tematica.png,.png,26992,imagen,2026-04-20T12:24:28.551517,,,,,,,,fotografía,1.0,actividad|comunicacion|evidencia,True,False,False,,,0.195,sin_vincular,/Users/usuario/Desktop/PROFESIONAL/enGira/FINANCIACIÓN/SUBVENCIONES/MINISTERIO DE CULTURA/Industrias Culturales 25/JUSTIFICACION/datos_engira/02_ACTIVIDADES_REALIZADAS/ANALISIS/ANALISIS_CAMPAÑAS_HISTORICAS/outputs/graficos/engagement_por_tematica.png
actividades,02_ACTIVIDADES_REALIZADAS/ANALISIS/ANALISIS_CAMPAÑAS_HISTORICAS/outputs/graficos/heatmap_tematica_publico.png,heatmap_tematica_publico.png,.png,38850,imagen,2026-04-20T12:24:28.873287,,,,,,,,fotografía,1.0,actividad|comunicacion|evidencia,True,False,False,,,0.195,sin_vincular,/Users/usuario/Desktop/PROFESIONAL/enGira/FINANCIACIÓN/SUBVENCIONES/MINISTERIO DE CULTURA/Industrias Culturales 25/JUSTIFICACION/datos_engira/02_ACTIVIDADES_REALIZADAS/ANALISIS/ANALISIS_CAMPAÑAS_HISTORICAS/outputs/graficos/heatmap_tematica_publico.png
actividades,02_ACTIVIDADES_REALIZADAS/ANALISIS/ANALISIS_CAMPAÑAS_HISTORICAS/outputs/graficos/boxplot_rendimiento_clickrate.png,boxplot_rendimiento_clickrate.png,.png,18576,imagen,2026-04-20T12:24:28.813305,,,,,,,,fotografía,1.0,actividad|comunicacion|evidencia,True,False,False,,,0.195,sin_vincular,/Users/usuario/Desktop/PROFESIONAL/enGira/FINANCIACIÓN/SUBVENCIONES/MINISTERIO DE CULTURA/Industrias Culturales 25/JUSTIFICACION/datos_engira/02_ACTIVIDADES_REALIZADAS/ANALISIS/ANALISIS_CAMPAÑAS_HISTORICAS/outputs/graficos/boxplot_rendimiento_clickrate.png
actividades,02_ACTIVIDADES_REALIZADAS/ANALISIS/ANALISIS_CAMPAÑAS_HISTORICAS/outputs/graficos/estacionalidad_mensual.png,estacionalidad_mensual.png,.png,63801,imagen,2026-04-20T12:24:28.689154,,,,,,,,fotografía,1.0,actividad|comunicacion|evidencia,True,False,False,,,0.195,sin_vincular,/Users/usuario/Desktop/PROFESIONAL/enGira/FINANCIACIÓN/SUBVENCIONES/MINISTERIO DE CULTURA/Industrias Culturales 25/JUSTIFICACION/datos_engira/02_ACTIVIDADES_REALIZADAS/ANALISIS/ANALISIS_CAMPAÑAS_HISTORICAS/outputs/graficos/estacionalidad_mensual.png
actividades,02_ACTIVIDADES_REALIZADAS/ANALISIS/ANALISIS_CAMPAÑAS_HISTORICAS/outputs/graficos/evolucion_anual_openrate.png,evolucion_anual_openrate.png,.png,16455,imagen,2026-04-16T10:22:54.660866,,,,,,,,fotografía,1.0,actividad|comunicacion|evidencia,True,False,False,,,0.195,sin_vincular,/Users/usuario/Desktop/PROFESIONAL/enGira/FINANCIACIÓN/SUBVENCIONES/MINISTERIO DE CULTURA/Industrias Culturales 25/JUSTIFICACION/datos_engira/02_ACTIVIDADES_REALIZADAS/ANALISIS/ANALISIS_CAMPAÑAS_HISTORICAS/outputs/graficos/evolucion_anual_openrate.png
actividades,02_ACTIVIDADES_REALIZADAS/ANALISIS/ANALISIS_CAMPAÑAS_HISTORICAS/outputs/graficos/scatter_volumen_openrate.png,scatter_volumen_openrate.png,.png,41447,imagen,2026-04-20T12:24:28.923949,,,,,,,,fotografía,1.0,actividad|comunicacion|evidencia,True,False,False,,,0.195,sin_vincular,/Users/usuario/Desktop/PROFESIONAL/enGira/FINANCIACIÓN/SUBVENCIONES/MINISTERIO DE CULTURA/Industrias Culturales 25/JUSTIFICACION/datos_engira/02_ACTIVIDADES_REALIZADAS/ANALISIS/ANALISIS_CAMPAÑAS_HISTORICAS/outputs/graficos/scatter_volumen_openrate.png
actividades,02_ACTIVIDADES_REALIZADAS/WEBINARS/26-11/84469769617 - Attendee Report.csv,84469769617 - Attendee Report.csv,.csv,15364,hoja_calculo,2025-11-26T12:47:57.389117,,,,,,,,memoria,0.533,actividad|documentacion|evidencia,True,False,False,desarrollo,,0.156,sin_vincular,/Users/usuario/Desktop/PROFESIONAL/enGira/FINANCIACIÓN/SUBVENCIONES/MINISTERIO DE CULTURA/Industrias Culturales 25/JUSTIFICACION/datos_engira/02_ACTIVIDADES_REALIZADAS/WEBINARS/26-11/84469769617 - Attendee Report.csv
actividades,02_ACTIVIDADES_REALIZADAS/WEBINARS/26-11/Presentación enGira!.pdf,Presentación enGira!.pdf,.pdf,2291013,documento,2025-11-18T07:13:03.459363,19,,,,,,"Optimiza los procesos
de distribución y
programación de
artes escénicas
Un proyecto de Actividad subvencionada por el Proyecto realizado con el
Con la colaboración de
Ministerio de Cultura apoyo del programa de
ayudas a la reación y la
movilidad del
Ayuntamiento de Madrid
Sobre ZEENA
ZEENA desarrolla su actividad profesional en el sector de las
Artes Escénicas desde 2014.
Trabaja en colaboración con compañías y creadores escénicos
aportando a sus proyectos una visión más amplia del sector,
posicionando sus obras en el actual entramado cultural y
procurando unas condiciones óptimas de desarrollo y vida del
espectáculo.
Comprometida con la nueva creación y los proyectos socio-
culturales crea e impulsa enGira!.
¿Qué es enGira! ?
Definición
Soluciones
A quién se dirige
¿Qué es enGira! ?
Plataforma digital para la promoción de las artes
escénicas basado en la cooperación y la sostenibilidad.
Un CRM para optimizar los procesos de distribución y
programación de espectáculos.
Un impulso a la creación contemporánea con especial
atención a la innovación, la calidad y la mediación
artística.
enGira! nace como...
Una alternativa que espera coexistir con los modelos de
distribución tradicionales, limitados e inaccesibles en
muchos casos.
Una respuesta a la falta de herramientas tecnológicas para
la promoción y la contratación de espectáculos.
Una solución para programadores con dificultades para
acceder a propuestas escénicas de nuevos formatos.
¿A quién se dirige enGira! ?
Artistas, colectivos y compañías
Productores / Distribuidores
Programadores y gestores culturales
Funcionalidades enGira!
Generales
Específicas para cada perfil
Funcionalidades generales
Catálogo de
Espectáculos:
Un catálogo selecto
de espectáculos con
opciones de
búsqueda avanzada
a través de múltiples
filtros.
Funcionalidades generales
Base de Datos
Actualizada:
Una base de datos
completísima con
más de 1800
teatros a nivel
nacional.
Funcionalidades para Artistas, Productores y
Distribuidores
Espacios Sugeridos:
El sistema sugiere espacios de exhibición basándose en criterios como
afinidad geográfica, idoneidad del formato, tipo de público...
Funcionalidades para Artistas, Productores y
Distribuidores
Plan de distribución
Los usuarios pueden revisar y verificar cada espacio sugerido y
añadirlo a su plan de distribución.
En su panel pueden llevar un control de las gestiones realizadas con
cada espacio de exhibición.
Próxima Fase
Alianzas estratégicas
Implementación de servicios
Alianzas estratégicas
enGira! buscará promover sinergias con otros agentes del
sector como:
plataformas de creación artística
redes y circuitos de exhibición
Implementación de servicios
Dirigidos a compañías y artistas
Asesoramiento sobre estrategias de circulación y posibilidades de
inserción en distintos circuitos escénicos.
Formación en el uso de las herramientas digitales aplicadas a la
distribución que ofrece enGira!
Apoyo en la creación de sus perfiles profesionales y materiales de
presentación dentro de la plataforma.
Contacto
info@engira.art
¡Gracias!
;))",contrato,0.4,actividad|administracion|evidencia|laboral,True,False,False,desarrollo,ACC-ALIANZAS-ESTRATEGI-589DE31784,0.61,pendiente_revision,/Users/usuario/Desktop/PROFESIONAL/enGira/FINANCIACIÓN/SUBVENCIONES/MINISTERIO DE CULTURA/Industrias Culturales 25/JUSTIFICACION/datos_engira/02_ACTIVIDADES_REALIZADAS/WEBINARS/26-11/Presentación enGira!.pdf
actividades,02_ACTIVIDADES_REALIZADAS/WEBINARS/26-11/84469769617 - Registration Report.csv,84469769617 - Registration Report.csv,.csv,6682,hoja_calculo,2025-11-26T12:47:26.319852,,,,,,,,memoria,0.533,actividad|documentacion|evidencia,True,False,False,desarrollo,,0.156,sin_vincular,/Users/usuario/Desktop/PROFESIONAL/enGira/FINANCIACIÓN/SUBVENCIONES/MINISTERIO DE CULTURA/Industrias Culturales 25/JUSTIFICACION/datos_engira/02_ACTIVIDADES_REALIZADAS/WEBINARS/26-11/84469769617 - Registration Report.csv
comunicacion,"04_COMUNICACION_Y_DIFUSION/creatividades/ChatGPT Image 12 jun 2026, 11_08_20.png","ChatGPT Image 12 jun 2026, 11_08_20.png",.png,1574408,imagen,2026-06-12T11:08:20.569201,,,,,,,,fotografía,1.0,comunicacion|evidencia,True,False,False,comunicacion,,0.22,sin_vincular,"/Users/usuario/Desktop/PROFESIONAL/enGira/FINANCIACIÓN/SUBVENCIONES/MINISTERIO DE CULTURA/Industrias Culturales 25/JUSTIFICACION/datos_engira/04_COMUNICACION_Y_DIFUSION/creatividades/ChatGPT Image 12 jun 2026, 11_08_20.png"
comunicacion,"04_COMUNICACION_Y_DIFUSION/creatividades/ChatGPT Image 12 jun 2026, 10_40_02.png","ChatGPT Image 12 jun 2026, 10_40_02.png",.png,1544232,imagen,2026-06-12T10:40:03.375718,,,,,,,,fotografía,1.0,comunicacion|evidencia,True,False,False,comunicacion,,0.22,sin_vincular,"/Users/usuario/Desktop/PROFESIONAL/enGira/FINANCIACIÓN/SUBVENCIONES/MINISTERIO DE CULTURA/Industrias Culturales 25/JUSTIFICACION/datos_engira/04_COMUNICACION_Y_DIFUSION/creatividades/ChatGPT Image 12 jun 2026, 10_40_02.png"
comunicacion,"04_COMUNICACION_Y_DIFUSION/creatividades/ChatGPT Image 12 jun 2026, 11_45_24.png","ChatGPT Image 12 jun 2026, 11_45_24.png",.png,1000914,imagen,2026-06-12T11:45:25.540034,,,,,,,,fotografía,1.0,comunicacion|evidencia,True,False,False,comunicacion,,0.22,sin_vincular,"/Users/usuario/Desktop/PROFESIONAL/enGira/FINANCIACIÓN/SUBVENCIONES/MINISTERIO DE CULTURA/Industrias Culturales 25/JUSTIFICACION/datos_engira/04_COMUNICACION_Y_DIFUSION/creatividades/ChatGPT Image 12 jun 2026, 11_45_24.png"
comunicacion,"04_COMUNICACION_Y_DIFUSION/creatividades/ChatGPT Image 12 jun 2026, 11_45_30.png","ChatGPT Image 12 jun 2026, 11_45_30.png",.png,1086901,imagen,2026-06-12T11:45:31.466964,,,,,,,,fotografía,1.0,comunicacion|evidencia,True,False,False,comunicacion,,0.22,sin_vincular,"/Users/usuario/Desktop/PROFESIONAL/enGira/FINANCIACIÓN/SUBVENCIONES/MINISTERIO DE CULTURA/Industrias Culturales 25/JUSTIFICACION/datos_engira/04_COMUNICACION_Y_DIFUSION/creatividades/ChatGPT Image 12 jun 2026, 11_45_30.png"
comunicacion,"04_COMUNICACION_Y_DIFUSION/creatividades/ChatGPT Image 12 jun 2026, 11_35_46.png","ChatGPT Image 12 jun 2026, 11_35_46.png",.png,760432,imagen,2026-06-12T11:35:47.373444,,,,,,,,fotografía,1.0,comunicacion|evidencia,True,False,False,comunicacion,,0.22,sin_vincular,"/Users/usuario/Desktop/PROFESIONAL/enGira/FINANCIACIÓN/SUBVENCIONES/MINISTERIO DE CULTURA/Industrias Culturales 25/JUSTIFICACION/datos_engira/04_COMUNICACION_Y_DIFUSION/creatividades/ChatGPT Image 12 jun 2026, 11_35_46.png"
comunicacion,"04_COMUNICACION_Y_DIFUSION/creatividades/ChatGPT Image 12 jun 2026, 11_31_08.png","ChatGPT Image 12 jun 2026, 11_31_08.png",.png,962992,imagen,2026-06-12T11:31:09.684805,,,,,,,,fotografía,1.0,comunicacion|evidencia,True,False,False,comunicacion,,0.22,sin_vincular,"/Users/usuario/Desktop/PROFESIONAL/enGira/FINANCIACIÓN/SUBVENCIONES/MINISTERIO DE CULTURA/Industrias Culturales 25/JUSTIFICACION/datos_engira/04_COMUNICACION_Y_DIFUSION/creatividades/ChatGPT Image 12 jun 2026, 11_31_08.png"
comunicacion,"04_COMUNICACION_Y_DIFUSION/creatividades/ChatGPT Image 12 jun 2026, 10_55_11.png","ChatGPT Image 12 jun 2026, 10_55_11.png",.png,1530586,imagen,2026-06-12T10:55:12.356883,,,,,,,,fotografía,1.0,comunicacion|evidencia,True,False,False,comunicacion,,0.22,sin_vincular,"/Users/usuario/Desktop/PROFESIONAL/enGira/FINANCIACIÓN/SUBVENCIONES/MINISTERIO DE CULTURA/Industrias Culturales 25/JUSTIFICACION/datos_engira/04_COMUNICACION_Y_DIFUSION/creatividades/ChatGPT Image 12 jun 2026, 10_55_11.png"
comunicacion,"04_COMUNICACION_Y_DIFUSION/creatividades/ChatGPT Image 12 jun 2026, 10_28_39.png","ChatGPT Image 12 jun 2026, 10_28_39.png",.png,1608667,imagen,2026-06-12T10:28:40.014031,,,,,,,,fotografía,1.0,comunicacion|evidencia,True,False,False,comunicacion,,0.22,sin_vincular,"/Users/usuario/Desktop/PROFESIONAL/enGira/FINANCIACIÓN/SUBVENCIONES/MINISTERIO DE CULTURA/Industrias Culturales 25/JUSTIFICACION/datos_engira/04_COMUNICACION_Y_DIFUSION/creatividades/ChatGPT Image 12 jun 2026, 10_28_39.png"
comunicacion,04_COMUNICACION_Y_DIFUSION/creacion_contenido/investigacion/enGira! - Artículo 01 Datos y Gestión Cultural.pdf,enGira! - Artículo 01 Datos y Gestión Cultural.pdf,.pdf,209708,documento,2026-06-11T13:18:46.232710,10,,"1.78|10.11|10.52|17.50|186.00|40.00|7.00|739,70|771.00",,https://engira.art/,,"¿DATOS PARA QUIÉN?
HACIA UNA GESTIÓN CULTURAL ORIENTADA A LOS
PÚBLICOS EN ESPAÑA
Autor: A(lvaro Caboalles
DOI: 10.5281/zenodo.20641689
Editorial: enGira! https://engira.art/
Sobre el autor
Doctor cum laude en Estudios Culturales por la Universidad Autónoma de Madrid (2024),
nacido en Ponferrada en 1994, su trayectoria investigadora se ha centrado en la práctica
escénica contemporánea en Madrid durante la segunda década del siglo XXI. Ha publicado
en revistas especializadas como Sken&graphie, Pygmalion y Acotaciones, ası ́ como en
editoriales de referencia como Visor Libros, ADE y Dykinson. Desde el curso 2020/2021 es
profesor en el Departamento de Visual Arts del IED Madrid, donde imparte la asignatura de
Escritura e Imagen.
Desde 2021 trabaja como gestor cultural en MACOMAD (Coordinadora Madrileña de Salas
Alternativas), donde gestiona programas públicos y subvenciones, comisarıá los Encuentros
Iberoamericanos MACOMAD y coordina la participación de creadores emergentes en SURGE
Madrid, además de colaborar con el Festival de Otoño de la Comunidad de Madrid. Su labor
se orienta a reforzar la visibilidad y sostenibilidad de la escena alternativa madrileña.
Paralelamente, ha comisariado proyectos culturales centrados en la mediación y el diálogo
con la ciudadanıá , como #ZinkingYù, CRUZA Carabanchel y las XI Jornadas Escénicas del
INJUVE. Como creador, investiga la memoria, la identidad y la performatividad del cuerpo, y
ha recibido diversas becas y premios. Su trabajo se inscribe en el ámbito de las artes vivas,
explorando los lıḿ ites de lo escénico en diálogo con el comisariado y los proyectos site-
specific.
Resumen
El sector cultural español, y especıf́ icamente el de las artes escénicas, atraviesa un momento
de crecimiento sin precedentes. Este artıć ulo analiza la transición desde una gestión basada
en la intuición hacia una gestión basada en datos, entendida como una herramienta para la
equidad, la diversidad y el desarrollo de públicos. A partir de modelos europeos y del
contexto español, propone una hoja de ruta para construir una infraestructura de datos al
servicio de la participación cultural.
1. Introducción: datos, cultura y el desa9o de la evidencia
El sector cultural en general, y el escénico en par3cular, han estado desarrollando en las
úl3mas décadas su relación con los públicos desde la intuición, la experiencia acumulada y los
informes estadís3cos anuales. Una suerte de métricas que nos plantean el pulso actual entre
ins3tuciones y públicos. Recientemente la Encuesta de Hábitos y Prác3cas Culturales 2024-2025
del Ministerio de Cultura español han recabado los mejores datos de consumo cultural desde
que se comenzó a medir en 2002: el 47,1% de la población española asis3ó en 2024 a
espectáculos en directo de artes escénicas o musicales, y el 24,7% lo hizo específicamente al
teatro. La recuperación post pandemia no sólo ha rebasado los niveles previos a la pandemia
derivada de la COVID-19 generando una inercia de crecimiento sin precedentes en el sector
escénico en vivo.
Frente a este estado de bonanza que representan los porcentajes estadís3cos estos no
vienen a resolver una cues3ón estructural: ¿qué saben realmente las ins3tuciones culturales
españolas sobre quién va a verlas, por qué, y sobre quién podría ir pero no va? La pregunta no es
retórica, busca una respuesta concreta. La propia Encuesta del Ministerio señala que las
principales barreras a la par3cipación cultural declaradas por la población son la falta de 3empo,
la falta de interés y el precio, seguidas de la ausencia de oferta en la zona. Pero esos datos
provienen de encuestas nacionales bienales de carácter agregado: no permiten a una compañía
de danza contemporánea en Sevilla, a un fesAval de teatro independiente en Bilbao o a un
teatro público municipal en Murcia entender su propio público y actuar sobre sus no-visitantes
con la precisión que la tecnología actual haría posible. De algún modo tenemos una suerte de
datos que, frente a una primera reflexión op3mista, dejan determinadas variables fuera de su
análisis.
Este ar\culo parte de una síntesis clara: la ges3ón cultural basada en datos no es una
cues3ón tecnológica, sino que deviene también decisiones a nivel estratégico y polí3co. El
Manifiesto de Gante, un documento estratégico de la Unión Europea enfocado en el uso de
datos e IA en el sector cultural y crea3vo , define el desarrollo de audiencias orientado por datos
del siguiente modo: una recopilación sistemá3ca, análisis y uso é3co de datos de audiencia para
mejorar la par3cipación, la accesibilidad y la inclusión en los sectores culturales y crea3vos. Esta
definición sitúa explícitamente el dato al servicio de fines de equidad y diversidad, no de
opAmización comercial: una dis3nción que resulta especialmente relevante en el contexto de la
creación escénica contemporánea española, un subsector donde la lógica del mercado de las
artes escénicas clásicas y la lógica del bien público coexisten en una tensión permanente.
2. Marco conceptual: del dato a una posible polí%ca de los públicos
2.1. La emergencia del uso de los datos en el contexto europeo
El concepto de ges3ón cultural basada en datos no surge de la nada ni de manera
aleatoria. Este proceso se inscribe en una lógica más amplia de transformación digital del sector
cultural que la pandemia de COVID-19 aceleró de manera decisiva y cuyos efectos y resultados
podemos comenzar a analizar desde nuestro momento presente.. Como señalan Eulenstein y
Faber en The digital leap: Museums adap3ng to COVID-19 and beyond (2023), el salto digital de
los museos durante la crisis derivada de la pandemia sanitaria puso de manifiesto tanto la
resiliencia del sector como la profundidad de sus carencias en materia de infraestructura digital.
La aceleración hacia plataformas virtuales, exposiciones en línea y acceso remoto a colecciones
generó, de manera casi involuntaria, nuevas capas de datos sobre comportamiento de
audiencias que la mayoría de ins3tuciones culturales no estaban en condiciones de analizar,
aprovechar e incluso, en muchos casos, ser conscientes de su potencial.
Si pensamos en una posible aplicación del uso de los datos en el contexto de la ges3ón
cultural es posible trazar tres ejes de trabajo posibles recogidos en el informe Policy Paper On
Data-Driven Audience Development in The Cultural and Crea3ve Sectors in Europe (2026). El
primero de ellos es la recogida sistemá3ca de datos, que abarca tanto información cuan3ta3va,
como la derivada del 3cke3ng, analí3ca web, CRM, comportamiento en redes sociales; como
cualita3va tales como encuestas, grupos focales, mediación directa. El segundo componente es
el análisis e interpretación: el uso de modelos de segmentación, analí3ca predic3va y
herramientas de visualización para iden3ficar patrones, mapear barreras y an3cipar demandas.
Y, por úl3mo, el tercero sería la aplicación estratégica: la traducción de esos análisis en
decisiones de programación, comunicación, asignación de recursos y medición de impacto. Es
decir, aplicar esos datos para el desarrollo de acciones culturales concretas.
Esta tríada presente en el informe publicado en marzo de 2026 sistemaAza el proceso
en las siguientes fases: recogida, análisis, aplicación. No obstante se presenta aquí un
elemento clave que debemos de resolver: la alfabeAzación en datos. Un prerrequisito que el
propio Policy Paper iden3fica como el más crí3co y el menos atendido.. El informe sitúa en un
89% la proporción de líderes culturales europeos que declaran no sen3rse capaces de ges3onar
o formular una estrategia de datos de audiencia digital. Este dato, procedente de la cumbre
EADA (European Arts & Culture Data Alliance) de 2023, y debe leerse en clave sistémica: no se
trata de una carencia individual de los gestores, sino de un déficit estructural en la formación, en
los recursos disponibles y en la cultura organizacional del sector. Llegados a este punto sería
posible preguntarnos: ¿Para qué queremos los datos si no resulta posible su aplicación en
nuestros proyectos?
2.2. El no-visitante como posibilidad
Quizá uno de los aportes conceptualmente más significa3vos del estudio de Visanich et
al. (2025) es el desplazamiento del foco analí3co desde el visitante hacia el no-visitante.
Históricamente, la ges3ón de audiencias en el sector cultural ha operado sobre el público que ya
está dentro de la ins3tución: los sistemas de conteo de entradas, los cues3onarios post-visita, los
programas de fidelización. El no-público; quienes pasan frente al edificio del centro cultural y
no entran, quienes conocen la existencia de un fesAval pero no compran la entrada, quienes
sienten que ""eso no es para mí""; ha permanecido estadísAcamente invisible.
Una exploración prác3ca de esta idea podría ser, por ejemplo, el proyecto OCTAI
ar3culado en el Spazju Kreamv, que cons3tuye un ejemplo paradigmá3co de análisis del no-
visitante mediante tecnologías de monitorización anónima del espacio público. A través de
sensores de visión ar3ficial capaces de procesar datos de vídeo en 3empo real sin almacenar
imágenes ni u3lizar reconocimiento facial, el sistema permi3ó observar de manera con3nua y
conforme al RGPD los flujos peatonales externos al edificio, superando las limitaciones
metodológicas de herramientas previas como las balizas Bluetooth o las aplicaciones móviles
voluntarias, cuyos datos estaban condicionados por sesgos de par3cipación y alteraciones del
comportamiento. La combinación de estos datos con encuestas realizadas durante un año
permi3ó relacionar patrones de movilidad con mo3vaciones y barreras de acceso cultural. El
principal hallazgo fue que muchos turistas no conocían la existencia del centro cultural, aunque
manifestaban interés en visitarlo una vez recibían información básica sobre su programación: la
barrera principal no era la falta de interés cultural, sino la falta de visibilidad simbólica en un
entorno saturado de es\mulos.
Si trasladamos esta lógica al contexto de la creación escénica contemporánea española,
la categoría del no-visitante se revela insuficiente para dar cuenta de la complejidad del sistema.
Porque la invisibilidad estadís3ca no afecta únicamente a quienes podrían ir al teatro y no van:
afecta también a quienes querrían ir y no pueden, y a quienes crean y no logran ser
programados. Estas tres figuras: el no-visitante, el excluido y el ar3sta no-programado;
conforman un triángulo de ausencias que los datos actuales del sector no están en condiciones
de registrar, y cuya invisibilidad 3ene consecuencias directas sobre la equidad del ecosistema
cultural.
No visitante
▲
│
│
Ar3sta no programado ─── Excluido
La persona que no accede a la programación cultural no responde a un único perfil ni a
una única causa. Las barreras son simultáneas y se refuerzan mutuamente: la barrera
económica, el precio de la entrada en un contexto de contracción del gasto cultural de los
hogares, que el Anuario de Estadís3cas Culturales 2024 cifra en 739,70 euros anuales de media;
se superpone con la barrera territorial, que la propia Encuesta del Ministerio iden3fica como
""ausencia de oferta en la zona"" y que golpea especialmente a las poblaciones medianas y
pequeñas donde la distribución de los 1.786 espacios escénicos teatrales existentes en España es
profundamente asimétrica. Sobre ambas se asienta la barrera simbólica, la más diucil de
cuan3ficar y la más persistente: la percepción de que determinadas propuestas culturales no
están dirigidas a ciertos cuerpos, ciertas trayectorias vitales, ciertas formas de estar en el
mundo. Ninguna de estas tres barreras puede abordarse de manera aislada, y ninguna puede
siquiera diagnos3carse con precisión sin datos que vayan más allá del recuento de entradas
vendidas.
La figura del ar3sta no-programado añade una dimensión adicional a este mapa de
invisibilidades, y lo hace como síntoma de una brecha de equidad que opera en el origen mismo
del sistema. Si el no-visitante es quien no",transferencia,0.667,comunicacion|economica|evidencia|pago,True,True,True,comunicacion,ACC-FORMACION-4EE5B508E3,0.74,pendiente_revision,/Users/usuario/Desktop/PROFESIONAL/enGira/FINANCIACIÓN/SUBVENCIONES/MINISTERIO DE CULTURA/Industrias Culturales 25/JUSTIFICACION/datos_engira/04_COMUNICACION_Y_DIFUSION/creacion_contenido/investigacion/enGira! - Artículo 01 Datos y Gestión Cultural.pdf
comunicacion,04_COMUNICACION_Y_DIFUSION/creacion_contenido/circo_artesVivas_IG/circo_artesVivas_IG.gif,circo_artesVivas_IG.gif,.gif,15594113,imagen,2026-05-27T11:18:35.170684,,,,,,,,fotografía,1.0,comunicacion|evidencia,True,False,False,comunicacion,,0.22,sin_vincular,/Users/usuario/Desktop/PROFESIONAL/enGira/FINANCIACIÓN/SUBVENCIONES/MINISTERIO DE CULTURA/Industrias Culturales 25/JUSTIFICACION/datos_engira/04_COMUNICACION_Y_DIFUSION/creacion_contenido/circo_artesVivas_IG/circo_artesVivas_IG.gif
comunicacion,04_COMUNICACION_Y_DIFUSION/creacion_contenido/circo_artesVivas_IG/circo_artesVivas_IG.mp4,circo_artesVivas_IG.mp4,.mp4,46475854,audiovisual,2026-05-27T11:18:27.917404,,,,,,,,video,1.0,comunicacion|evidencia,True,False,False,comunicacion,,0.22,sin_vincular,/Users/usuario/Desktop/PROFESIONAL/enGira/FINANCIACIÓN/SUBVENCIONES/MINISTERIO DE CULTURA/Industrias Culturales 25/JUSTIFICACION/datos_engira/04_COMUNICACION_Y_DIFUSION/creacion_contenido/circo_artesVivas_IG/circo_artesVivas_IG.mp4
comunicacion,04_COMUNICACION_Y_DIFUSION/creacion_contenido/danza_calle_brevo/danza_calle_brevo.gif,danza_calle_brevo.gif,.gif,14623005,imagen,2026-05-04T12:06:53.184666,,,,,,,,fotografía,1.0,comunicacion|evidencia,True,False,False,comunicacion,,0.22,sin_vincular,/Users/usuario/Desktop/PROFESIONAL/enGira/FINANCIACIÓN/SUBVENCIONES/MINISTERIO DE CULTURA/Industrias Culturales 25/JUSTIFICACION/datos_engira/04_COMUNICACION_Y_DIFUSION/creacion_contenido/danza_calle_brevo/danza_calle_brevo.gif
comunicacion,04_COMUNICACION_Y_DIFUSION/creacion_contenido/danza_calle_brevo/danza_calle_brevo.mp4,danza_calle_brevo.mp4,.mp4,44384175,audiovisual,2026-05-04T12:06:44.993550,,,,,,,,video,1.0,comunicacion|evidencia,True,False,False,comunicacion,,0.22,sin_vincular,/Users/usuario/Desktop/PROFESIONAL/enGira/FINANCIACIÓN/SUBVENCIONES/MINISTERIO DE CULTURA/Industrias Culturales 25/JUSTIFICACION/datos_engira/04_COMUNICACION_Y_DIFUSION/creacion_contenido/danza_calle_brevo/danza_calle_brevo.mp4
comunicacion,04_COMUNICACION_Y_DIFUSION/creacion_contenido/danza_calle_IG/danza_calle_IG.mp4,danza_calle_IG.mp4,.mp4,41327923,audiovisual,2026-05-04T13:39:53.155898,,,,,,,,video,1.0,comunicacion|evidencia,True,False,False,comunicacion,,0.22,sin_vincular,/Users/usuario/Desktop/PROFESIONAL/enGira/FINANCIACIÓN/SUBVENCIONES/MINISTERIO DE CULTURA/Industrias Culturales 25/JUSTIFICACION/datos_engira/04_COMUNICACION_Y_DIFUSION/creacion_contenido/danza_calle_IG/danza_calle_IG.mp4
comunicacion,04_COMUNICACION_Y_DIFUSION/creacion_contenido/danza_calle_IG/danza_calle_IG.gif,danza_calle_IG.gif,.gif,17835172,imagen,2026-05-04T13:40:02.496465,,,,,,,,fotografía,1.0,comunicacion|evidencia,True,False,False,comunicacion,,0.22,sin_vincular,/Users/usuario/Desktop/PROFESIONAL/enGira/FINANCIACIÓN/SUBVENCIONES/MINISTERIO DE CULTURA/Industrias Culturales 25/JUSTIFICACION/datos_engira/04_COMUNICACION_Y_DIFUSION/creacion_contenido/danza_calle_IG/danza_calle_IG.gif
comunicacion,"04_COMUNICACION_Y_DIFUSION/creacion_contenido/investigacion/creatividades/ChatGPT Image 12 jun 2026, 11_08_20.png","ChatGPT Image 12 jun 2026, 11_08_20.png",.png,1574408,imagen,2026-06-12T11:08:20.569201,,,,,,,,fotografía,1.0,comunicacion|evidencia,True,False,False,comunicacion,,0.22,sin_vincular,"/Users/usuario/Desktop/PROFESIONAL/enGira/FINANCIACIÓN/SUBVENCIONES/MINISTERIO DE CULTURA/Industrias Culturales 25/JUSTIFICACION/datos_engira/04_COMUNICACION_Y_DIFUSION/creacion_contenido/investigacion/creatividades/ChatGPT Image 12 jun 2026, 11_08_20.png"
comunicacion,"04_COMUNICACION_Y_DIFUSION/creacion_contenido/investigacion/creatividades/ChatGPT Image 12 jun 2026, 10_40_02.png","ChatGPT Image 12 jun 2026, 10_40_02.png",.png,1544232,imagen,2026-06-12T10:40:03.375718,,,,,,,,fotografía,1.0,comunicacion|evidencia,True,False,False,comunicacion,,0.22,sin_vincular,"/Users/usuario/Desktop/PROFESIONAL/enGira/FINANCIACIÓN/SUBVENCIONES/MINISTERIO DE CULTURA/Industrias Culturales 25/JUSTIFICACION/datos_engira/04_COMUNICACION_Y_DIFUSION/creacion_contenido/investigacion/creatividades/ChatGPT Image 12 jun 2026, 10_40_02.png"
comunicacion,"04_COMUNICACION_Y_DIFUSION/creacion_contenido/investigacion/creatividades/ChatGPT Image 12 jun 2026, 11_45_24.png","ChatGPT Image 12 jun 2026, 11_45_24.png",.png,1000914,imagen,2026-06-12T11:45:25.540034,,,,,,,,fotografía,1.0,comunicacion|evidencia,True,False,False,comunicacion,,0.22,sin_vincular,"/Users/usuario/Desktop/PROFESIONAL/enGira/FINANCIACIÓN/SUBVENCIONES/MINISTERIO DE CULTURA/Industrias Culturales 25/JUSTIFICACION/datos_engira/04_COMUNICACION_Y_DIFUSION/creacion_contenido/investigacion/creatividades/ChatGPT Image 12 jun 2026, 11_45_24.png"
comunicacion,"04_COMUNICACION_Y_DIFUSION/creacion_contenido/investigacion/creatividades/ChatGPT Image 12 jun 2026, 11_45_30.png","ChatGPT Image 12 jun 2026, 11_45_30.png",.png,1086901,imagen,2026-06-12T11:45:31.466964,,,,,,,,fotografía,1.0,comunicacion|evidencia,True,False,False,comunicacion,,0.22,sin_vincular,"/Users/usuario/Desktop/PROFESIONAL/enGira/FINANCIACIÓN/SUBVENCIONES/MINISTERIO DE CULTURA/Industrias Culturales 25/JUSTIFICACION/datos_engira/04_COMUNICACION_Y_DIFUSION/creacion_contenido/investigacion/creatividades/ChatGPT Image 12 jun 2026, 11_45_30.png"
comunicacion,"04_COMUNICACION_Y_DIFUSION/creacion_contenido/investigacion/creatividades/ChatGPT Image 12 jun 2026, 11_35_46.png","ChatGPT Image 12 jun 2026, 11_35_46.png",.png,760432,imagen,2026-06-12T11:35:47.373444,,,,,,,,fotografía,1.0,comunicacion|evidencia,True,False,False,comunicacion,,0.22,sin_vincular,"/Users/usuario/Desktop/PROFESIONAL/enGira/FINANCIACIÓN/SUBVENCIONES/MINISTERIO DE CULTURA/Industrias Culturales 25/JUSTIFICACION/datos_engira/04_COMUNICACION_Y_DIFUSION/creacion_contenido/investigacion/creatividades/ChatGPT Image 12 jun 2026, 11_35_46.png"
comunicacion,"04_COMUNICACION_Y_DIFUSION/creacion_contenido/investigacion/creatividades/ChatGPT Image 12 jun 2026, 11_31_08.png","ChatGPT Image 12 jun 2026, 11_31_08.png",.png,962992,imagen,2026-06-12T11:31:09.684805,,,,,,,,fotografía,1.0,comunicacion|evidencia,True,False,False,comunicacion,,0.22,sin_vincular,"/Users/usuario/Desktop/PROFESIONAL/enGira/FINANCIACIÓN/SUBVENCIONES/MINISTERIO DE CULTURA/Industrias Culturales 25/JUSTIFICACION/datos_engira/04_COMUNICACION_Y_DIFUSION/creacion_contenido/investigacion/creatividades/ChatGPT Image 12 jun 2026, 11_31_08.png"
comunicacion,"04_COMUNICACION_Y_DIFUSION/creacion_contenido/investigacion/creatividades/ChatGPT Image 12 jun 2026, 10_55_11.png","ChatGPT Image 12 jun 2026, 10_55_11.png",.png,1530586,imagen,2026-06-12T10:55:12.356883,,,,,,,,fotografía,1.0,comunicacion|evidencia,True,False,False,comunicacion,,0.22,sin_vincular,"/Users/usuario/Desktop/PROFESIONAL/enGira/FINANCIACIÓN/SUBVENCIONES/MINISTERIO DE CULTURA/Industrias Culturales 25/JUSTIFICACION/datos_engira/04_COMUNICACION_Y_DIFUSION/creacion_contenido/investigacion/creatividades/ChatGPT Image 12 jun 2026, 10_55_11.png"
comunicacion,"04_COMUNICACION_Y_DIFUSION/creacion_contenido/investigacion/creatividades/ChatGPT Image 12 jun 2026, 10_28_39.png","ChatGPT Image 12 jun 2026, 10_28_39.png",.png,1608667,imagen,2026-06-12T10:28:40.014031,,,,,,,,fotografía,1.0,comunicacion|evidencia,True,False,False,comunicacion,,0.22,sin_vincular,"/Users/usuario/Desktop/PROFESIONAL/enGira/FINANCIACIÓN/SUBVENCIONES/MINISTERIO DE CULTURA/Industrias Culturales 25/JUSTIFICACION/datos_engira/04_COMUNICACION_Y_DIFUSION/creacion_contenido/investigacion/creatividades/ChatGPT Image 12 jun 2026, 10_28_39.png"
participantes,05_PARTICIPANTES_Y_COLABORADORES/contrato zeena_signed_signed.pdf,contrato zeena_signed_signed.pdf,.pdf,157571,documento,2026-04-28T12:14:11.199729,2,,13.60|13.600 €,46943079X|G87019253,,,"CONTRATO DE PRESTACIÓN DE SERVICIOS
En Madrid, a 1 de octubre de 2025
REUNIDOS
De una parte,
Dña. María José Moral Morgado, con NIF 46943079X, con domicilio en Calle Dr. Bellido 3
(Madrid), en adelante, LA CONTRATANTE.
Y de otra,
La Asociación Cultural Zeena Producciones Teatrales, con CIF G87019253, con domicilio en Calle
Dr. Bellido 3 (Madrid), representada por su presidenta, en adelante, LA CONTRATISTA.
EXPONEN
Que LA CONTRATANTE es beneficiaria de una subvención para el desarrollo del proyecto enGira!.
Que LA CONTRATISTA cuenta con experiencia acreditada en producción, distribución y
acompañamiento en artes escénicas.
Que ambas partes acuerdan formalizar el presente contrato de prestación de servicios.
CLÁUSULAS
Primera. Objeto
El presente contrato tiene por objeto la prestación de servicios profesionales por parte de LA
CONTRATISTA consistentes en:
* Diseño y desarrollo de programas de acompañamiento profesional a artistas
* Búsqueda de patrocinio
* Diseño de campañas de marketing digital basadas en análisis de datos
Segunda. Duración
El contrato tendrá una duración desde el 1 de octubre de 2025 hasta el 30 de junio de 2026.
Tercera. Importe y forma de pago
El importe total del contrato asciende a 13.600 € (impuestos incluidos).
El pago se realizará mediante la emisión de facturas parciales correspondientes a los servicios
efectivamente prestados.
Cuarta. Naturaleza de la relación
La relación entre las partes es de carácter mercantil.
Quinta. Justificación en el marco de subvenciones
Las partes declaran que el presente contrato se celebra en el marco de una actividad
subvencionada, comprometiéndose a cumplir los requisitos establecidos en la normativa de
subvenciones, incluyendo la justificación del gasto y la adecuación a precios de mercado.
Sexta. Independencia funcional
LA CONTRATISTA actuará con plena autonomía organizativa en la ejecución de los servicios.
Séptima. Resolución
El contrato podrá resolverse por incumplimiento de cualquiera de las partes.
Y en prueba de conformidad, firman ambas partes.
Fdo.
María José Moral Morgado
Fdo.
Asociación Cultural Zeena Producciones Teatrales",contrato,1.0,administracion|laboral|participantes,False,False,False,,ACC-COMERCIALIZACION-396ABB13E0,0.585,pendiente_revision,/Users/usuario/Desktop/PROFESIONAL/enGira/FINANCIACIÓN/SUBVENCIONES/MINISTERIO DE CULTURA/Industrias Culturales 25/JUSTIFICACION/datos_engira/05_PARTICIPANTES_Y_COLABORADORES/contrato zeena_signed_signed.pdf
participantes,05_PARTICIPANTES_Y_COLABORADORES/CONTRATO PRL MARIA JOSE MORAL_signed.pdf,CONTRATO PRL MARIA JOSE MORAL_signed.pdf,.pdf,341721,documento,2024-10-14T10:43:42,13,07/10/2025,"0.30|0.30 €|09.00|1.62|148,00|148,00 €|15,00|15,00 €|19.00|€ 148,00|€ 15,00",46943079X|B25534694,https://app.laboralgroup.com/app/csv/,,"Contrato
6C58313565584F486C33743163773D3D
De una parte la empresa
Razón Social LABORAL RISK SERVICIO DE PREVENCION, S.L.U. CIF B25534694
Y de otra el cliente Nº Contrato: N/24100238
Razón Social MARIA JOSE MORAL MORGADO CIF 46943079X
Representante Maria Jose Moral Morgado DNI 46943079X
Dirección Calle Dr. Bellido 3, 2ª Planta CP 28018 Población Madrid
 Centros de Trabajo
Calle Dr. Bellido 3, 2ª Planta Madrid
 Condiciones económicas
Concepto Cantidad Precio Total
Un trabajador en empresas Oficinas y comercios 1 148,00 € 148,00 €
Precio por la Vigilancia de la Salud 1 15,00 € 15,00 €
 Condiciones Especificas de Contrato Seg., Hig. y Ergon. Med. Trabajo
Ambas partes se reconocen la suficiente capacidad legal para contratar y obligarse, estando a lo que seguidamente se recoge en el presente documento:
CONDICIONES GENERALES DE LA CONTRATACIÓN
DE PRESTACIÓN POR SERVICIO DE PREVENCIÓN AJENO
I. MARCO NORMATIVO EN MATERIA PREVENTIVA.
Que la Ley 31/1995, de 8 de noviembre, de Prevención de Riesgos Laborales, establece los principios generales relativos a la prevención de los riesgos para la
protección de la seguridad y salud de los trabajadores, derivados del art. 40.2 CE y de la ratificación del Convenio 155 de la OIT, siendo el ámbito de aplicación
del presente contrato a trabajadores vinculados con una relación laboral en estricto sensu, personal civil con relación de carácter administrativo o estatutario al
servicio de las Administraciones Públicas, así como los socios trabajadores o de trabajo de los distintos tipos de cooperativas, mediante la promoción de la
mejora de las condiciones de trabajo, como obligación expresa que recae en la figura del empresario.
II. MARCO NORMATIVO REGULATORIO DE LOS SERVICIOS DE PREVENCIÓN.
Real Decreto39/1997, de 17 de enero, y su posterior modificación en el R.D. 337/2010 que aprueba el Reglamento de los Servicios de Prevención, establece, en
su artículo 1, que la prevención debe integrarse en todos los niveles jerárquicos de las empresas, debiendo incluir la prevención de riesgos en cualquier
actividad que realicen u ordenen y en todas las decisiones que adopten, y dedica el Capítulo III a regular las distintas modalidades de organización de recursos
necesarios para el desarrollo de estas actividades preventivas por el empresario.
III. EXCLUSIONES LEGALES POR MATERIA DEL PRESENTE CONTRATO.
Quedan excluidas del ámbito del presente contrato determinadas actividades de policía, seguridad, resguardo aduanero, peritaje forense y protección civil,
centros y establecimientos militares y establecimientos penitenciarios.
IV. DE LOS MODELOS DE ORGANIZACIÓN DE LA ACTIVIDAD PREVENTIVA.
Qué para el cumplimiento del deber de prevención de riesgos laborales, las empresas disponen de cuatro modelos existentes de organización de la actividad
preventiva, debiendo concertar dicha actividad con una o varias entidades especializadas acreditadas administrativamente como servicio de prevención.
V. SUJETOS OBLIGADOS DE LA INTEGRACIÓN DE LA PREVENCIÓN.
El empresario, como sujeto obligado de la gestión y actividad preventiva de la empresa deberá además también contribuir a la integración de la prevención de
los trabajadores y sus representantes, colaborando en la adopción y cumplimiento de las medidas preventivas tal y como se reconoce en el Capítulo V de la ley
31/1995.
Martes 08 de Octubre de 2024
por Laboral Risk Servicio de Prevención por MARIA JOSE MORAL MORGADO
S.L. (VALIDO HASTA 07/10/2025)
Gerente: GERARD FERNANDEZ CASTRO El Representante de la empresa
Contrato
6C58313565584F486C33743163773D3D
VI. DE LA ACREDITACIÓN DE ESPECIALIDADES PREVENTIVAS.
MARIA JOSE MORAL MORGADO (en adelante LA EMPRESA) está interesada está interesada en concertar el servicio de prevención ajeno con LABORAL RISK
SERVICIO DE PREVENCION, S.L. (en adelante LABORAL RISK, S.L.), el cual está dotado al efecto con la preceptiva Acreditación definitiva (SP-004/03-LL) que le
ha sido otorgada por Resolución de la Dirección General de Trabajo y Empleo de la Consejería de Economía y Empleo de Lleida, con fecha 22 de Diciembre de
2003 para las Especialidades Técnicas citadas, conforme a lo establecido en el Capítulo IV del Real Decreto 39/1997 y su posterior modificación en el R.D.
337/2010, anteriormente citado, y su posterior desarrollo, en orden de fecha 27 de junio de 1997 del Ministerio de Trabajo y Asuntos Sociales, para desarrollar
para LA EMPRESA las funciones correspondientes como Servicio de Prevención Ajeno en las siguientes especialidades:
a. SEGURIDAD EN EL TRABAJO;
b. HIGIENE INDUSTRIAL;
c. ERGONOMÍA Y PSICOSOCIOLOGÍA APLICADA;
d. MEDICINA DEL TRABAJO;
VII. DE LA CONCORDANCIA DE VOLUNTADES EN MATERIA DE CONTRATACIÓN.
Que mostrando ambas partes concordancia de voluntades en materia de contratación de servicios, las mismas formalizan el presente CONTRATO PARA LA
PRESTACIÓN DE SERVICIO DE PREVENCIÓN AJENO, de conformidad con las siguientes:
VIII. CLÁUSULAS CONTRACTUALES.
A. OBJETO DEL CONTRATO
El objeto del contrato es la prestación por parte de LABORAL RISK S.L. de las actividades preventivas especificadas en el Documento de Actividades Preventivas,
en el/los centro/s de trabajo y por el precio y la forma de pago pactadas en las Condiciones particulares inseparables al presente clausulado.
La contratación por parte de la empresa podrá abarcar la actividad de Servicio de Prevención Ajeno en las especialidades de SEGURIDAD EN EL TRABAJO,
HIGIENE INDUSTRIAL y ERGONOMÍA y PSICOSOCIOLOGÍA APLICADA y MEDICINA DEL TRABAJO, asumiendo LABORAL RISK S.L., directamente con sus propios
medios, las funciones de Servicio de Prevención Ajeno en condiciones de proporcionar a la EMPRESA lo que oportunamente convenga.
B. OBLIGACIONES DE LA PARTE CONTRATANTE
De las actividades a realizar por LABORAL RISK S.L. (Seguridad en el trabajo, higiene industrial y ergonomía/psicosociología y Medicina en el trabajo), adquiere el
compromiso de dedicar durante la vigencia del presente concierto los recursos humanos y materiales suficientes para el asesoramiento y realización de las
actividades concertadas resultantes del contenido final de la evaluación de riesgos que se efectúe por Laboral Risk a la parte contratante.
De este modo, la mercantil LABORAL RISK S.L. realizará las siguientes tareas y documentos durante la vigencia del presente concierto para la EMPRESA:
1. Plan de Prevención: Diseño, implantación y aplicación del plan de prevención de riesgos laborales que permita la integración en la empresa. Para ello se
establecerá una programación anual por el spa de la política preventiva de la empresa, así como la organización en materia de prevención.
2. Memoria Anual: La elaboración de la Memoria anual preventiva de la empresa por el Servicio de Prevención.
3. Evaluación de riesgos de seguridad industrial: Recogerá el análisis, identificación y evaluación de los riesgos laborales, junto con la proposición/es de
medidas correctoras que se consideren aplicables. La evaluación abarcará las instalaciones (condiciones generales de los lugares de trabajo e
instalaciones de servicio y protección), maquinas (incluyendo sus condiciones/estado en el momento inicial del análisis), mantenimiento de éstas,
certificaciones e inspecciones establecidas en normativa de seguridad industrial. Los estudios específicos en esta materia preventiva tendrán una
valoración económica independiente del presente concierto, que se comunicarán a posteriori a la empresa en un documento de toma de datos al
realizar la primera visita con la empresa, en función de los riesgos existentes.
4. Evaluación de riesgos de higiene industrial: Recogerá la identificación, análisis y evaluación de los riesgos derivados de estos productos, valorándose la
necesidad de realizar mediciones específicas. Estas mediciones tendrán una valoración económica independiente del presente concierto, que se
comunicarán a posteriori a la empresa en un documento de toma de datos al realizar la primera visita con la empresa, en función de los riesgos
existentes.
5. Evaluación de riesgos ergonómicos y psicosociales: Recogerá la identificación, análisis y evaluación de estos riesgos, proponiendo las medidas
correctoras que correspondan. Los estudios específicos en estas materias preventivas tendrán una valoración económica independiente del presente
concierto, que se comunicarán a posteriori a la empresa en un documento de toma de datos al realizar la primera visita con la empresa, en función de
los riesgos existentes.
Martes 08 de Octubre de 2024
por Laboral Risk Servicio de Prevención por MARIA JOSE MORAL MORGADO
S.L. (VALIDO HASTA 07/10/2025)
Gerente: GERARD FERNANDEZ CASTRO El Representante de la empresa
Contrato
6C58313565584F486C33743163773D3D
Los documentos citados anteriormente de evaluación de riesgos podrán constar en formato único, en aras de economía funcional y administrativa.
6. Revisión / actualización de la ERL: El spa procederá a revisar / actualizar el documento/s de ERL por cambios estructurales, industriales, funcionales,
organizativos en la empresa, así como por comunicación del empresario en el caso de aparición de daños para la salud de los trabajadores. Para ello el
empresario se obliga a comunicar de manera fehaciente estas situaciones y facilitará al servicio de prevención el acceso a la información y
documentación a que se refiere el art. 30.3 LPRL para las revisiones y actualizaciones.
7. Actividad de seguimiento: El SPA, en función de la tipología de la empresa contratante, programará una actividad de seguimiento, estando esta
relacionada tanto por la implantación de las actividades preventivas concertadas, así como de su valoración.
8. Obligación de asesoramiento empresarial: El SPA se obliga mediante el presente concierto a asesorar a la empresa contratante en materia preventiva.
Dicho asesoramiento incluirá a los trabajadores contratados por éste, los representantes legalmente elegidos y a los órganos de representación
especializados en materia de prevención de riesgos laborales, en virtud de los arts. concordantes de la LPRL. Para ello LA EMPRESA efectuará una
comunicación documental o relación de trabajadores para ser contemplados en la elaboración de la evaluación de riesgos correspondiente.
9. Actividades no cubiertas por el presente concierto: En el presente contrato no quedarán cubiertas las siguientes actividades: (efectuar listado de
actividades).
C. OBLIGACIONES DE LA PARTE CONTRATANTE.
Para la ejecución de los servicios objeto del presente Contrato, LA EMPRESA:
1. Acceso a instalaciones: Deberá facilitar el acceso a sus instalaciones de los medios humanos y técnicos de LABORAL RISK S.L., necesarios para la
realización de los servicios a prestar, eximiendo por tanto a LABORAL RISK S.L. de cualquier responsabilidad derivada de la imposibilidad de acceso a
dichas instalaciones.
2. Acceso a Datos organizativos empresariales : Deberá facilitar al Servicio de Prevención de LABORAL RISK, con carácter previo a iniciar las actividades
contratadas, toda la información relativa a la organización, características y complejidad del trabajo, procesos de producción de LA EMPRESA, así como la
relación de las materias primas y equipos de trabajo existentes en la misma, además de toda aquella otra que se estime necesaria para el cumplimiento
por LABORAL RISK del objeto del presente Contrato.
La empresa contrata se obliga con la empresa contratada para el correcto ejercicio de sus funciones al acceso a la información y documentación a que se
refiere el art. 30.3 LPRL, proporcionando así de manera fehaciente aquella documentación acreditativa de los datos proporcionados.
3. Primera alta en el servicio: En el caso de que LA EMPRESA sea dada de alta por primera vez para la prestación de los Servicios de Prevención por parte
de LABORAL RISK, se realizará en un mismo día la firma del contrato de Prevención, el Plan de Evaluación de Riesgos Laborales y la Formación de los
trabajadores existentes y dados de alta en LA EMPRESA, estando obligada a facilitar",contrato,1.0,administracion|laboral|participantes,False,False,False,,ACC-GESTORIA-EEEA1E56B7,0.78,automatico,/Users/usuario/Desktop/PROFESIONAL/enGira/FINANCIACIÓN/SUBVENCIONES/MINISTERIO DE CULTURA/Industrias Culturales 25/JUSTIFICACION/datos_engira/05_PARTICIPANTES_Y_COLABORADORES/CONTRATO PRL MARIA JOSE MORAL_signed.pdf
participantes,05_PARTICIPANTES_Y_COLABORADORES/20251104152200_210.pdf,20251104152200_210.pdf,.pdf,346914,documento,2025-11-05T11:54:59.861888,1,07/10/2026|08/10/2025|08/10/2026,2025.11,43731529L|46943079X|B25534694,,,"Certificado de Vigencia
El servicio de Prevención Ajeno LABORAL RISK SERVICIO DE PREVENCIÓN, S.L. con CIF B2553494, domicilio
social en LLeida, C/Corregidor Escofet, 48 y debidamente acreditado a nivel estatal por la Generalitat de
Catalunya con número de registro SP/04/2003, certifica que la organización,
MARIA JOSE MORAL MORGADO
Con CIF 46943079X y domicilio social CALLE DR. BELLIDO 3, 2ª PLANTA, MADRID tiene concertada, de
conformidad con el art. 20 del R.D. 39/1997, con este Servicio de Prevención Ajeno, las siguientes especialidades
preventivas:
· SEGURIDAD EN EL TRABAJO
· HIGIENE INDUSTRIAL
· ERGONOMÍA Y PSICOSOCIOLOGIA
· MEDICINA DEL TRABAJO
Para el/los siguiente/s centro/s de trabajo:
· ITINERANTE - ITINERANTE
Mediante un concierto suscrito entre ambas empresas en fecha 08/10/2025, hasta el 07/10/2026 el cual se encuentra al corriente de pago hasta el
próximo 08/10/2026.
En MADRID a 4 de Noviembre de 2025
Fdo. D. Gerard Fernández Castro
Chief Executive Officer(CEO)
Laboral Risk Servicio de Prevención S.L.
KBvQAROHD3eeHRFvYkjo-gtVPU_RLq1xg== nz9NeoeZ9O9HDWm4RG4pTIWvCDzgG4zjMyhjY1Ul- C.V:
cfw90B2P9Vs-
43731529L Firmado digitalmente por
GERARDO 43731529L GERARDO
FERNANDEZ (R:
FERNANDEZ (R: B25534694 ) Fecha:
B25534694 ) 2025.11.04 15:21:31
+02'00'",certificado,0.267,actividad|evidencia|laboral|participantes,True,False,False,,ACC-LABORAL-2DD02484ED,0.61,pendiente_revision,/Users/usuario/Desktop/PROFESIONAL/enGira/FINANCIACIÓN/SUBVENCIONES/MINISTERIO DE CULTURA/Industrias Culturales 25/JUSTIFICACION/datos_engira/05_PARTICIPANTES_Y_COLABORADORES/20251104152200_210.pdf
participantes,05_PARTICIPANTES_Y_COLABORADORES/contrato_carles_firmado.pdf,contrato_carles_firmado.pdf,.pdf,1558041,documento,2025-09-11T09:38:21,4,,,39359700F|46943079X,,,"6
Cofinanciado por MINISTERIO Fondos Europeos
la Unión Europea DETRABAJO SEPE
Y ECONOMIA SOCIAL
-
CONTRATO DE TRABAJO INDEFINIDO
DATOS DE LA EMPRESA
CIF/NIF/NIE
46943079X
1
D./DNA. 4 N 6 IF 9 / 4 N 3 IE 0 79X 1 EN CONCEPTO (1)
MARIA JOSE MORAL MORGADO TITULAR
NOMBRE O RAZON SOCIAL DE LA EMPRESA DOMICILIO SOCIAL
3-2
MARIA JOSE MORAL MORGADO CL DOCTOR BELLIDO
PAIS 'MUNICIPIO 1C . POSTAL
lilill) 121a1011l9I l21alol4151
ESPAÑA MADRID
DATOS DE LA CUENTA DE COTIZACIÓN
DIGO CUENTA COTIZACI N ACTIVIDAD ECON MICA
al2l6l1lal 1111419151 v
ACTIVIDADES DE CREACIÓN, ARTÍSTICAS ESPECTACULos ~
DATOS DEL CENTRO DE TRABAJO
PAS MUNICIPIO
!21a1011191
ESPAÑA ~ MADRID
DATOS DEUDE LA TRABAJADOR/A
DJDÑA. NIF/NIE FECHA NACIMIENTO Nº AFILIACI N SEGURIDAD SOCIAL
39359700F 1511011977 1ola11 1ol 7111613161 ola Io l
CARLES HARILLO MAGNET
NIVEL FORMATIVO NACIONALIDAD
[O
ESPAÑA ~
ICIPIO DEL DOMICILIO PA S DOMICILIO
l2lalol1191
ID ESPAÑA
asistencia legal, en su caso, de D./Dña ........................................................................................................................................................................ .
NIF/NIE .......................... , en calidad de (2) ................................................................................................................................................................... .
DECLARAN
en los requisitos exigidos para la celebración del presente contrato y, en su consecuencia, acuerdan formalizarlo con arreglo a las siguientes:
CLÁUSULAS
PRIMERA: eVla trabajador/a prestará sus servicios como (3) .~~.~,.~.l?.~!t':1.1.~:!'Rf..:f.l.Y.C?. ..................................................................................................... .
.~.Y.~:. .~ !?.~.1.~!~.T.~T.!Y.<?. .................................................................................................................................................
induido en el grupo profesional de
.~.Y.~.-..~ !?.~.1.~!~I.~T.!Y.<?. ......................................................................................................................................... .
para la realización de las funciones (4)
de acuerdo con el sistema de clasificación profesional vigente en la empresa. En el centro de trabajo ubicado en (calle. nº y localidad)
13.~.s~.,~~.
.~\J ..... 1.C?.r:-!.9.~Rf.. ................................................................................................................................................................................................ .
Trabajo a distancia (5)
16 (6)
SEGUNDA: el contrato se concierta para realizar trabajos fijos-discontinuos de acuerdo con el artículo del Estatuto de los Trabajadores
dentro de la actividad cfctica intermitente de (7) ..................................................................................................................................................................... .
La duración estimada de la actividad será de (8) ................................................................................................................................................................... .
a jamada estimada dentro del período de actividad será de .................... horas (9) .......................................................................................................... ..
la distribución horaria estimada será ................................................................................................................................................................................... .
os/as trabajadores/as serán llamados/as en el orden y forma que se determine en el Convenio Colectivo de
......................................................................................................................................................................................................... o acuerdo de empresa.
s· 1c onvenio coloectiv o de ámbito sectorial permite en los contratos fijos-discontinuos utilizar la modalidad de tiempo parcial, indique si se acoge al
mismo: Osr NO
(1) Director/a, Gerenle, etc.
(2) Padre, madre, tutor/a o persona o lnslitución que le tenga a su cargo.
(3) Indicar la profesión. oficio o puesto de trabajo a desempenar.
(4) Las funciones pueden ser todas las del grupo profesional o solamente alguna de ellas.
I
@
º º FSE+ Fondo Social Europeo Plus
-
l
C
a
o
U
fi
n
n
i
a
ó
n
n
c
E
ia
u
d
r
o
o p
p
e
o
a
r
D
M
E
IN
T
I
R
ST
A
E
B
R
A
I
J
O
O SEPE
Fondos Europeos
Y ECONOMIA SOCW.
TERCERA: la jornada de trabajo será:
Q
A tiempo completo: la jornada de trabajo será de .................... horas semanales, prestadas de ................................... , a ..............................•.... ,
con los descansos establecidos legal o convencionalmente. (1 O).
@ A tiempo parcial: la jornada de trabajo ordinaria será de .?.9-............... horas O al día, ~ a la semana, O al mes, O al año, siendo esta
jornada inferior a la de un trabajador a tiempo completo comparable (11).
La distribución del tiempo de trabajo será de (12) .1?,g. .l, .Y.l':l.s§.~.Y!~g[':l.~!?.P~. .~ . ..Q .Q.~.rn,9.9..t:I... ........................................................................................ ,
conforme a lo previsto en el convenio colectivo.
En el caso de jornada a tiempo parcial señálese si existe o no pacto sobre la realización de horas complementarlas (13): Os1 ONo
CUARTA: la duración del presente contrato será INDEFINIDA, iniciándose la relación laboral en fecha .9.H9.füg9.g~·······• y se establece un periodo de
prueba de (14) ........................................................................................................................................................................................................................
.
QUINTA: eVla trabajador/a percibirá una retribución total de .~.1.9.9. ............................................................ euros brutos (15) .~~.~~.l:!~~~·~·························
que se distribuirán en los siguientes conceptos salariales (16) .~:.~.9.r:-!Y.~!':l.1.9.:-(. . ~ .~~.:.Y9.~!:J.~I_~~.I~ ................................................................................. .
SEXTA: complemento de apoyo al empleo para personas trabajadoras que están percibiendo prestaciones por desempleo (17).
mpresa tiene autorizado un expediente de regulación de empleo (18)
PTIMA: la duración de las vacaciones anuales será de (19) ~ .... ~ 9.r-!Y.~!:J.\9. ..................................................................................................................... .
CTAVA: en lo no previsto en este contrato, se estará a la legislación vigente que resulte de aplicación y particularmente en el Estatuto de los
bajadores y el Convenio Colectivo de
O
OVEN · el presente contrato se formaliza bajo la modalidad de contrato de relevo:Q si NO
Que está en desempleo e inscrito/a como demandante en el Servicio Público de Empleo de .................................................................................... .
Que tiene concertado con la empresa un contrato de duración determinada que fue registrado en el Servicio Público de Empleo de
................................................................................................. , con el número .....•.................................... con fecha .......................... .
el/la trabajador/a de la empresa, D/Dña ............................................................................................................ , nacido el ......................... , que presta
sus servicios en el centro de trabajo ubicado en (calle, nº y localidad) .................................................................................................................................. .
con la profesión de ......................................................................................•................•.........................................................................
, Incluido en el grupo
profesional ...........................................................................................................................................................................
de acuerdo con el sistema
de clasificación profesional vigente en la empresa que reduce su jornada ordinaria de trabajo y su salario en un .......................... (20) por acceder a
la situación de jubilación parcial regulada por el artículo 215 del Real Decreto Legislativo 8/2015, de 30 de octubre, por el que se aprueba el texto
refundido de la Ley General de la Seguridad Social ha suscrito con fecha .......................... , y hasta ........................... el correspondiente contrato de
trabajo a tiempo parcial registrado en el Servicio Público de Empleo de ............................................................................................................................... ,
on el número .......................................... con fecha .......................... .
(5) El trabajo a distancia se regula por lo dispuesto en la Ley 10/2021, de 9 de julio y requiere la firma del correspondiente acuerdo.
(6) Esta cláusula solo se cumplimentará en caso de desarrollar trabajos de carácter fijos discontinuos. Indicar la actividad profesional a desarrollar por eUla trabajador/a.
(7) Indicar la actividad fija discontinua o de temporada de la empresa y su duración.
(8) Diarios. semanales. mensuales o anuales. Detallar Convenio.
(9) Indique el número de horas según convenio colectivo para jornada completa. máximo legal o lo del trabajador a tiempo completo.
(1 O) Indique la jornada del trabajador.
(11) Se entenderá por «trabajador a tiempo completo comparable• a un trabajador a tiempo completo de la misma empresa y centro de trabajo con el mismo tipo de
contrato de trabajo y que realice un trabajo Idéntico o similar. SI en la empresa no hubiera ningún trabajador comparable a tiempo completo. se considerará la jornada a
tiempo completo prevista en el convenio colectivo de aplicación, o, en su defecto, la jornada máxima legal.
@
1 FSE+ Fondo Social Europeo Plus
2
L
-
Cofinanciado por MINISTERIO Fondos Europeos
la Unión Europea OETRABAJO SEPE
Y ECONOMfA SOCIAL
DÉCIMA: ESTE CONTRATO PODRÁ SER COFINANCIADO POR EL FONDO SOCIAL EUROPEO.
UNDÉCIMA: el contenido del presente contrato se comunicará al Servicio Público de Empleo de
.CON.T.~I@. .......................................................................................................................................................................................................................... ,
en el plazo de los 1O días hábiles siguientes a su concertación.
DUODÉCIMA: PROTECCIÓN DE DATOS. -Los datos consignados en el presente modelo tendrán la protección derivada del Reglamento (UE)
2016/679 del Parlamento Europeo, de 27 de abril de 2016 y de la Ley Orgánica 3/2018, de 5 de diciembre.
L-----
(12) Indique la distribución del tiempo de trabajo según el convenio colectivo.
(13) Señálese lo que proceda y en caso afirmativo adjunte el anexo si hay horas complementarlas.
(14) Respetando lo establecido en el artículo 14.1 del Estatuto de los Trabajadores.
(15) Diarios, semanales, mensuales o anuales.
(16) Salario base, complementos salariales, pluses.
(17) Las personas trabajadoras que estén percibiendo subsidio por desempleo o prestación contributiva en las condiciones establecidas en la disposición adicional 59"" del
Texto refundido de ra Ley General de la Seguridad Social aprobado por el Real Decreto Legislativo 8/2015, de 30 de octubre, podrá acceder al complemento de apoyo
al empleo.
(18) No se podrá compatiblfizar el subsidio o la prestación contributiva con el desempeño de un empleo por cuenta ajena cuando la contratación sea efectuada por
empresas que tengan autorizado un expediente de regulación de empleo.
(19) Mínimo: 30 días naturales.
(20) Un mfnlmo del 25 % y un máximo del 75 %. En el supuesto de anticipación del acceso a la jubilación parcial en más de 2 anos respecto a la edad ordinaria de
Jubilación, fa reducción durante el primer año será en",contrato,1.0,administracion|laboral|participantes,False,False,False,,ACC-LABORAL-2DD02484ED,0.61,pendiente_revision,/Users/usuario/Desktop/PROFESIONAL/enGira/FINANCIACIÓN/SUBVENCIONES/MINISTERIO DE CULTURA/Industrias Culturales 25/JUSTIFICACION/datos_engira/05_PARTICIPANTES_Y_COLABORADORES/contrato_carles_firmado.pdf
participantes,05_PARTICIPANTES_Y_COLABORADORES/FUNCIONES DEL PUESTO.docx,FUNCIONES DEL PUESTO.docx,.docx,223718,documento,2026-07-25T13:00:40.287346,,,,,,,"FUNCIONES DEL PUESTO
Formación y planificación:
Definición de enGira!
Acceso y familiarización con entornos de trabajo: enGira!, Brevo, Drive, Trello, Canva, docu-docu, Zoom,…
Revisión de proyecto y definición de objetivos
Establecer fechas de ejecución y crear calendario
Bases de datos:
- Revisar nuevos registros de usuarios
Actualizar base de datos de espacios y festivales
Actualizar datos de contacto con bases de datos de ccaa
Carga circuitos?
Carga Asociaciones?
Listado asociaciones
E-mail marketing:
Elaboración y envío mensual newsletter a artistas con convocatorias
Estrategia de comunicación para programadores (newsletter, encuesta, etc…)
Informes de campañas de newsletter
Comunicación
- Noticias web
- Plan de comunicación en RRSS
Atención al ciente:
Revisión del correo a diario
Seguimiento de nuevos registros y nuevas propuestas
Asistencia y resolución de incidencias
Administración:
- Archivo, documentación y organización de carpetas compartidas
- Contabilidad simple (control de gasto)
- Memoria de actividades y memoria económica
Estrategia comercial:
- llamadas comerciales a programadores
preparación Mercartes (presentaciones, citas, material promocional, ….)
diseño, calendarización y coordinación asistencia en webinars
Diseño servicios premium artistas: promoción en rrss, consultoría,
- coordinación programas de acompañamiento ¿?
Asistencia a ferias
Diseño y audiovisual:
publicaciones de IG
Dossiers comerciales
Roll up mercartes o pantalla y material promocional
- Reels
Estudio y Jornadas ¿?
apoyo en el diseño y la coordinación de las II jornadas
Coordinación estudio artes vivas (encuesta, informes, conclusiones…)",memoria,0.533,actividad|documentacion|laboral|participantes,False,False,False,,ACC-ADMINISTRACION-A0CC1B65E1,1.0,automatico,/Users/usuario/Desktop/PROFESIONAL/enGira/FINANCIACIÓN/SUBVENCIONES/MINISTERIO DE CULTURA/Industrias Culturales 25/JUSTIFICACION/datos_engira/05_PARTICIPANTES_Y_COLABORADORES/FUNCIONES DEL PUESTO.docx
participantes,05_PARTICIPANTES_Y_COLABORADORES/MARIA JOSE MORAL.pdf,MARIA JOSE MORAL.pdf,.pdf,472543,documento,2024-09-04T13:46:56,11,03/09/2024|03/10/2024,"170,00|170,00 €|€ 170,00",B00000000|B25857798,,,"OFERTA DE SERVICIOS
Realización de
trabajos para la
Adecuación al RGPD
Normas de referencia
CLIENTE | MARÍA JOSÉ MORAL MORGADO
REFERENCIA | 1539217/2024
FECHA | 03/09/2024
Presentado por: MAYTE VALER MUNILLA
Presupuesto de Adecuación al RGPD
QUIENES SOMOS
Laboral Group es nuestra entidad especializada en servicios de consultoría, con más de 10 años de experiencia en el ámbito del
cumplimiento normativo para diferentes entidades privadas como empresas, autónomos, comunidades de propietarios,
asociaciones, federaciones y entre otras, así como en entidades públicas.
Trabajamos con un eficaz sistema de gestión que nos permite, de forma personalizada, registrar, documentar y realizar un
seguimiento adecuado para el cumplimiento de normativo, adecuando a nuestros clientes a ellas.
Para ello, contamos con nuestro equipo integrado por expertos consultores especializados en diferentes materias de obligación
empresarial (juristas e informáticos), ubicados en las distintas delegaciones dentro del estado español, con atención permanente
y perfectamente capacitados para la prestación de los servicios solicitados, además de un software patentado diseñado por
nuestros ingenieros y consultores.
En LABORAL GROUP creemos que el desarrollo
profesional, tecnológico y personal es la clave para conseguir el éxito.
Trabajar con Laboral Group
Una vez contratado el servicio, nuestro consultor especializado se pondrá en contacto con la entidad para realizar las
acciones pertinentes.
Proporcionamos evidencias documentadas electrónicamente. De cualquiera de los servicios contratados, mediante los
perfiles habilitados a los clientes en nuestra intranet
Reducimos las visitas y maximizamos el rendimiento.
Mejoramos de la productividad. Favorecemos un mejor compromiso y mayor participación del personal en la empresa, lo
que deriva en una mayor dedicación y productividad.
Mejoramos del clima laboral con la reducción de diferencias entre el personal. La conflictividad laboral se reduce.
Ayudamos a la racionalización de los horarios que contribuye a un uso de los tiempos más racional y a una gestión de los
recursos moderna y más eficiente y favoreciendo la flexibilidad de la entidad.
Ayudamos a desarrollar la creatividad y la innovación de los trabajadores y de la propia empresa.
Ayudamos a reducir de riesgo de sanciones, una de las ventajas más prácticas, debido al aumento de Inspecciones
específicas para detectar incumplimientos de la normativa aplicable en materia de protección de datos.
Ayudamos a aumentar la confianza de los clientes, consumidores, proveedores, trabajadores, etc.
Presupuesto de Adecuación al RGPD
Nuestros productos
Diseñamos todos y cada uno de nuestros productos para ser los más completos y competitivos del mercado, con la firme
convicción de que detrás de cada cliente hay una persona que exige lo mejor y al mejor precio del mercado, un cliente que no
perdona una mala atención y que cuida sus costes al máximo.
SERVICIO DE ADECUACIÓN A LA
PROTECCIÓN DE DATOS
Asistencia profesional en la adecuación a la protección de datos.
SERVICIOS TÉCNICOS
Laboral Group, como grupo especializado en Consultoria Normativa, presta a
entidades clientes de cualquier sector de actividad, diferentes servicios en
materia de adecuación a la protección de datos.
CURSOS
Información sobre los cursos de formación que desarrollamos e impartimos, en
metodología Presencial y e-Learning, en materia de adecuación a la protección
de datos.
LABORAL RGPD
En Laboral Group, somos expertos en inteligencia preventiva, disponemos para usted de innovadores sistemas de trabajo, con
los que conseguimos prestar los servicios de consultoría preventiva de mayor calidad y rigurosidad técnica, al menor coste.
Servicios de Consultoría de Protección de Datos.
Delegado de Protección de Datos externo.
Auditoria en Protección de datos.
Seguridad Alimentaria.
Planes de Igualdad.
Registro Salarial Obligatorio.
Auditoria Retributiva.
Prevención Penal.
Protocolos varios.
Oferta de servicios Adecuación al RGPD | 2
Presupuesto de Adecuación al RGPD
¿Por qué somos la MEJOR OPCIÓN?
Todos le contarán lo mismo, sólo LABORAL GROUP se lo GARANTIZA, cada acción, cada movimiento de nuestra Entidad está
orientado hacia nuestros clientes, sabemos lo que quieren, y se lo damos.
Ofrecemos a nuestros clientes la más amplia variedad de servicios de valor añadido altamente
CALIDAD Y especializados. El mejor servicio integral disponible, con el que además de dar cumplimiento a sus
PRECIO requisitos legales, obtendrá una filosofía de trabajo con la que conseguir la mayor rentabilidad, al
mejor precio del mercado. Nadie nos supera en calidad, ni en precio.
Mejoramos cualquier oferta, superamos cualquier expectativa, incrementamos ampliamente los
COMPETITIVIDAD niveles de atención y servicio, no son solo palabras.
Somos EXPERTOS EN CONSULTORIA
Nos adaptamos a las necesidades específicas de nuestros clientes, con recursos técnicos, humanos y
FLEXIBILIDAD tecnológicos, desarrollando para cada cliente un servicio personalizado en función de sus necesidades y
requisitos.
Todos nuestros servicios están garantizados y avalados por el contrato de prestación de servicios. Nos
comprometemos, por contrato y para siempre, con nuestros clientes, asumiendo explícitamente
GARANTÍA
cualquier tipo de insatisfacción del cliente.
NO MÁS PALABRAS
Nuestros clientes están asesorados permanentemente por un equipo de expertos, quienes se
NUESTRO
responsabilizan responsabilizan de identificar, analizar, evaluar y auditar cualquier opción de mejora
EQUIPO TÉCNICO
para el cumplimiento normativo. Plantean al cliente todas las opciones existentes, para adecuar la
empresa a la normativa sobre protección de datos, además de ser un requisito legal.
“¿Por qué seguir gastando dinero innecesario en
servicios que no necesita, no entiende y/o no recibe?”
En LABORAL GROUP damos respuesta a sus
expectativas,
¡pónganos a prueba!
Oferta de servicios Adecuación al RGPD | 3
Presupuesto de Adecuación al RGPD
Antecedentes
El Reglamento General de Protección de Datos (RGPD) tiene una gran importancia, ya que las entidades deberían adaptarse
para cumplir con esta normativa cuando sea de aplicación.
Hablamos de una normativa europea, un Reglamento de la UE; que es de obligado cumplimiento para los Estados miembros
desde el momento en el que se aprueba, por lo que no hay que incorporarlo al ordenamiento jurídico del propio estado. No
obstante, España con la LOPDGDD existen algunas precisiones en base al RGPD a tener en cuenta.
El objetivo es establecer las normas relativas a la protección de datos de las personas físicas, en lo que respecta al tratamiento de
los datos personales y a la libre circulación de los mismos, de su honor e intimidad personal y familiar, protegiendo los derechos
y libertades de las personas físicas y, en particular, su derecho a la protección de los datos personales.
El RGPD y la LOPDGDD son de obligado cumplimiento a toda entidad o empresa física o jurídica, pública o privada, que posea
datos de carácter personal que contengan información susceptible de recogida, registro, tratamiento o transmisión,
concerniente a una persona física identificada o identificable.
Por lo tanto, todas aquellas empresas o autónomos que posean datos personales de clientes, proveedores, socios, personal,
pacientes, asegurados, etc, están obligadas a su cumplimiento.
Objeto
El presente documento, en su apartado 4, tiene por objeto presupuestar la prestación de servicios que realiza LABORAL RGPD,
elaborado por LABORAL RGPD, a MARÍA JOSÉ MORAL MORGADO, tendente al cumplimiento de las Obligaciones y Derechos
documentales contenidos en las distintas normas vigentes en materia de Protección de Datos de Carácter Personal, para
adecuar de tal forma la entidad al RGPD y en la LOPDGDD.
Por otra parte, en el apartado 5, tiene por objeto presupuestar la prestación de servicios formativos que realiza LABORAL LEARN,
a MARÍA JOSÉ MORAL MORGADO, tendente al cumplimiento de los estándares de calidad en cursos de formación de las
diferentes normas, convenios y fundaciones.
Oferta de servicios Adecuación al RGPD | 4
Presupuesto de Adecuación al RGPD
Oferta de Servicios Adecuación al RGPD
Los servicios y acciones que en LABORAL RGPD prestamos a nuestros clientes, en caso de aceptación del presupuesto, se
concretan en los siguientes apartados.
En un plazo de 48 horas desde la aceptación del presupuesto, el consultor asignado a su entidad se pone en contacto vía
telefónica y/o email para concertar la visita.
Mediante las entrevistas oportunas con los representantes, personal que estos designen, etc, de MARÍA JOSÉ MORAL MORGADO,
procedemos a la recopilación de toda la información necesaria para adecuar la entidad a las normativas de protección de datos,
como la identificación del tratamiento de datos personales que se lleven a cabo en la entidad durante el desarrollo de su
actividad, los riesgos derivados de estos tratamientos que afecten al honor, la intimidad y demás derechos fundamentales de los
afectados, además del personal autorizado al tratamiento de datos, encargados del tratamiento, etc.
1. Elaboración del análisis del tratamiento
Tanto el RGPD en su artículo 30, como la LOPDGDD en su artículo 31, exigen la elaboración y redacción por escrito, en formato
papel o electrónico, de un Registro de las Actividades de Tratamiento de datos personales.
Para la realización del análisis de riesgos y, por lo tanto, dar cumplimiento a las normativas dotando del contenido mínimo
especificado en los citados artículos, en LABORAL RGPD llevaremos a cabo las siguientes acciones:
Identificamos el tratamiento de datos personales que se llevan a cabo en la entidad durante el desarrollo de su actividad.
Una vez claros los diferentes tratamientos, recopilamos el origen, las causas de legitimación para el tratamiento de los
datos, afectados, que datos se tratan, finalidad o finalidades del tratamiento, personal autorizado para tratar datos en la
entidad, donde se almacenan, que medidas de seguridad se aplican, cuando finalizará el tratamiento, la existencia de
transferencia internacional, la existencia de cesión y la destrucción entre otros.
Para finalizar, procedemos a identificar los riesgos y hacer las recomendaciones pertinentes mediante unas medidas de
seguridad por cada uno de ellos, además de realizar un análisis de la necesidad, o no, de la realización de evaluación de
impacto de protección de datos personales (EIPD).
2. Elaboración de consentimientos
Uno de los objetivos del RGPD es reforzar la protección de los datos de los ciudadanos europeos, por ende, el consentimiento
adquiere una mayor relevancia.
Del RGPD en su artículo 6.1.a y la LOPDGDD en su artículo 6 se entiende que será lícito el tratamiento de datos personales, entre
otros motivos, cuando el afectado preste su consentimiento libre, expreso e inequívoco, para uno o varios fines específicos.
A partir de la información recogida y contrastada, en LABORAL RGPD creamos, de forma personalizada, y subimos a nuestra
plataforma web, los consentimientos que deberán utilizar para el lícito tratamiento de datos.
Dichos consentimientos, se realizan en base a las condiciones establecidas en el artículo 13 del RGPD, utilizando el método de la
doble capa, la primera de información básica y la segunda de información adicional.
Oferta de servicios Adecuación al RGPD | 5
Presupuesto de Adecuación al RGPD
3. Elaboración de contratos de usuarios autorizados
El RGPD habla del Principio de Responsabilidad Proactiva, que responde a la necesidad de que el responsable del tratamiento
aplique las medidas técnicas y organizativas apropiadas, a fin de garantizar y poder demostrar que el tratamiento de los datos
personales se realiza conforme a las normativas RGPD y LOPDGDD.
En cuanto a las medidas organizativas, informar al personal autorizado para el acceso y tratamiento de datos es esencial para
cumplir con una correcta política en materia de protección de datos.
En LABORAL RGPD redactamos y envi",factura,0.667,economica|gasto|laboral|participantes,False,True,False,,ACC-ADMINISTRACION-4BB25BB8C5,0.78,automatico,/Users/usuario/Desktop/PROFESIONAL/enGira/FINANCIACIÓN/SUBVENCIONES/MINISTERIO DE CULTURA/Industrias Culturales 25/JUSTIFICACION/datos_engira/05_PARTICIPANTES_Y_COLABORADORES/MARIA JOSE MORAL.pdf
participantes,05_PARTICIPANTES_Y_COLABORADORES/CONTRATO_PRESTADOR_SERVICIOS_FIRMADO_MARIA JOSE MORAL.pdf,CONTRATO_PRESTADOR_SERVICIOS_FIRMADO_MARIA JOSE MORAL.pdf,.pdf,80096,documento,2024-10-11T10:17:54,2,,,,,,"CONTRATO
Contrato Prestador de Servicio
CCOONNTTRRAATTOO DDEE PPRREESSTTAACCIIÓÓNN DDEE SSEERRVVIICCIIOOSS SSEEGGÚÚNN EELL RREEGGLLAAMMEENNTTOO GGEENNEERRAALL DDEE
PPRROOTTEECCCCIIÓÓNN DDEE DDAATTOOSS 22001166//667799 DDEELL PPAARRLLAAMMEENNTTOO EEUURROOPPEEOO YY DDEELL CCOONNSSEEJJOO,, DDEELL 2277
DDEE AABBRRIILL DDEELL 22001166
EEnn MMAADDRRIIDD aa 1111 ddee OOccttuubbrree ddee 22002244
RREEUUNNIIDDOOSS
De una parte, D. MMAARRIIAA JJOOSSEE MMOORRAALL MMOORRGGAADDOO, mayor de edad y con D.N.I. nº 4466994433007799XX, como representante de la empresa
MMAARRIIAA JJOOSSEE MMOORRAALL MMOORRGGAADDOO con CIF nº 4466994433007799XX y con direccion en CCAALLLLEE DDRR.. BBEELLLLIIDDOO 33,, 22ªª PPLLAANNTTAA -- ((2288001188))
MMAADDRRIIDD, en adelante, el Responsable del Tratamiento.
Y de otra, D. RAFAEL TERRERO MAURI , mayor de edad y con D.N.I. nº 5500117744443333WW, como representante legal de la empresa RRAAFFAAEELL
TTEERRRREERROO MMAAUURRII con CIF nº 5500117744443333WW y con direccion en CCAALLLLEE RROOMMAA,, NNúúMMEERROO 4466,, EESSCCAALLEERRAA DDEERREECCHHAA,, PPLLAANNTTAA 22 PPTTAA..
AA,, -- ((2288002288)) MMAADDRRIIDD, en adelante, el Prestador del Servicio.
IINNTTEERRVVIIEENNEENN
Ambas partes se declaran, según intervienen, con capacidad suficiente para suscribir el presente CONTRATO DE ACCESO A DATOS POR
CUENTA DE TERCEROS, y puestas previamente de acuerdo,
MMAANNIIFFIIEESSTTAANN
I.- Que el PRESTADOR DE SERVICIOS se halla en la actualidad, prestando determinados servicios (que se detallan en ESTIPULACIONES:
SEGUNDA.- Descripción de los trabajos a realizar.) al Responsable del tratamiento.
II.- Para el correcto cumplimiento de estos servicios, el Encargado no tiene autorización para tratar datos de carácter personal del
Responsable del tratamiento.
III.- En cumplimiento de lo dispuesto en el Reglamento General de Protección de Datos 2016/679,(en adelante, RGPD), es intención de
ambas partes establecer las obligaciones y responsabilidades que corresponden a cada una de ellas en el tratamiento de los datos de
carácter personal, con arreglo a las siguientes:
EESSTTIIPPUULLAACCIIOONNEESS
PPRRIIMMEERRAA..-- DDeeffiinniicciioonneess..
De conformidad con las definiciones recogidas en la RGPD, a los efectos de lo dispuesto en este Contrato, se entenderá por:
DDaattooss ddee ccaarráácctteerr ppeerrssoonnaall:: Toda información sobre una persona física identificada o identificable («el interesado»); se considerará
persona física identificable toda persona cuya identidad pueda determinarse, directa o indirectamente, en particular mediante un
identificador, como por ejemplo un nombre, un número de identificación, datos de localización, un identificador en línea o uno o varios
elementos propios de la identidad física, fisiológica, genética, psíquica, económica, cultural o social de dicha persona.
TTrraattaammiieennttoo:: Cualquier operación o conjunto de operaciones realizadas sobre datos personales o conjuntos de datos personales, ya
sea por procedimientos automatizados o no, como la recogida, registro, organización, estructuración, conservación, adaptación o
modificación, extracción, consulta, utilización, comunicación por transmisión, difusión o cualquier otra forma de habilitación de acceso,
cotejo o interconexión, limitación, supresión o destrucción;
FFiicchheerroo:: Todo conjunto estructurado de datos personales, accesibles con arreglo a criterios determinados, ya sea centralizado,
descentralizado o repartido de forma funcional o geográfica.
RReessppoonnssaabbllee ddeell ttrraattaammiieennttoo oo rreessppoonnssaabbllee:: La persona física o jurídica, autoridad pública, servicio u otro organismo que, solo o
junto con otros, determine los fines y medios del tratamiento; si el Derecho de la Unión o de los Estados miembros determina los fines y
medios del tratamiento, el responsable del tratamiento o los criterios específicos para su nombramiento podrá establecerlos el Derecho
de la Unión o de los Estados miembros;
PPrreessttaaddoorr ddee SSeerrvviicciioo oo eennccaarrggaaddoo:: La persona física o jurídica, autoridad pública, servicio u otro organismo que trate datos
personales por cuenta del responsable del tratamiento.
LLiimmiittaacciióónn ddeell ttrraattaammiieennttoo:: El marcado de los datos de carácter personal conservados con el fin de limitar su tratamiento en el
futuro.
CCoonnsseennttiimmiieennttoo ddeell iinntteerreessaaddoo:: Toda manifestación de voluntad libre, específica, informada e inequívoca por la que el interesado
acepta, ya sea mediante una declaración o una clara acción afirmativa, el tratamiento de datos personales que le conciernen.
DDeessttiinnaattaarriioo:: La persona física o jurídica, autoridad pública, servicio u otro organismo al que se comuniquen datos personales, se trate
o no de un tercero. No obstante, no se considerarán destinatarios las autoridades públicas que puedan recibir datos personales en el
marco de una investigación concreta de conformidad con el Derecho de la Unión o de los Estados miembros; el tratamiento de tales
datos por dichas autoridades públicas será conforme con las normas en materia de protección de datos aplicables a los fines del
tratamiento.
REF4E6A55324D413D3D Página 1 de 2
1 / 2
CONTRATO
Contrato Prestador de Servicio
TTeerrcceerroo:: Persona física o jurídica, autoridad pública, servicio u organismo distinto del interesado, del responsable del tratamiento, del
encargado del tratamiento y de las personas autorizadas para tratar los datos personales bajo la autoridad directa del responsable o del
encargado.
SSEEGGUUNNDDAA..-- DDeessccrriippcciióónn ddee llooss ttrraabbaajjooss aa rreeaalliizzaarr..
Los trabajos a realizar por parte del prestador de servicios al responsable seran:
INFORMATICO
TTEERRCCEERRAA..-- PPrroohhiibbiicciióónn ddee ttrraattaarr aa llooss ddaattooss ddee ccaarráácctteerr ppeerrssoonnaall..
El personal del Prestador del Servicio tiene prohibido, terminantemente, el tratamiento de los datos personales, contenidos en los
diferentes soportes, informático o en papel, así como en los recursos del sistema de información, para la realización del trabajo
encomendado.
En caso de haber tenido un acceso o conocimiento, directo o indirecto, de datos personales tratados por el responsable, el encargado
será considerado como Responsable, respondiendo así, de las infracciones previstas y fijadas en la citada norma.
CCUUAARRTTAA..-- DDeebbeerr ddee sseeccrreettoo..
Si por motivo de la realización del trabajo, el personal de RAFAEL TERRERO MAURI hubiere tenido acceso o conocimiento, directo o
indirecto, de datos de carácter personal tratados por MARIA JOSE MORAL MORGADO, tendrá la obligación de mantener el deber de
secreto respecto a la información accedida, aun después de haber cesado su relación laboral con RAFAEL TERRERO MAURI .
Es obligación de este último, comunicar este deber a su personal, así como cuidar de su cumplimiento
En el caso de que el personal de RAFAEL TERRERO MAURI incumpla con el deber de secreto, efectuare una cesión o comunicación de los
datos personales a terceros (entendiendo ésta como la revelación de datos personales a persona distinta del titular de los datos), o los
utilizase para cualquier otro menester, a los efectos del Reglamento General de Protección de Datos 2016/679 del Parlamento Europeo y
del Consejo, del 27 de abril del 2016, el encargado será considerado como Responsable del tratamiento, respondiendo así, de las
infracciones previstas y fijadas en la citada norma.
QQUUIINNTTAA..-- FFuueerroo..
Ambas partes se comprometen a respetar, en el cumplimiento de las obligaciones que se derivan de este documento, toda la legislación
que resulte aplicable, muy en particular, las obligaciones impuestas y determinadas por el Reglamento General de Protección de Datos
2016/679 del Parlamento Europeo y del Consejo, del 27 de abril del 2016. Cada parte deberá hacer frente a la responsabilidad que se
derive de su propio incumplimiento de dicha legislación y normativa.
SSEEXXTTAA..-- RReessppoonnssaabbiilliiddaadd..
Las partes, para la resolución de cualquier conflicto que pudiera surgir en la interpretación y aplicación del presente documento, se
someten a la jurisdicción de los Juzgados y Tribunales donde se encuentra la sede del Responsable del tratamiento, con renuncia expresa
al fuero que por Ley pudiera corresponderles.
REF4E6A55324D413D3D Página 2 de 2
Powered by TCPDF (www.tcpdf.org)
2 / 2",contrato,1.0,administracion|laboral|participantes,False,False,False,,ACC-LABORAL-2DD02484ED,0.61,pendiente_revision,/Users/usuario/Desktop/PROFESIONAL/enGira/FINANCIACIÓN/SUBVENCIONES/MINISTERIO DE CULTURA/Industrias Culturales 25/JUSTIFICACION/datos_engira/05_PARTICIPANTES_Y_COLABORADORES/CONTRATO_PRESTADOR_SERVICIOS_FIRMADO_MARIA JOSE MORAL.pdf
participantes,05_PARTICIPANTES_Y_COLABORADORES/20251104152206_781.pdf,20251104152206_781.pdf,.pdf,68153,documento,2025-11-05T11:55:02.676556,1,,,B25534694,,,"Datos Empresa
Razón Social CIF
Dirección CP Población
Email Teléfono Móvil
Consentimiento para la realización de reconocimientos médicos
Le comunico que en cumplimiento del art. 22 de la ley 31/95 de Prevención de Riesgos Laborales, que establece la necesidad de vigilar periódicamente el estado de
salud de los trabajadores en función de los riesgos inherentes al trabajo. Nuestro Servicio de Prevención de Riesgos Laborales le propone la realización del
correspondiente reconocimiento médico, como trabajador expuesto a riesgos relacionados con su puesto de trabajo, con el fin de valorar su aptitud para el mismo.
Este reconocimiento se llevará a cabo en las instalaciones médicas más próximas a su centro de trabajo. El examen de salud constará de una recogida de
antecedentes médicos y del estado de salud actual, de una exploración física y de pruebas complementarias, en el caso de que sean necesarias. Estos exámenes se
harán respetando el derecho a la intimidad, dignidad y confidencialidad de toda la información relacionada con su estado de salud. Teniendo en cuenta la
voluntariedad de dicho examen, es necesario que marque una de las dos casillas.
SI doy mi consentimiento para la realización del reconocimiento médico
NO doy mi consentimiento para la realización del reconocimiento médico
Posteriormente se le remitirá, por SMS, la clave de acceso a nuestra plataforma. En caso de realizar la revisión médica, podrá acceder a los resultados médicos
mediante dicha plataforma. Para cualquier aclaración puede ponerse en contacto con el Servicio de Prevención de Riesgos Laborales en horario de 9 a 14 H y de 16 a
19 H en el teléfono 902 999 551.
Datos Trabajador
Nombre DNI
F. Nacimiento Móvil
Política de Privacidad de Datos
De acuerdo con lo establecido en el artículo 7 del Reglamento (UE) 2016/679 del Parlamento Europeo y del Consejo, de 27 de abril de 2016, relativo a la protección de
las personas físicas en lo que respecta al tratamiento de datos personales y a la libre circulación de estos datos, el interesado concede su consentimiento libre y
expreso en el tratamiento de sus datos personales, por parte del responsable del tratamiento LABORAL RISK SERVICIO DE PREVENCIÓN S.L En base al derecho de
información establecido en el artículo 12 del mismo RPGD y el artículo 11 de la LOPDGDD, se le facilita la siguiente información, que se implementará detalladamente
con información adicional, en el caso que la requiera, enviando un email a info@laboralrgpd.com Responsable del tratamiento Laboral Risk Servicio de Prevención S.L
con CIF B25534694 ubicado en la calle Corregidor Escofet, 48 CP25005 de Lleida. El Delegado de Protección de Datos de la entidad es Alexandre Martin Gonzalez. La
finalidad del tratamiento es la creación de una plataforma online en la página web www.laboralgroup.com , donde el interesado podrá acceder a la información en
materia de prevención de riesgos laborales y vigilancia de la salud, además de la recepción de un SMS, donde indicaremos la forma y contraseña de acceso a dicha
plataforma. En caso de aceptación al reconocimiento médico, la finalidad del tratamiento es la realización del reconocimiento médico por parte del interesado en
cumplimiento de lo establecido en el artículo 22 de la Ley 31/1995 de PRL. Además, los aptos médicos quedarán a disposición de la empresa y el trabajador afectado
dentro de sus perfiles respectivos. Por otra parte, los resultados médicos quedarán a disposición, únicamente, del trabajador afectado, mediante su perfil y, quedará
sujeto a la voluntad del trabajador, cuando quieran recibirlos de forma distinta a la especificada. Para ello, el trabajador o la empresa del afectado deberán enviar un
email a vigilancia@laboralgroup.com , indicando la forma de envío que desean, eximiendo en todo caso, de cualquier tipo de responsabilidad a Laboral Risk Servicio
de Prevención S.L En caso de renuncia al reconocimiento médico, la finalidad del tratamiento es el almacenamiento del historial del trabajador para el cumplimiento de
lo establecido en el artículo 22 de la Ley 31/1995 de PRL. La legitimación para la realización el consentimiento por parte del propio interesado. En caso que la revisión
se haya hecho en un centro médico concertado, dichos datos serán tratados por los propios centros médicos como encargados del tratamiento. En caso de realizarse
la revisión en uno de nuestros centros NO existe cesión de datos. Los derechos de acceso, cancelación, portabilidad, rectificación, limitación del tratamiento y
oposición enviando email a info@laboralrgpd.com , el DPO de la empresa se encargará del correcto ejercicio. El tratamiento finalizará una vez cumplidas las
obligaciones como servicio de vigilancia de la salud del trabajador, almacenándose conforme establece la normativa específica, en su caso.
por el trabajador",transferencia,0.667,economica|laboral|pago|participantes,False,True,True,,ACC-GESTORIA-EEEA1E56B7,0.78,automatico,/Users/usuario/Desktop/PROFESIONAL/enGira/FINANCIACIÓN/SUBVENCIONES/MINISTERIO DE CULTURA/Industrias Culturales 25/JUSTIFICACION/datos_engira/05_PARTICIPANTES_Y_COLABORADORES/20251104152206_781.pdf
participantes,05_PARTICIPANTES_Y_COLABORADORES/redespidotrabajador/recibo finiq. maria jose 311025.pdf,recibo finiq. maria jose 311025.pdf,.pdf,470688,documento,2025-10-31T13:21:14,1,,,,,,"RECIBO DE FINIQUITO
Don/ña
He recibido de la empresa , con domicilio en la
calle , la
cantidad DE EUROS en concepto de
liquidación que me pertenece por la rescisión del contrato de trabajo que me unía a la misma.
Con la firma del presente documento me doy por saldado y finiquitado por todos los devengos,
incluidas las vacaciones, que tengo derecho por la prestación de mi trabajo,
comprometiéndome a nada más pedir ni reclamar que pudiera derivarse de mi relación laboral
con la empresa en la
que he prestado mis servicios como , desde el de de
hasta el de de , fecha en que causo baja por
.
DEVENGOS DEDUCCIONES
Total devengado: Total deducido:
TOTAL LÍQUIDO :
El importe líquido se hará:
[ ] Con talón número .
[ ] Transferencia bancaria a la cuenta donde habitualmente se percibía la nómina.
[ ] Pago en efectivo en este mismo acto.
Y para que conste a los efectos oportunos y en prueba de conformidad con todo lo expuesto,
firmo el presente documento de finiquito.
POR LA EMPRESA RECIBI
FDO: FDO:
Trabajador usa de su derecho a que esté en la firma un representante legal de los trabajadores.
[ ] Si [ ] No",recibo,0.8,economica|gasto|laboral|participantes,False,True,False,comunicacion,ACC-LABORAL-2DD02484ED,0.61,pendiente_revision,/Users/usuario/Desktop/PROFESIONAL/enGira/FINANCIACIÓN/SUBVENCIONES/MINISTERIO DE CULTURA/Industrias Culturales 25/JUSTIFICACION/datos_engira/05_PARTICIPANTES_Y_COLABORADORES/redespidotrabajador/recibo finiq. maria jose 311025.pdf
participantes,05_PARTICIPANTES_Y_COLABORADORES/redespidotrabajador/despido carles 311025.doc,despido carles 311025.doc,.doc,30720,documento,2025-10-31T13:21:14,,,,,,,,documento_generico,0.3,documentacion|laboral|participantes,False,False,False,comunicacion,,0.195,sin_vincular,/Users/usuario/Desktop/PROFESIONAL/enGira/FINANCIACIÓN/SUBVENCIONES/MINISTERIO DE CULTURA/Industrias Culturales 25/JUSTIFICACION/datos_engira/05_PARTICIPANTES_Y_COLABORADORES/redespidotrabajador/despido carles 311025.doc
participantes,05_PARTICIPANTES_Y_COLABORADORES/redespidotrabajador/finiq. maria jose 311025.pdf,finiq. maria jose 311025.pdf,.pdf,379558,documento,2025-10-31T13:21:14,1,,,,,,"EMPRESA TRABAJADOR
Domicilio: NIF: Número de trabajador:
N.A.S.S.: Grupo Cotización:
CIF:
Categoría o Grupo Profesional:
CCC: Fecha de Antigüedad:
Periodo de liquidación:
I DEVENGOS TOTALES
1.Percepciones salariales 2.Percepciones no salariales
A. TOTAL DEVENGADO
II DEDUCCIONES
1.Aportación del trabajador a las cotizaciones a la Seguridad Social y 2.I.R.P.F.
conceptos de recaudación conjunta 3.Anticipos
4.Valor de productos recibidos en especie.
Contingencias Comunes
5.Otras deducciones:
Desempleo
Formación Profesional
Horas extraordinarias
M.E.I.
C.A.S. B. TOTAL A DEDUCIR
TOTAL APORTACIONES
LÍQUIDO TOTAL A PERCIBIR (A-B)
Firma y sello de la Empresa
de de
RECIBÍ
DETERMINACIÓN DE LAS BASES DE COTIZACIÓN A LA SEGURIDAD SOCIAL Y CONCEPTOS DE RECAUDACIÓN CONJUNTA Y
DE LA BASE SUJETA A RETENCIÓN DEL IRPF Y APORTACIÓN DE LA EMPRESA
CONCEPTO BASE TIPO APORTACIÓN CONCEPTO BASE TIPO APORTACIÓN
1.Contingencias comunes: EMPRESA 2.Contingencias profesionales y EMPRESA
Importe remuneración conceptos de recaudación conjunta:
mensual AT y EP
Importe prorrata pagas Desempleo
extraordinarias Formación profesional
M.E.I.
Fondo Garantía Salarial
C.A.S.
3.Horas extraordinarias
TOTAL 4.Base sujeta a retención de IRPF",nomina,0.667,economica|laboral|participantes,False,True,False,comunicacion,ACC-FORMACION-4EE5B508E3,0.48,pendiente_revision,/Users/usuario/Desktop/PROFESIONAL/enGira/FINANCIACIÓN/SUBVENCIONES/MINISTERIO DE CULTURA/Industrias Culturales 25/JUSTIFICACION/datos_engira/05_PARTICIPANTES_Y_COLABORADORES/redespidotrabajador/finiq. maria jose 311025.pdf
participantes,05_PARTICIPANTES_Y_COLABORADORES/rebajanuevaempleadaautnoma/recibo finiq. darlene 241125.pdf,recibo finiq. darlene 241125.pdf,.pdf,470566,documento,2025-11-25T12:12:22,1,,,,,,"RECIBO DE FINIQUITO
Don/ña
He recibido de la empresa , con domicilio en la
calle , la
cantidad DE EUROS en concepto de
liquidación que me pertenece por la rescisión del contrato de trabajo que me unía a la misma.
Con la firma del presente documento me doy por saldado y finiquitado por todos los devengos,
incluidas las vacaciones, que tengo derecho por la prestación de mi trabajo,
comprometiéndome a nada más pedir ni reclamar que pudiera derivarse de mi relación laboral
con la empresa en la
que he prestado mis servicios como , desde el de de
hasta el de de , fecha en que causo baja por
.
DEVENGOS DEDUCCIONES
Total devengado: Total deducido:
TOTAL LÍQUIDO :
El importe líquido se hará:
[ ] Con talón número .
[ ] Transferencia bancaria a la cuenta donde habitualmente se percibía la nómina.
[ ] Pago en efectivo en este mismo acto.
Y para que conste a los efectos oportunos y en prueba de conformidad con todo lo expuesto,
firmo el presente documento de finiquito.
POR LA EMPRESA RECIBI
FDO: FDO:
Trabajador usa de su derecho a que esté en la firma un representante legal de los trabajadores.
[ ] Si [ ] No",recibo,0.8,economica|gasto|laboral|participantes,False,True,False,,ACC-LABORAL-2DD02484ED,0.61,pendiente_revision,/Users/usuario/Desktop/PROFESIONAL/enGira/FINANCIACIÓN/SUBVENCIONES/MINISTERIO DE CULTURA/Industrias Culturales 25/JUSTIFICACION/datos_engira/05_PARTICIPANTES_Y_COLABORADORES/rebajanuevaempleadaautnoma/recibo finiq. darlene 241125.pdf
participantes,05_PARTICIPANTES_Y_COLABORADORES/rebajanuevaempleadaautnoma/no sup. pp darlene 241125.rtf,no sup. pp darlene 241125.rtf,.rtf,21835,otro,2025-11-25T12:12:22,,,,,,,,documento_generico,0.3,documentacion|laboral|participantes,False,False,False,,,0.195,sin_vincular,/Users/usuario/Desktop/PROFESIONAL/enGira/FINANCIACIÓN/SUBVENCIONES/MINISTERIO DE CULTURA/Industrias Culturales 25/JUSTIFICACION/datos_engira/05_PARTICIPANTES_Y_COLABORADORES/rebajanuevaempleadaautnoma/no sup. pp darlene 241125.rtf
participantes,05_PARTICIPANTES_Y_COLABORADORES/rebajanuevaempleadaautnoma/finiq. darlene 241125.pdf,finiq. darlene 241125.pdf,.pdf,379075,documento,2025-11-25T12:12:22,1,,,,,,"EMPRESA TRABAJADOR
Domicilio: NIF: Número de trabajador:
N.A.S.S.: Grupo Cotización:
CIF:
Categoría o Grupo Profesional:
CCC: Fecha de Antigüedad:
Periodo de liquidación:
I DEVENGOS TOTALES
1.Percepciones salariales 2.Percepciones no salariales
A. TOTAL DEVENGADO
II DEDUCCIONES
1.Aportación del trabajador a las cotizaciones a la Seguridad Social y 2.I.R.P.F.
conceptos de recaudación conjunta 3.Anticipos
4.Valor de productos recibidos en especie.
Contingencias Comunes
5.Otras deducciones:
Desempleo
Formación Profesional
Horas extraordinarias
M.E.I.
C.A.S. B. TOTAL A DEDUCIR
TOTAL APORTACIONES
LÍQUIDO TOTAL A PERCIBIR (A-B)
Firma y sello de la Empresa
de de
RECIBÍ
DETERMINACIÓN DE LAS BASES DE COTIZACIÓN A LA SEGURIDAD SOCIAL Y CONCEPTOS DE RECAUDACIÓN CONJUNTA Y
DE LA BASE SUJETA A RETENCIÓN DEL IRPF Y APORTACIÓN DE LA EMPRESA
CONCEPTO BASE TIPO APORTACIÓN CONCEPTO BASE TIPO APORTACIÓN
1.Contingencias comunes: EMPRESA 2.Contingencias profesionales y EMPRESA
Importe remuneración conceptos de recaudación conjunta:
mensual AT y EP
Importe prorrata pagas Desempleo
extraordinarias Formación profesional
M.E.I.
Fondo Garantía Salarial
C.A.S.
3.Horas extraordinarias
TOTAL 4.Base sujeta a retención de IRPF",nomina,0.667,economica|laboral|participantes,False,True,False,,ACC-FORMACION-4EE5B508E3,0.48,pendiente_revision,/Users/usuario/Desktop/PROFESIONAL/enGira/FINANCIACIÓN/SUBVENCIONES/MINISTERIO DE CULTURA/Industrias Culturales 25/JUSTIFICACION/datos_engira/05_PARTICIPANTES_Y_COLABORADORES/rebajanuevaempleadaautnoma/finiq. darlene 241125.pdf
participantes,05_PARTICIPANTES_Y_COLABORADORES/NÓMINAS/Copia de NOM_CARLES_HARILLO_signed.pdf,Copia de NOM_CARLES_HARILLO_signed.pdf,.pdf,306549,documento,2025-10-08T10:53:30.434876,1,,,,,,"EMPRESA TRABAJADOR
Domicilio: NIF: Número de trabajador:
N.A.S.S.: Grupo Cotización:
CIF:
Categoría o Grupo Profesional:
CCC: Fecha de Antigüedad:
Periodo de liquidación:
I DEVENGOS TOTALES
1.Percepciones salariales 2.Percepciones no salariales
A. TOTAL DEVENGADO
II DEDUCCIONES
1.Aportación del trabajador a las cotizaciones a la Seguridad Social y 2.I.R.P.F.
conceptos de recaudación conjunta 3.Anticipos
4.Valor de productos recibidos en especie.
Contingencias Comunes
5.Otras deducciones:
Desempleo
Formación Profesional
Horas extraordinarias
M.E.I.
C.A.S. B. TOTAL A DEDUCIR
TOTAL APORTACIONES
LÍQUIDO TOTAL A PERCIBIR (A-B)
Firma y sello de la Empresa
de de
RECIBÍ
DETERMINACIÓN DE LAS BASES DE COTIZACIÓN A LA SEGURIDAD SOCIAL Y CONCEPTOS DE RECAUDACIÓN CONJUNTA Y
DE LA BASE SUJETA A RETENCIÓN DEL IRPF Y APORTACIÓN DE LA EMPRESA
CONCEPTO BASE TIPO APORTACIÓN CONCEPTO BASE TIPO APORTACIÓN
1.Contingencias comunes: EMPRESA 2.Contingencias profesionales y EMPRESA
Importe remuneración conceptos de recaudación conjunta:
mensual AT y EP
Importe prorrata pagas Desempleo
extraordinarias Formación profesional
M.E.I.
Fondo Garantía Salarial
C.A.S.
3.Horas extraordinarias
TOTAL 4.Base sujeta a retención de IRPF",nomina,0.667,economica|laboral|participantes,False,True,False,,ACC-FORMACION-4EE5B508E3,0.48,pendiente_revision,/Users/usuario/Desktop/PROFESIONAL/enGira/FINANCIACIÓN/SUBVENCIONES/MINISTERIO DE CULTURA/Industrias Culturales 25/JUSTIFICACION/datos_engira/05_PARTICIPANTES_Y_COLABORADORES/NÓMINAS/Copia de NOM_CARLES_HARILLO_signed.pdf
participantes,05_PARTICIPANTES_Y_COLABORADORES/servidor/Acuerdo de encargo de tratamiento de datos personales.pdf,Acuerdo de encargo de tratamiento de datos personales.pdf,.pdf,58030,documento,2024-01-24T11:33:04,4,,,,https://www.ionos.es/terms-gtc/acuerdo-de-encargo-de-tratamiento-de-datos-personales/,,"Condiciones Generales
Acuerdo de encargo de tratamiento de datos personales
De conformidad con el artículo 28, apartado 3, del Reglamento general de protección de datos (RGPD) y con el artículo 33 de la
Ley Orgánica 3/2018, de 5 de diciembre, de Protección de Datos Personales y garantía de los derechos digitales (LOPDGDD)
1. Objeto y duración del tratamiento
1.1 Constituyen el objeto del presente Acuerdo los derechos y obligaciones de las Partes en el ámbito de la prestación de servicios, de
conformidad con la Descripción del Servicio y con las Condiciones Generales y Condiciones Particulares que resulten de aplicación (en adelante,
Contrato Principal), en la medida en que se lleve a cabo un tratamiento de datos personales por parte de IONOS Cloud S.L.U. (en adelante, el
Proveedor) como encargado del tratamiento, actuando el Cliente como responsable del tratamiento, de conformidad con el Art. 28 RGPD y 33
LOPDGDD. Esto incluye todas las actividades que el Proveedor lleva a cabo para cumplir con la prestación de sus servicios y que constituyen un
tratamiento de datos personales. También se aplicará con independencia que las condiciones del servicio no incluyan una referencia expresa a
este acuerdo de encargo de tratamiento de datos.
1.2 La duración del tratamiento dependerá del tipo de tratamiento realizado por el Proveedor y del servicio contratado por el Cliente.
2. Naturaleza y finalidad del tratamiento
2.1 La naturaleza del tratamiento incluye todos los tipos de tratamiento, en el sentido del RGPD y de la LOPDGDD necesarios para la ejecución del
contrato.
2.2 Las finalidades del tratamiento las constituyen aquellos fines necesarios para la prestación del servicio contratado (véase el anexo 1
Descripción del servicio), en particular en el ámbito de los servicios en la nube, el alojamiento, el software como servicio (SaaS) y el soporte
informático.
3. Tipo de datos personales y categoría de los interesados
3.1 El Cliente determina el tipo de datos tratados mediante la elección del producto, la configuración, el uso de los servicios y la transmisión de
los datos. Véase también el Anexo 1 del pliego de condiciones al respecto.
3.2 El Cliente determina las categorías de personas afectadas por la elección del producto, la configuración, el uso de los servicios y la transmisión
de datos. Véase también el Anexo 1 del pliego de condiciones al respecto.
4. Responsabilidad y tramitación según instrucciones documentadas
4.1 En el ámbito de este acuerdo, el Cliente es el único responsable del cumplimiento de las disposiciones legales en materia de protección de
datos, en particular de la legalidad de la transferencia de datos al Proveedor, así como de la legalidad del tratamiento de datos (""Responsable del
tratamiento"" en el sentido del Art. 4, Nº 7 del RGPD). Esto también aplica en relación a los fines y medios de tratamiento regulados en el presente
acuerdo.
4.2 Las instrucciones y los detalles del tratamiento se determinarán inicialmente en el contrato principal y posteriormente podrán ser modificadas
por el Cliente por escrito o en formato electrónico (forma de texto) mediante instrucciones individuales (instrucción individual). Las instrucciones
verbales se confirmarán inmediatamente por escrito o en forma de texto. En el caso de cambios propuestos, el Proveedor informará al Cliente de
los efectos sobre los servicios contratados, en particular sobre la posibilidad de prestar los servicios, los plazos de duración y la remuneración. Si
no se puede esperar razonablemente que el Proveedor ejecute la instrucción, el Proveedor tendrá derecho a poner fin a la tramitación y a notificar
de forma extraordinaria la rescisión del contrato. La obligación de pago del Cliente cesará con la finalizaciónde la ejecución por parte del
Proveedor, salvo que existieran conceptos pendientes de pago.. Se considerará que no es razonable, en particular, si los servicios se prestan en
una infraestructura que es utilizada por varios clientes del Proveedor (servicios compartidos) y cuando un cambio en el tratamiento no es posible,
o no resulta razonablemente posible para los clientes de forma individualizada.
4.3 El tratamiento de datos acordado contractualmente tendrá lugar en un Estado miembro de la Unión Europea o en otro Estado contratante del
Acuerdo sobre el Espacio Económico Europeo, a menos que la transferencia de datos a terceros países sea necesaria para la prestación del
servicio. En el caso de que tenga lugar una transferencia a un tercer país, el Proveedor se asegurará de que se cumplen los requisitos de
conformidad con el Art. 44 y ss. Del RGPD.
5. Derechos del cliente, deberes del proveedor
5.1 El Proveedor sólo podrá tratar los datos de los interesados sobre la base de instrucciones documentadas del cliente. Las instrucciones se
especificarán al principio en el contrato. No obstante, el Proveedor no estará obligado por las instrucciones si se da un caso excepcional en el
sentido del artículo 28 (3) a) del RGPD y 8.1 de la LOPDGDD (obligación en virtud de la legislación de la Unión Europea o de un Estado miembro).
Si existe una obligación de tratamiento contraria a una instrucción, el proveedor informará al cliente del requisito legal pertinente antes del
tratamiento. A menos que la ley en cuestión prohíba dicha información debido a un interés público importante. El Proveedor informará al Cliente
sin demora indebida si considera que una instrucción infringe la legislación aplicable. El Proveedor podrá suspender la ejecución de la instrucción
hasta que el cliente la haya confirmado o modificado. Las instrucciones deberán ser documentadas por el Cliente y conservadas durante al menos
la duración de la relación contractual.
5.2 Habida cuenta de la naturaleza del tratamiento, el Proveedor deberá, en la medida de lo posible, apoyar al cliente con medidas técnicas y
organizativas adecuadas en el cumplimiento de las solicitudes de los interesados en virtud del capítulo III del RGPD. El proveedor tiene derecho a
exigir al cliente una remuneración razonable por estos servicios, en la medida en que el apoyo no haya sido requerido como consecuencia de un
incumplimiento de la ley o del contrato por parte del Proveedor. El Proveedor facilitará al cliente información sobre los costes correspondientes por
adelantado.
5.3 El Proveedor apoyará al Cliente en el cumplimiento de las obligaciones establecidas en los artículos 32 a 36 del RGPD, teniendo en cuenta la
naturaleza del tratamiento y la información de que disponga. El Proveedor tendrá derecho a exigir al Cliente una remuneración razonable por
estos servicios, en la medida en que el apoyo no haya sido necesario debido a una infracción de la ley o a un incumplimiento del contrato por
parte del Proveedor. El Proveedor facilitará al Cliente información previa sobre dichos costes.
5.4 El Proveedor garantiza que los empleados que intervengan en el tratamiento de los datos del Cliente y otras personas que trabajen para el
Proveedor tienen prohibido tratar los datos para otras finalidades distintas de las acordadas entre el Proveedor y el Cliente. Además, el Proveedor
garantiza que las personas autorizadas a tratar los datos personales se han comprometido a mantener la confidencialidad o están sujetas a un
deber legal apropiado de confidencialidad. Lo mismo se aplicará al secreto empresarial, al secreto de las telecomunicaciones de conformidad con
el artículo 18.2 de la Constitución Española y al artículo 39 de la Ley 9/2014, de 9 de mayo, General de Telecomunicaciones. El deber de
confidencialidad/secreto seguirá existiendo incluso después de la finalización del encargo.
5.5 El Proveedor informará al Cliente sin demora si tiene conocimiento de cualquier violación de la protección de los datos personales del Cliente.
El Proveedor adoptará las medidas necesarias para proteger los datos y mitigar las posibles consecuencias adversas para los interesados.
5.6 El Proveedor garantizará la designación por escrito de un delegado de protección de datos que llevará a cabo sus actividades de conformidad
con los artículos 38 y 39 del RGPD, así como con los artículos 34 a 37 de la LOPDGDD. En el sitio web del Proveedor se publican los datos de
contacto.
5.7 Una vez finalizada la prestación de los servicios objeto de tratamiento, el Proveedor, a elección del Cliente, suprimirá todos los datos
personales o los devolverá al mandante, salvo que exista la obligación de conservar los datos personales en virtud del Derecho de la Unión o del
Derecho aplicable de un Estado miembro o una base de legitimación que permita su conservación. Si el Cliente no ejerce este derecho de elección
antes de la finalización del servicio, la supresión se considerará acordada. Si el Cliente opta por la devolución de los datos, el Proveedor podrá
exigir una compensación razonable. En dicho caso, El Proveedor proporcionará al Cliente información sobre los costes por adelantado.
5.8 Si los interesados hacen valer reclamaciones por daños y perjuicios de conformidad con el artículo 82 del RGPD, el Proveedor apoyará al
Cliente en la defensa de dichas reclamaciones en la medida de sus posibilidades. El Proveedor podrá exigir al Cliente una remuneración razonable
por ello, en la medida en que las reclamaciones por daños y perjuicios no se basen en una infracción de la ley o un incumplimiento de contrato por
parte del Proveedor.
6. Obligaciones del Cliente
6.1 El Cliente informará al Proveedor inmediatamente, aportando información completa, si descubre errores o irregularidades con respecto a las
disposiciones de protección de datos durante la ejecución del contrato o en el uso de los servicios.
6.2 En caso de terminación, el Cliente se compromete a eliminar los datos personales que haya almacenado en los Servicios antes de dicha
finalización.
6.3 A petición del Proveedor, el Cliente designará a una persona de contacto en materia de protección de datos.
7. Solicitudes de los interesados
El Proveedor informará sin demora al Cliente de cualquier solicitud recibida de los interesados. El Proveedor no responderá por sí mismo a menos
que el Cliente le haya autorizado a hacerlo. Teniendo en cuenta la naturaleza del tratamiento, el Proveedor asistirá al Cliente en el cumplimiento
de su obligación de responder a las solicitudes de los interesados para ejercer sus derechos.
En el ejercicio de sus funciones, el Proveedor seguirá las instrucciones del Cliente. El Proveedor no será responsable si la solicitud del interesado
no es respondida, no se responde correctamente o no se responde a tiempo por el Cliente.
8. Medidas para la seguridad del tratamiento con arreglo al artículo 32 del RGPD
8.1 El Proveedor adoptará las medidas técnicas y organizativas apropiadas en su ámbito de responsabilidad para garantizar que el tratamiento se
lleve a cabo de conformidad con los requisitos establecidos tanto en el RGPD como en la LOPDGDD, de manera que se garantice la protección de
los derechos y libertades de los interesados. El Proveedor adoptará las medidas técnicas y organizativas apropiadas en su ámbito de
responsabilidad, de conformidad con el artículo 32 del RGPD, para garantizar la confidencialidad, integridad, disponibilidad y resiliencia de los
sistemas y servicios en relación con el tratamiento, de forma permanente.
8.2 Las medidas técnicas y organizativas actuales del Proveedor pueden consultarse en este enlace. El Proveedor aclara que las medidas técnicas
y organizativas enumeradas en dicho enlace son meras descripciones de carácter técnico que no deben considerarse parte del presente Acuerdo.
8.3 El Proveedor aplicará un procedimiento para la revisión periódica de la eficacia de las medidas técnicas y organizativas para garantizar la
seguridad del tratamiento, de conformidad con el art. 32 (1) d) del RGPD
8.4 El Proveedor adaptará las medidas adoptadas a lo largo del tiempo a la evolución del estado de la técnica y a la situación de riesgo. El
Proveedor se reserva el derecho a modificar las medidas técnicas y organ",factura,0.667,economica|gasto|laboral|participantes,False,True,False,,ACC-SOPORTE-TECNICO-Y--F45DA80C53,0.945,automatico,/Users/usuario/Desktop/PROFESIONAL/enGira/FINANCIACIÓN/SUBVENCIONES/MINISTERIO DE CULTURA/Industrias Culturales 25/JUSTIFICACION/datos_engira/05_PARTICIPANTES_Y_COLABORADORES/servidor/Acuerdo de encargo de tratamiento de datos personales.pdf
participantes,05_PARTICIPANTES_Y_COLABORADORES/servidor/Condiciones y Términos Generales.pdf,Condiciones y Términos Generales.pdf,.pdf,81894,documento,2024-01-24T11:33:02,9,,01.02|1.10|1.11|1.12|1.13|1.14|1.15|1.16|2.10|2.11|2.12|2.13|2.14|2.15|2.16|2.17|2.18|2.19|2.20|2.21|2.22|2.23|2.24|262.14|4.10|40.14|500.00|99.99,,http://my.ionos.es.|http://my.ionos.es/)|https://my.ionos.es|https://my.ionos.es/).|https://www.ionos.es/terms-gtc/condiciones-generales/|https://www.ionos.es/terms-gtc/terms-registration/.,,"Condiciones Generales
Condiciones Generales IONOS Cloud S.L.U.
I. Condiciones Generales
1. Objeto, modificaciones y prestaciones
1.1. Las presentes Condiciones Generales, junto con las Condiciones Particulares, las correspondientes descripciones de prestaciones y las listas
de tarifas, que en cada caso se establezcan, regularán la prestación por parte de IONOS de los servicios de alojamiento Web, registro de nombre
de dominios, servidores, servicio de mensajería electrónica, aplicaciones y herramien tas informáticas (en adelante, ""los Servicios""), así como
otros servicios que en un f uturo se pudieren ofrecer al CLIENTE a cambio de la correspondiente remuneración a satisfacer por éste. Dichos
Servicios conferirán al CLIENTE un derecho de uso de los productos ofertados, sometido a los plazos, condiciones y términos de las presentes
condiciones generales y de las condiciones particulares que, en su caso, se establezcan.
1.2. Las presentes Condiciones Generales prevalecerán sobre cualquier condición general que pudiera alegar el CLIENTE, salvo pacto expreso en
contrario en el que se haga constar por escrito su aceptación por parte de IONOS.
1.3. Las presentes Condiciones Generales serán de aplicación siempre y cuando no entre en contradicción con las Condiciones Particulares o no
se hayan dispuesto Condiciones Particulares.
2. Derechos y obligaciones de las partes
a) CLIENTE
2.1. El CLIENTE tendrá derecho a utilizar el Servicio o Servicios contratados conforme a las Condiciones Generales y Particulares que en cada caso
se acuerden.
2.2. El CLIENTE deberá utilizar el Servicio o Servicios contratados conforme a las condiciones pactadas entre las partes, a la legislación vigente y a
la buena fe.
2.3. El CLIENTE deberá ser mayor de edad, es decir, mayor de 18 años cumplidos.
2.4. El CLIENTE deberá satisfacer la remuneración pactada para cada Servicio o Servicios en los términos y formas contenidos en las Condiciones
Particulares y listas de precios.
2.5. El CLIENTE deberá facilitar a IONOS sus datos correctos y completos. Se obliga, por tanto, a informar a IONOS de forma inmediata sobre
cualquier modificación de los datos facilitados y a confirmárselos nuevamente a IONOS , a petición de ésta, en un plazo de 15 días desde la fecha
de la modificación.
Salvo que en las Condiciones Particulares se pacte otra cosa, deberán facilitarse los siguientes datos:
Nombre completo, NIF/DNI/CIF, confirmación de que el cliente es mayor de edad, dirección, dirección e-mail, teléfono, el titular del servicio, los
datos de pago (bien tarjeta de crédito o débito, bien cuenta bancaria o paypal) y el titular de los datos de pago. En el caso de que el CLIENTE sea
una persona jurídica, se facilitará también su forma legal.
2.5.bis El CLIENTE acepta que la dirección de correo electrónico facilitada por el CLIENTE a IONOS , como dato de contacto, sea el medio de
recepción de cualquier comunicación por parte de IONOS en relación al presente contrato y a las obligaciones derivadas del mismo. De este modo,
se considerará que IONOS cumple con la obligación de informar al CLIENTE al enviar mediante correo electrónico cualquier comunicación
relevante.
2.6. EL CLIENTE es responsable del cumplimiento de las leyes y reglamentos que sean de aplicación y, de manera meramente enunciativa, de las
reglas que tienen que ver con el f uncionamiento del plan online, comercio electrónico, derechos de autor, mantenimiento del orden público, así
como principios universales de uso de Internet. Por lo tanto, el CLIENTE acepta cumplir con todas las leyes y reglamentos aplicables en relación
con este acuerdo.
EL CLIENTE acepta eximir de responsabilidad a IONOS Cloud S.L.U.y a sus afiliados, empleados, agentes, representantes, contratistas y otros en
cumplimiento de los Condiciones Generales de IONOS Cloud S.L.U. para el uso de este producto/servicio.
2.7. En relación a cualquier contenido que el CLIENTE pueda alojar en el espacio web y/o servidores proporcionados por IONOS , durante la
utilización de cualquier servicio prestado por IONOS al CLIENTE y durante toda la duración del contrato, el CLIENTE asume que es el titular de
todos los derechos necesarios (en particular derechos de propiedad intelectual, patentes y marcas) y que no infringe ningún derecho de terceros.
Así el CLIENTE será el único responsable de dicho contenido. En caso de cualquier reclamación de terceros, como consecuencia de un
incumplimiento o infracción por parte del CLIENTE, IONOS podrá solicitar una indemnización al CLIENTE por los daños causados, incluyendo los
costes de cualquier actuación legal necesaria para la defensa de los legítimos intereses de IONOS .
Por lo tanto el CLIENTE se compromete a NO usar los Servicios de forma contraria a la buena fe y, en particular, de forma meramente enunciativa,
no realizará respecto de los mismos:
Una utilización que resulte contraria a las leyes españolas o que infrinja los derechos de terceros.
Cualquier publicación o transmisión de contenidos que, a juicio de IONOS, resulte violento, obsceno, abusivo, ilegal, xenófobo o
difamatorio.
El uso de cracks, números de serie de programas o cualquier otro contenido que vulnere derechos de la propiedad intelectual de terceros.
La recogida y/o utilización de datos personales de otros usuarios sin su consentimiento expreso o contraviniendo lo dispuesto en la Ley
Orgánica 15/1999, de 13 de diciembre, de Protección de Datos de Carácter Personal.
La utilización del servidor de correo y/o de sus direcciones de correo electrónico con fines de spam, mail bombing, phishing, escrow fraud,
scam 419, pharming, difusión de virus (troyanos, gusanos, etc.), o cualquier otro tipo de actividad realizada con ánimo saboteador,
fraudulento o delictivo. IONOS advierte expresamente al CLIENTE de que sus correos electrónicos salientes serán filtrados
automáticamente por IONOS para detectar, en su caso, dichas actividades.
La utilización del espacio web para subir archivos no adecuados para las finalidades de hosting o alojamiento telemático como por
ejemplo, a título meramente enunciativo, la realización de backups de cualquier tipo, almacenamiento para subidas remotas,
almacenamiento de datos para la compartición de archivos o comportamientos similares no relacionados directamente con los contenidos
y aplicaciones de dicho espacio Web.
La utilización del acceso a mensajes electrónicos almacenados en un servidor como un ""disco duro virtual"", es decir, su uso para el
almacenamiento de ficheros como archivos o de cualquier otra manera. El uso de la cuenta de e-mail no se podrá utilizar para otras
finalidades que aquellas relativas a un contexto de tráfico de e-mail normal.
2.8. El espacio Web ofrecido en ""Servicios Compartidos"" (esto es, todos los servicios de hosting compartido con exclusión de servidores) sólo
podrá ser utilizado por el CLIENTE para contenidos y aplicaciones Web. En este sentido, no está permitido realizar copias de seguridad -
comúnmente conocidas como data backups - ni almacenaje de datos si no están relacionados directamente con los contenidos y aplicaciones de
dicho espacio Web.
En todo caso, el CLIENTE no utilizará el espacio Web de manera que suponga una carga excesiva para los equipos de IONOS o que de alguna
manera perjudique el funcionamiento o las operaciones de los equipos o de la red de IONOS .
2.9. El CLIENTE se obliga a adoptar cuantas medidas de seguridad sean convenientes o necesarias para preservar la confidencialidad y el secreto
de su Usuario (Login) y Contraseña (Password) de acceso al portal de IONOS , que serán, en todo caso, personales e intransferibles.
2.10. En caso de infracción de cualquiera de las obligaciones indicadas en los puntos 2.3, 2.5, 2.6, 2.7, 2.8 y 2.9, IONOS tendrá derecho a resolver
el contrato con el CLIENTE sin que éste tenga derecho a ninguna reclamación. Igualmente, IONOS tendrá derecho a interrumpir el suministro del
servicio previa notificación escrita con 48 horas de antelación, que también podrá realizarse a través del correo electrónico, y, en su caso, a la
cancelación posterior del mismo.
2.11. IONOS puede proporcionar al usuario acceso a software, servicios o aplicaciones (""apps"") desarrollados y publicados por terceros a través
de la funcionalidad ""App Market"" incluida en algunos de los productos de IONOS , como la tienda online. Permitir que el CLIENTE acceda a
aplicaciones de terceros es meramente una facilidad para el cliente y no constituye en modo alguno un respaldo, patrocinio o cualquier forma de
asociación de IONOS con esos terceros. Los desarrolladores o editores son terceras partes independientes de IONOS , e IONOS no tiene ninguna
responsabilidad ni interviene de ninguna manera en la relación entre el tercero y el CLIENTE. IONOS informa al CLIENTE de que al utilizar
aplicaciones de terceros, el CLIENTE manifiesta su conformidad con los términos y condiciones establecidos por el propio tercero, y que el
presente acuerdo no regula la relación entre el CLIENTE y el tercero. IONOS informa al CLIENTE que, al utilizar aplicaciones de terceros, la
información privada y/o sensible que el CLIENTE comparte con IONOS puede ser accesible por el tercero que proporciona la aplicación, y
que IONOS no es responsable de ninguna divulgación, modificación o eliminación de datos que pueda derivarse de este acceso. El CLIENTE acepta
que IONOS , sus empresas matrices, subsidiarias y afiliadas no son en modo alguno responsables de los daños y perjuicios ocasionados por el uso
de cualquier aplicación de terceros y, por lo tanto, no será responsable de ninguna reclamación o demanda que pueda surgir del uso de
aplicaciones de terceros disponibles en la funcionalidad del ""App Market"".
b) IONOS
2.11. IONOS garantiza que los Servicios contratados serán prestados en la forma prevista en las presentes Condiciones Generales y, en su caso,
en lo establecido en las Condiciones Particulares.
2.12. El CLIENTE no tendrá derecho a exigir que se le asigne al servidor la misma dirección IP para toda la vigencia del contrato.
2.13. Para cada dominio de Internet del CLIENTE únicamente podrá aplicarse una sola tarifa de IONOS.
2.14. Salvo pacto en contrario, se considera incluido en la tarifa el volumen de transmisión mensual indicado en el momento de la contratación a
través de www.ionos.es. El volumen de transmisión de datos utilizado se deduce de la suma de todas las transmisiones de datos derivadas del uso
del producto por el CLIENTE (como por ejemplo, correos electrónicos, descargas, cargas, páginas Web). Para la determinación del volumen de
transmisión de datos, un Gigabyte equivale a mil Megabyte, un Megabyte equivale a mil Kilobytes y un Kilobyte equivale a mil Bytes.
En caso de que el CLIENTE supere en un mes el volumen de transmisión incluido en la tarifa, IONOS Cloud S.L.U. reserva el derecho de facturar la
diferencia entre el volumen incluido en la tarifa contratada y el volumen consumido realmente a los precios de IONOS vigentes en dicho momento.
Esta facultad no será de aplicación en el caso de que el volumen de transmisión previsto en la tarifa contratada sea ilimitado.
2.15. Todos los paquetes de alojamiento web están sujetos a una limitación máxima de 262.144 archivos individuales para el alojamiento Linux y
500.000 archivos individuales para el alojamiento Windows.
Para un paquete de alojamiento web de 50 Gigabytes de espacio web, el cliente puede tener inicialmente 20 Gigabytes de espacio web. Si se
utiliza al menos el 75% del espacio web disponible, se incrementará automáticamente y de forma gratuita en tramos de 10 gigabytes hasta que
el uso vuelva a ser inferior al 75%.
Para un paquete de alojamiento web con 100 gigabytes de espacio web, el cliente puede tener inicialmente 50 gigabytes de espacio web a su
disposición. Si se utiliza al menos el 75% del espacio disponible en la web, éste se incrementará automáticamente y de forma gratuita en tramos
de 20 gigabytes hasta que el uso vuelva a ser inferior al 75%.
En el caso de un paquete ",factura,0.667,economica|gasto|laboral|participantes,False,True,False,,ACC-SOPORTE-TECNICO-Y--F45DA80C53,0.835,automatico,/Users/usuario/Desktop/PROFESIONAL/enGira/FINANCIACIÓN/SUBVENCIONES/MINISTERIO DE CULTURA/Industrias Culturales 25/JUSTIFICACION/datos_engira/05_PARTICIPANTES_Y_COLABORADORES/servidor/Condiciones y Términos Generales.pdf
participantes,05_PARTICIPANTES_Y_COLABORADORES/servidor/Condiciones particulares - Servidores.pdf,Condiciones particulares - Servidores.pdf,.pdf,64567,documento,2024-01-24T11:33:04,8,,00.00|6.10,,https://www.ionos.es/terms-gtc/servidores/,,"Términos Generales
Condiciones particulares para servidores
1. Clasificación de las Condiciones
Las características de los Servidores de IONOS están reguladas por las siguientes Condiciones:
Para todos los tipos de servidor se aplicarán las presentes Condiciones y Términos Particulares de los Servidores de IONOS (en adelante
""Condiciones y Términos Particulares de los Servidores"").
Para cada tipo específico de servidor se aplicarán las presentes Condiciones y Términos Especiales de cada servidor (en adelante
“Condiciones y Términos Especiales del Servidor especial, …del Servidor dedicado gestionado, …del Servidor dedicado, …del Servidor
Cloud , y del Servidor virtual (VPS)).
Ambas Condiciones se complementan con las Condiciones y Términos Generales de IONOS Cloud S.L.U. (en adelante, las ""Condiciones y
Términos Generales""). El CLIENTE acepta que las ""Condiciones y Términos Generales"" serán de aplicación en todo lo que no esté recogido
en las presentes Condiciones Particulares.
2. CONDICIONES Y TÉRMINOS PARTICULARES DE LOS SERVIDORES
A continuación, detallamos las condiciones y términos que se aplican a todas las tarifas de servidores de IONOS Cloud S.L.U.
2.1. Obligaciones del cliente
El CLIENTE será responsable del uso que realice del servidor así como del uso que realicen otras personas por él autorizadas.
El CLIENTE manifiesta y garantiza que dispone de los conocimientos y experiencia necesarios para configurar, mantener y supervisar el servidor.
El CLIENTE guardará por su cuenta una copia de seguridad (backup) de los datos alojados, por si tuviera que reponerlos.
2.1.1. Obligaciones sobre protección de datos
Durante la prestación del servicio, el CLIENTE está facultado para poner a disposición de IONOS datos de carácter personal. En tal caso, El CLIENTE
será el responsable de los ficheros de datos de carácter personal puestos a disposición de IONOS. Conforme a la legislación vigente, será
necesario que se formalice un contrato ente IONOS y el CLIENTE donde se regule, entre otras cosas, las obligaciones de IONOS en calidad de
encargado del tratamiento de datos de carácter personal. El CLIENTE se compromete a informar a IONOS dicha puesta de datos a su disposición y
a solicitar a IONOS la formalización del correspondiente contrato. Si mediante la opción ofrecida a tal efecto durante el proceso de contratación, el
CLIENTE elige la opción de servidores localizados en nuestro centro de datos de Estados Unidos, estará aceptando una transferencia internacional
de datos a Estados Unidos, que cuenta con un nivel de protección distinto al establecido en la normativa española de protección de datos al
tratarse de un Estado no perteneciente a la Unión Europea. Dichos servidores se encuentran alojados en un centro de datos ubicado
geográficamente en la ciudad de Lenexa, Kansas (Estados Unidos), propiedad de IONOS Cloud S.L.U., empresa del mismo Grupo al que IONOS
Cloud S.L.U. pertenece y con quien subcontrata dicho servicio de alojamiento. En este sentido, el CLIENTE entiende y acepta que tanto la
información de carácter personal que hubiera facilitado a IONOS para mantener la relación contractual, como la información que el CLIENTE aloje
en los servidores virtuales que elija dar de alta en Estados Unidos, será transferida a dicho centro de datos y alojada en dichas instalaciones,
siendo tratada por la entidad antes mencionada, con la única finalidad de posibilitar la prestación del servicio, sin que en ningún caso sean
utilizados con un fin distinto al anterior, ni se comuniquen, ni siquiera para su conservación, a terceras personas distintas de las empresas del
Grupo del que IONOS forma parte. El CLIENTE deberá informar de dicha circunstancia a los titulares de los datos que pudieran verse afectados por
dicha transferencia y tratamiento, así como obtener la autorización de los mismos en aquellos casos en que fuera necesario. El CLIENTE deberá
tener en cuenta que la autoridad competente del lugar en el que se encuentra ubicado el centro de datos mencionado podrá solicitar y obtener de
IONOS información tanto de los datos correspondientes al propio cliente como de los datos alojados de los que dicho cliente es responsable.
2.1.2. Obligaciones de información
Si el CLIENTE tuviese conocimiento de que algún tercero está usando el servidor, plataforma o espacio web sin su autorización, deberá informar a
IONOS con la mayor celeridad posible. Además de la obligación de informar, serán especialmente de aplicación aquí todas las obligaciones
recogidas en las cláusulas 2.6, 2.7, 2.8 y 2.9 de las Condiciones y Términos Generales, por las cuales el CLIENTE es plenamente responsable del
contenido alojado en su servidor.
2.1.3. Obligaciones sobre propiedad intelectual e industrial
Asimismo, acorde con la cláusula 2.7.de las Condiciones y Términos Generales, en relación a cualquier contenido que el CLIENTE pueda alojar en
los servidores proporcionados por IONOS durante toda la duración del contrato, el CLIENTE asume que es el titular de todos los derechos
necesarios (en particular derechos de propiedad intelectual, patentes y marcas) y que no infringe ningún derecho de terceros. En caso de
cualquier reclamación de terceros, como consecuencia de un incumplimiento o infracción por parte del CLIENTE, IONOS podrá solicitar una
indemnización al CLIENTE por los daños causados, incluyendo los costes de cualquier actuación legal necesaria para la defensa de los legítimos
intereses de IONOS.
2.1.4. Criptominería
El CLIENTE acepta no utilizar los recursos y servidores proporcionados por IONOS para realizar procesos de minería de criptomonedas.
2.1.5. Deber de colaboración
El CLIENTE deberá seguir las instrucciones técnicas de IONOS durante cualquier modificación de recursos del servidor. IONOS no acepta ningún
tipo de responsabilidad por las consecuencias que dicha omisión pudiera causar.
2.1.6. Licencias
Respecto a las licencias de los programas de software de ""Parallels® Plesk Panel"" and ""VMware"" ""Windows"", ""SQL"", ""Red Hat Enterprise Linux"",
etc. que IONOS puede utilizar para prestar el servicio de Servidores, el CLIENTE reconoce que las marcas y el resto de derechos de propiedad
intelectual e industrial asociados a las mismas corresponden a sus respectivos titulares. El cliente deberá observar los términos de dichas licencias
de terceros y responderá del uso de las mismas.
El CLIENTE debe aceptar y cumplir con los términos establecidos en las licencias de cada una de las aplicaciones de terceros que instale en sus
servidores y las que se proporcionen por parte de IONOS. Las aplicaciones de terceros se entregan tal y como son (""as is""), no ofreciendo IONOS
garantía de ningún tipo sobre las mismas. El CLIENTE asume la responsabilidad total de las aplicaciones de terceros que instale en su servidor así
como de cualquier efecto que dichas aplicaciones pudieran producir en cualesquiera otras aplicaciones, software, hardware o dispositivos.
2.2. Obligaciones de IONOS
Igualmente serán de aplicación aquí todas las obligaciones de IONOS establecidas en las Condiciones y Términos Generales de IONOS Cloud S.L.U.
y en la Política de Privacidad de IONOS.
2.3. Derechos de IONOS
2.3.1. Derechos de migración
IONOS tiene derecho a migrar su servidor, el software del servidor o secciones del mismo, en el supuesto de que sea indispensable para la
seguridad del servicio o por cambios tecnológicos imprescindibles.
IONOS Cloud S.L.U. se reserva el derecho de ofrecer la versión de las aplicaciones que considere más adecuada, así como de modificar la
disponibilidad de las aplicaciones en cualquier momento en función de las nuevas versiones o de las vulnerabilidades detectadas. Dichas
modificaciones podrán ser comunicadas a través de correo electrónico o a través del panel de control.
No es obligación de IONOS la realización de copias de seguridad.
2.3.2. Derecho de interrupción y/o cancelación
En caso de infracción por parte del CLIENTE de cualquiera de las obligaciones indicadas en las presentes Condiciones Particulares para Servidores
o en las Condiciones y Términos Generales, IONOS tendrá derecho a interrumpir y a cancelar definitivamente el contrato con el CLIENTE sin que
éste tenga derecho a ninguna reclamación. Según se recoge en las Condiciones y Términos Generales, IONOS tendrá derecho a interrumpir el
suministro del servicio cuando sea indispensable para la seguridad del servicio. Dicha interrupción será comunicada, en la medida de lo posible,
con la antelación suficiente al CLIENTE, a través del correo electrónico. Igualmente IONOS Cloud S.L.U. se reserva el derecho de cancelar
definitivamente el servicio de Servidor en el supuesto que el CLIENTE infrinja gravemente sus obligaciones y/o en el supuesto que, por motivos
ajenos a la voluntad de IONOS, sea indispensable realizar cambios tecnológicos que impidan la continuación del servicio, previa notificación al
CLIENTE con 15 días de antelación a la cancelación.
3. CONDICIONES Y TÉRMINOS ESPECIALES DEL SERVIDOR ESPECIAL
3.1. Objeto del contrato
El servidor especial es un servidor físico, con una configuración fija que el cliente no puede modificar.
Este servidor comprende la CPU, memoria RAM y espacio del disco duro que IONOS pone a su disposición durante la duración del contrato. El
servidor especial es un servidor con derechos de administración. Por lo cual serán necesarios amplios conocimientos previos de administración de
sistemas de servidores.
3.2. Obligaciones del CLIENTE
Como administrador del servidor será el único responsable de la seguridad del servidor ante ataques y manipulaciones sin autorización de terceros
por Internet.
Dispondrá de la total responsabilidad de actualizar el software del sistema operativo y de las aplicaciones instaladas en el servidor. Así el CLIENTE
acepta su responsabilidad de estar informado acerca de las actualizaciones y nuevas versiones disponibles, además de llevar a cabo por su parte
todas las actualizaciones correspondientes.
Puesto que las ofertas de servidor de IONOS no incluyen seguridad de software de protección externo, el CLIENTE se hará cargo de instalar un
software de protección fiable (p. ej., un firewall o programa antivirus), además de actualizarlos como corresponde para evitar el uso indebido sin
protección suficiente y las redes ""abiertas"" a una posible manipulación por un tercero.
El CLIENTE se compromete a configurar sus programas de modo que vuelvan a iniciarse automáticamente con cada nuevo inicio del hardware o
sistema operativo.
3.3. Obligaciones de IONOS
IONOS se compromete a proporcionar la configuración básica del servidor y permitir la conexión del servidor a la red.
3.4. Derechos de IONOS
Debido a la naturaleza del servicio IONOS no puede garantizar en todo momento el establecimiento del contenido del servidor. El CLIENTE es
consciente que IONOS no tiene acceso de administración del servidor.
4. CONDICIONES Y TÉRMINOS ESPECIALES DEL SERVIDOR DEDICADO GESTIONADO
4.1. Objeto del contrato
El Servidor Dedicado Gestionado es un servidor físico. Este servidor comprende la CPU, la memoria RAM y el espacio del disco duro que IONOS
pone a su disposición durante la duración del contrato. El límite de archivos que puede contener es un millón.
El servidor dedicado gestionado es un servidor sin derechos de administración. Se pondrá a su disposición con sistema operativo preinstalado y
stack preinstalado.
4.2. Obligaciones de IONOS
IONOS se compromete a que el servidor tenga un stack y un sistema operativo preinstalados, así como a permitir la conexión del servidor a la red.
4.3. Derechos de IONOS
IONOS tiene acceso como administrador de su servidor. La gestión y administración son automáticas, no siendo posible la realización por
separado.
5. CONDICIONES Y TÉRMINOS ESPECIALES DEL IONOS SERVIDOR DEDICADO
5.1. Objeto del contrato
El servidor dedicado es un servidor con derechos de administración y requiere amplios conocimientos previos de administración de sistemas de
servidores. Igualmente este servidor comprende ",factura,0.667,economica|gasto|laboral|participantes,False,True,False,,ACC-SOPORTE-TECNICO-Y--F45DA80C53,0.835,automatico,/Users/usuario/Desktop/PROFESIONAL/enGira/FINANCIACIÓN/SUBVENCIONES/MINISTERIO DE CULTURA/Industrias Culturales 25/JUSTIFICACION/datos_engira/05_PARTICIPANTES_Y_COLABORADORES/servidor/Condiciones particulares - Servidores.pdf
participantes,05_PARTICIPANTES_Y_COLABORADORES/servidor/Información al consumidor y usuario sobre el derecho de desistimiento.pdf,Información al consumidor y usuario sobre el derecho de desistimiento.pdf,.pdf,43059,documento,2024-01-24T11:33:02,2,,24.23,B85049435,,,"DERECHO DE DESISTIMIENTO
Información al consumidor y usuario sobre el derecho de desistimiento
IONOS Cloud S.L.U.
Avenida de La Vega, 1
Edificio Veganova (Edificio 3,
5º-C)
28108 Alcobendas (Madrid)
Tiene usted derecho a desistir del presente contrato en un plazo de 14 días sin necesidad de justificación.
El plazo de desistimiento expirará a los 14 días del día.
Para ejercer el derecho de desistimiento, deberá usted notificarnos
IONOS Cloud S.L.U.
Avenida de La Vega, 1
Edificio Veganova (Edificio 3, 5º-C)
28108 Alcobendas (Madrid)
email: cancelacion@ionos.es
su decisión de desistir del contrato a través de una declaración inequívoca (por ejemplo, una carta enviada
por correo postal, fax o correo electrónico). Podrá utilizar el modelo de formulario de desistimiento que
figura a continuación, aunque su uso no es obligatorio.
Para cumplir el plazo de desistimiento, basta con que la comunicación relativa al ejercicio por su parte del
derecho de desistimiento sea enviada antes de que venza el plazo de desistimiento.
Consecuencias del desistimiento
En el caso de desistimiento por su parte, le devolveremos todos los pagos recibidos sin ninguna demora
indebida y, a más tardar, en un plazo de 14 días naturales a partir de la fecha en la que se nos informe de su
decisión de desistir del presente contrato. Procederemos a efectuar dicho reembolso utilizando el mismo
medio de pago empleado por usted para la transacción inicial, a no ser que haya usted dispuesto
expresamente lo contrario; en todo caso, no incurrirá en ningún gasto como consecuencia del reembolso.
Si usted ha solicitado que comience durante el período de desistimiento, nos abonará un importe
proporcional a la parte del servicio ya prestada en el momento en que nos haya comunicado su
desistimiento, en relación con el objeto total del contrato.
IONOS Cloud S.L.U., NIF B85049435, Avenida de La Vega, 1 - Edificio Veganova (Edif.3 planta 5° puerta C),
28108 Alcobendas (Madrid), España, Inscrita en el Registro Mercantil de Madrid,
Tomo: 24.232, Libro 0, Folio 73, Sección 8, Hoja M-435500, Inscripción 1
1
MODELO DE FORMULARIO
(solo debe cumplimentar y enviar el presente formulario si desea desistir del contrato)
A la atención de:
IONOS Cloud S.L.U.
Avenida de La Vega, 1
Edificio Veganova (Edificio 3, 5º-C)
28108 Alcobendas (Madrid)
email: cancelacion@ionos.es
Por la presente le comunico (*) / comunicamos (*) que desisto de mi (*) / desistimos de nuestro (*)
contrato de venta del siguiente bien (*) / prestación del siguiente servicio (*)
Pedido (*) / Recibido (*) el:
Nombre:
ID de Cliente:
Número de contrato:
Dirección:
Localidad Fecha Firma
(*) Tachar lo que no corresponda",contrato,0.667,administracion|laboral|participantes,False,False,False,,ACC-ADMINISTRACION-4BB25BB8C5,0.78,automatico,/Users/usuario/Desktop/PROFESIONAL/enGira/FINANCIACIÓN/SUBVENCIONES/MINISTERIO DE CULTURA/Industrias Culturales 25/JUSTIFICACION/datos_engira/05_PARTICIPANTES_Y_COLABORADORES/servidor/Información al consumidor y usuario sobre el derecho de desistimiento.pdf
participantes,05_PARTICIPANTES_Y_COLABORADORES/CONTROL HORARIO/20251105115206-informe-mensual-control-horario-octubre.pdf,20251105115206-informe-mensual-control-horario-octubre.pdf,.pdf,84689,documento,2025-11-05T11:53:04.145637,1,,,39359700F|46943079X,,,"IInnffoorrmmee mmeennssuuaall ddee ccoonnttrrooll hhoorraarriioo
Generado el 05 de Nov de 2025
 EEmmpprreessaa  TTrraabbaajjaaddoorr
46943079X
39359700F
MMAARRIIAA JJOOSSEE MMOORRAALL MMOORRGGAADDOO
CCaarrlleess HHaarriilllloo MMaaggnneett
CALLE DR. BELLIDO 3, 2ª PLANTA - 28018 - MADRID
 HHoorraarriioo ddee OOccttuubbrree ddee 22002255
DDííaa HHoorraarriioo HH.. eennttrraaddaa HH.. ssaalliiddaa EEssttaabblleecciiddaass TToottaall hhoorraass HH.. oorrddiinnaarriiaass HH.. eexxttrraass OObbss..
1 09:00 - 15:00  09:00  15:00 6h. 00m. 6h. 00m.  6h. 00m.
2 09:00 - 15:00  09:00  15:00 6h. 00m. 6h. 00m.  6h. 00m.
3 09:00 - 15:00  09:00  15:00 6h. 00m. 6h. 00m.  6h. 00m.
4 - -
5 - -
6 09:00 - 15:00  09:00  15:00 6h. 00m. 6h. 00m.  6h. 00m.
7 09:00 - 15:00  09:00  15:00 6h. 00m. 6h. 00m.  6h. 00m.
8 09:00 - 15:00  09:00  15:00 6h. 00m. 6h. 00m.  6h. 00m.
9 09:00 - 15:00  09:00  15:00 6h. 00m. 6h. 00m.  6h. 00m.
10 09:00 - 15:00  09:00  15:00 6h. 00m. 6h. 00m.  6h. 00m.
11 - -
12 - -
13 09:00 - 15:00  09:00  15:00 6h. 00m. 6h. 00m.  6h. 00m.
14 09:00 - 15:00  09:00  15:00 6h. 00m. 6h. 00m.  6h. 00m.
15 09:00 - 15:00  09:00  15:00 6h. 00m. 6h. 00m.  6h. 00m.
16 09:00 - 15:00  09:00  15:00 6h. 00m. 6h. 00m.  6h. 00m.
17 09:00 - 15:00  09:00  15:00 6h. 00m. 6h. 00m.  6h. 00m.
18 - -
19 - -
20 09:00 - 15:00  09:00  15:00 6h. 00m. 6h. 00m.  6h. 00m.
21 09:00 - 15:00  09:00  15:00 6h. 00m. 6h. 00m.  6h. 00m.
22 09:00 - 15:00  09:00  15:00 6h. 00m. 6h. 00m.  6h. 00m.
23 09:00 - 15:00  09:00  15:00 6h. 00m. 6h. 00m.  6h. 00m.
24 09:00 - 15:00  09:00  15:00 6h. 00m. 6h. 00m.  6h. 00m.
25 - -
26 - -
27 09:00 - 15:00  09:00  15:00 6h. 00m. 6h. 00m.  6h. 00m.
28 09:00 - 15:00  09:00  15:00 6h. 00m. 6h. 00m.  6h. 00m.
29 09:00 - 15:00  09:00  15:00 6h. 00m. 6h. 00m.  6h. 00m.
30 09:00 - 15:00  09:00  15:00 6h. 00m. 6h. 00m.  6h. 00m.
31 09:00 - 15:00  09:00  15:00 6h. 00m. 6h. 00m.  6h. 00m.
TTOOTTAALLIIZZAACCIIÓÓNN 113388hh.. 0000mm.. 113388hh.. 0000mm.. 113388hh.. 0000mm.. 00hh.. 0000mm..
CCOOMMPPEENNSSAACCIIÓÓNN 113388hh.. 0000mm.. 113388hh.. 0000mm.. 113388hh.. 0000mm.. 00hh.. 0000mm..
Desde INGESO 2020 S.L, como entidad titular de la propiedad intelectual de Docu Docu, se informa que los datos de fichaje del usuario CCaarrlleess HHaarriilllloo MMaaggnneett, han sido extraídos del fichaje realizado
desde el perfil del mismo, en los días y las horas especificados en el presente registro horario.
Asimismo, INGESO 2020 S.L certifica que los datos no han sido alterados ni manipulados.
Observaciones Por la empresa Por el trabajador",memoria,0.533,actividad|documentacion|laboral|participantes,False,False,False,,,0.195,sin_vincular,/Users/usuario/Desktop/PROFESIONAL/enGira/FINANCIACIÓN/SUBVENCIONES/MINISTERIO DE CULTURA/Industrias Culturales 25/JUSTIFICACION/datos_engira/05_PARTICIPANTES_Y_COLABORADORES/CONTROL HORARIO/20251105115206-informe-mensual-control-horario-octubre.pdf
participantes,05_PARTICIPANTES_Y_COLABORADORES/CONTROL HORARIO/hores enGira! setembre_signed.pdf,hores enGira! setembre_signed.pdf,.pdf,184046,documento,2025-10-08T10:59:40.915952,2,,,39359700F|46943079X,,,"IInnffoorrmmee mmeennssuuaall ddee ccoonnttrrooll hhoorraarriioo
Generado el 07 de Oct de 2025
(cid:1)(cid:1) EEmmpprreessaa (cid:2)(cid:2) TTrraabbaajjaaddoorr
46943079X
39359700F
MMAARRIIAA JJOOSSEE MMOORRAALL MMOORRGGAADDOO
CCaarrlleess HHaarriilllloo MMaaggnneett
CALLE DR. BELLIDO 3, 2ª PLANTA - 28018 - MADRID
(cid:3)(cid:3) HHoorraarriioo ddee SSeeppttiieemmbbrree ddee 22002255
DDííaa HHoorraarriioo HH.. eennttrraaddaa HH.. ssaalliiddaa EEssttaabblleecciiddaass TToottaall hhoorraass HH.. oorrddiinnaarriiaass HH.. eexxttrraass OObbss..
1 09:00 - 15:00 (cid:1) 09:00 (cid:1) 15:00 6h. 00m. 6h. 00m. (cid:2) 6h. 00m.
2 09:00 - 15:00 (cid:1) 09:00 (cid:1) 15:00 6h. 00m. 6h. 00m. (cid:2) 6h. 00m.
3 09:00 - 15:00 (cid:1) 09:00 (cid:1) 15:00 6h. 00m. 6h. 00m. (cid:2) 6h. 00m.
4 09:00 - 15:00 (cid:1) 09:00 (cid:1) 15:00 6h. 00m. 6h. 00m. (cid:2) 6h. 00m.
5 09:00 - 15:00 (cid:1) 09:00 (cid:1) 15:00 6h. 00m. 6h. 00m. (cid:2) 6h. 00m.
6 - -
7 - -
8 09:00 - 15:00 (cid:1) 09:00 (cid:1) 15:00 6h. 00m. 6h. 00m. (cid:2) 6h. 00m.
9 09:00 - 15:00 (cid:1) 09:00 (cid:1) 15:00 6h. 00m. 6h. 00m. (cid:2) 6h. 00m.
10 09:00 - 15:00 (cid:1) 09:00 (cid:1) 15:00 6h. 00m. 6h. 00m. (cid:2) 6h. 00m.
11 09:00 - 15:00 (cid:1) 09:00 (cid:1) 15:00 6h. 00m. 6h. 00m. (cid:2) 6h. 00m.
12 09:00 - 15:00 (cid:1) 09:00 (cid:1) 15:00 6h. 00m. 6h. 00m. (cid:2) 6h. 00m.
13 - -
14 - -
15 09:00 - 15:00 (cid:1) 09:00 (cid:1) 15:00 6h. 00m. 6h. 00m. (cid:2) 6h. 00m.
16 09:00 - 15:00 (cid:1) 09:00 (cid:1) 15:00 6h. 00m. 6h. 00m. (cid:2) 6h. 00m.
17 09:00 - 15:00 (cid:1) 09:00 (cid:1) 15:00 6h. 00m. 6h. 00m. (cid:2) 6h. 00m.
18 09:00 - 15:00 (cid:1) 09:00 (cid:1) 15:00 6h. 00m. 6h. 00m. (cid:2) 6h. 00m.
19 09:00 - 15:00 (cid:1) 09:00 (cid:1) 15:00 6h. 00m. 6h. 00m. (cid:2) 6h. 00m.
20 - -
21 - -
22 09:00 - 15:00 (cid:1) 09:00 (cid:1) 15:00 6h. 00m. 6h. 00m. (cid:2) 6h. 00m.
23 09:00 - 15:00 (cid:1) 09:00 (cid:1) 15:00 6h. 00m. 6h. 00m. (cid:2) 6h. 00m.
24 09:00 - 15:00 (cid:1) 09:00 (cid:1) 15:00 6h. 00m. 6h. 00m. (cid:2) 6h. 00m.
25 09:00 - 15:00 (cid:1) 09:00 (cid:1) 15:00 6h. 00m. 6h. 00m. (cid:2) 6h. 00m.
26 09:00 - 15:00 (cid:1) 09:00 (cid:1) 15:00 6h. 00m. 6h. 00m. (cid:2) 6h. 00m.
27 - -
28 - -
29 09:00 - 15:00 (cid:1) 09:00 (cid:1) 15:00 6h. 00m. 6h. 00m. (cid:2) 6h. 00m.
30 09:00 - 15:00 (cid:1) 09:00 (cid:1) 15:00 6h. 00m. 6h. 00m. (cid:2) 6h. 00m.
TTOOTTAALLIIZZAACCIIÓÓNN 113322hh.. 0000mm.. 113322hh.. 0000mm.. 113322hh.. 0000mm.. 00hh.. 0000mm..
CCOOMMPPEENNSSAACCIIÓÓNN 113322hh.. 0000mm.. 113322hh.. 0000mm.. 113322hh.. 0000mm.. 00hh.. 0000mm..
Desde INGESO 2020 S.L, como entidad titular de la propiedad intelectual de Docu Docu, se informa que los datos de fichaje del usuario CCaarrlleess HHaarriilllloo MMaaggnneett, han sido extraídos del fichaje realizado
desde el perfil del mismo, en los días y las horas especificados en el presente registro horario.
Asimismo, INGESO 2020 S.L certifica que los datos no han sido alterados ni manipulados.
Observaciones Por la empresa Por el trabajador",certificado,0.133,actividad|evidencia|laboral|participantes,True,False,False,,,0.195,sin_vincular,/Users/usuario/Desktop/PROFESIONAL/enGira/FINANCIACIÓN/SUBVENCIONES/MINISTERIO DE CULTURA/Industrias Culturales 25/JUSTIFICACION/datos_engira/05_PARTICIPANTES_Y_COLABORADORES/CONTROL HORARIO/hores enGira! setembre_signed.pdf
desarrollo_plataforma,06_DESARROLLO_PLATAFORMA/SEO/3.2736.-Maria-Artes-Escenicas-DISP-SIN-IVA_2025_11_01.pdf,3.2736.-Maria-Artes-Escenicas-DISP-SIN-IVA_2025_11_01.pdf,.pdf,1688572,documento,2025-11-03T10:14:27.054294,15,,,,https://www.engira.art/,,"Reporte SEO Mensual
Resumen del informe Nov-01 2024 - Nov-01 2025 engira.art
Datos de rankings
Keywords en el Top 3
Posiciones ganadas 1 1
1
20%
Keywords en el Top 10
1 1
Posiciones perdidas
Keywords en SERPs
0 Keywords en el Top 30
1
1 1
Top 5 keywords que cayeron
MOTOR DE
PALABRA CLAVE POSICIÓN
BÚSQUEDA
Visibilidad de búsqueda
VISIBILIDAD DISTRIBUCIÓN DE LAS MEJORES POSICIONES
0%
6
4
POSICIÓN PROMEDIO 2
80
20
0
TOP 1-3 TOP 4-10 TOP 11-30 TOP 31-100 Fuera del índice
Posición promedio
40
80
120
Mar 25 May 25 Jul 25 Sep 25 Nov 25
Google Spain Promedio de todas
Nov-01 2025 1
Reporte SEO Mensual
Resultados Diarios engira.art
Google Spain Nov-01 2024 - Nov-01 2025
Ingresaron al TOP 10 Salieron del TOP 10 En el Top 10 Entraron en el Top 100
Palabra clave Visibilidad Dinámica URL en SERP Ene-28 Ene-29 Ene-30 Ene-31
Contratación de espectáculos
N/A N/A https://www.engira.art/ - - - -
contemporáneos en Madrid
Distribución de artes vivas y
creación contemporánea en 100 99 https://www.engira.art/ - - - -
Madrid
Contratación de artes de calle
en Madrid para eventos N/A N/A N/A - - - -
culturales
Espectáculos de creación
contemporánea para N/A N/A N/A - - - -
contrataciones en Madrid
Distribución de espectáculos
artísticos contemporáneos en N/A N/A https://www.engira.art/ - - - -
Madrid
Palabra clave Feb-01 Feb-02 Feb-03 Feb-04 Feb-05 Feb-06 Feb-07
Contratación de espectáculos
- - - - - - -
contemporáneos en Madrid
Distribución de artes vivas y
creación contemporánea en - - - - - - -
Madrid
Contratación de artes de calle
en Madrid para eventos - - - - - - -
culturales
Espectáculos de creación
contemporánea para - - - - - - -
contrataciones en Madrid
Distribución de espectáculos
artísticos contemporáneos en - - - - - - -
Madrid
Palabra clave Feb-08 Feb-09 Feb-10 Feb-11 Feb-12 Feb-13 Feb-14
Contratación de espectáculos
- - - - - - -
contemporáneos en Madrid
Distribución de artes vivas y
creación contemporánea en - - - - - - -
Madrid
Contratación de artes de calle
en Madrid para eventos - - - - - - -
culturales
Espectáculos de creación
contemporánea para - - - - - - -
contrataciones en Madrid
Nov-01 2025 2
Reporte SEO Mensual
Palabra clave Feb-08 Feb-09 Feb-10 Feb-11 Feb-12 Feb-13 Feb-14
Distribución de espectáculos
artísticos contemporáneos en - - - - - - -
Madrid
Palabra clave Feb-15 Feb-16 Feb-17 Feb-18 Feb-19 Feb-20 Feb-21
Contratación de espectáculos
- - - - - - -
contemporáneos en Madrid
Distribución de artes vivas y
creación contemporánea en - - - - - - -
Madrid
Contratación de artes de calle
en Madrid para eventos - - - - - - -
culturales
Espectáculos de creación
contemporánea para - - - - - - -
contrataciones en Madrid
Distribución de espectáculos
artísticos contemporáneos en - - - - - - -
Madrid
Palabra clave Feb-22 Feb-23 Feb-24 Feb-25 Feb-26 Feb-27 Feb-28
Contratación de espectáculos
- - - - - - -
contemporáneos en Madrid
Distribución de artes vivas y
creación contemporánea en - - - - - - -
Madrid
Contratación de artes de calle
en Madrid para eventos - - - - - - -
culturales
Espectáculos de creación
contemporánea para - - - - - - -
contrataciones en Madrid
Distribución de espectáculos
artísticos contemporáneos en - - - - - - -
Madrid
Palabra clave Mar-01 Mar-02 Mar-03 Mar-04 Mar-05 Mar-06 Mar-07
Contratación de espectáculos
- - - - - - -
contemporáneos en Madrid
Distribución de artes vivas y
creación contemporánea en - - - - - - 37 63
Madrid
Contratación de artes de calle
en Madrid para eventos - - - - - - -
culturales
Espectáculos de creación
contemporánea para - - - - - - -
contrataciones en Madrid
Nov-01 2025 3
Reporte SEO Mensual
Palabra clave Mar-01 Mar-02 Mar-03 Mar-04 Mar-05 Mar-06 Mar-07
Distribución de espectáculos
artísticos contemporáneos en - - - - - - -
Madrid
Palabra clave Mar-08 Mar-09 Mar-10 Mar-11 Mar-12 Mar-13 Mar-14
Contratación de espectáculos
- - - - - - -
contemporáneos en Madrid
Distribución de artes vivas y
creación contemporánea en 43 6 - 47 53 - - - -
Madrid
Contratación de artes de calle
en Madrid para eventos - - - - - - -
culturales
Espectáculos de creación
contemporánea para - - - - - - -
contrataciones en Madrid
Distribución de espectáculos
artísticos contemporáneos en - - - - - - -
Madrid
Palabra clave Mar-15 Mar-16 Mar-17 Mar-18 Mar-19 Mar-20 Mar-21
Contratación de espectáculos
- - - - - - -
contemporáneos en Madrid
Distribución de artes vivas y
creación contemporánea en - - - 40 60 - 43 57 44 1
Madrid
Contratación de artes de calle
en Madrid para eventos - - - - - - -
culturales
Espectáculos de creación
contemporánea para - - - - - - -
contrataciones en Madrid
Distribución de espectáculos
artísticos contemporáneos en - - - - - - -
Madrid
Palabra clave Mar-22 Mar-23 Mar-24 Mar-25 Mar-26 Mar-27 Mar-28
Contratación de espectáculos
- - - - - - -
contemporáneos en Madrid
Distribución de artes vivas y
creación contemporánea en 39 5 35 4 43 8 1 42 1 1 1
Madrid
Contratación de artes de calle
en Madrid para eventos - - - - - - -
culturales
Espectáculos de creación
contemporánea para - - - - - - -
contrataciones en Madrid
Nov-01 2025 4
Reporte SEO Mensual
Palabra clave Mar-22 Mar-23 Mar-24 Mar-25 Mar-26 Mar-27 Mar-28
Distribución de espectáculos
artísticos contemporáneos en - - - - - - -
Madrid
Palabra clave Mar-29 Mar-30 Mar-31 Abr-01 Abr-02 Abr-03 Abr-04
Contratación de espectáculos
- - - - - - -
contemporáneos en Madrid
Distribución de artes vivas y
creación contemporánea en 1 1 1 1 1 1 1
Madrid
Contratación de artes de calle
en Madrid para eventos - - - - - - -
culturales
Espectáculos de creación
contemporánea para - - - - - - -
contrataciones en Madrid
Distribución de espectáculos
artísticos contemporáneos en - - - - - - -
Madrid
Palabra clave Abr-05 Abr-06 Abr-07 Abr-08 Abr-09 Abr-10 Abr-11
Contratación de espectáculos
- - - - - - -
contemporáneos en Madrid
Distribución de artes vivas y
creación contemporánea en 1 1 1 1 1 1 1
Madrid
Contratación de artes de calle
en Madrid para eventos - - - - - - -
culturales
Espectáculos de creación
contemporánea para - - - - - - -
contrataciones en Madrid
Distribución de espectáculos
artísticos contemporáneos en - - - - - - -
Madrid
Palabra clave Abr-12 Abr-13 Abr-14 Abr-15 Abr-16 Abr-17 Abr-18
Contratación de espectáculos
- - - - - - -
contemporáneos en Madrid
Distribución de artes vivas y
creación contemporánea en 1 1 1 1 1 1 1
Madrid
Contratación de artes de calle
en Madrid para eventos - - - - - - -
culturales
Espectáculos de creación
contemporánea para - - - - - - -
contrataciones en Madrid
Nov-01 2025 5
Reporte SEO Mensual
Palabra clave Abr-12 Abr-13 Abr-14 Abr-15 Abr-16 Abr-17 Abr-18
Distribución de espectáculos
artísticos contemporáneos en - - - - - - -
Madrid
Palabra clave Abr-19 Abr-20 Abr-21 Abr-22 Abr-23 Abr-24 Abr-25
Contratación de espectáculos
- - - - - - -
contemporáneos en Madrid
Distribución de artes vivas y
creación contemporánea en 1 1 39 38 33 6 1 32 31 30 31
Madrid
Contratación de artes de calle
en Madrid para eventos - - - - - - -
culturales
Espectáculos de creación
contemporánea para - - - - - - -
contrataciones en Madrid
Distribución de espectáculos
artísticos contemporáneos en - - - - - - -
Madrid
Palabra clave Abr-26 Abr-27 Abr-28 Abr-29 Abr-30 May-01 May-02
Contratación de espectáculos
- - - - - - -
contemporáneos en Madrid
Distribución de artes vivas y
creación contemporánea en 32 1 32 32 23 9 23 18 5 -
Madrid
Contratación de artes de calle
en Madrid para eventos - - - - - - -
culturales
Espectáculos de creación
contemporánea para - - - - - - -
contrataciones en Madrid
Distribución de espectáculos
artísticos contemporáneos en - - - - - - -
Madrid
Palabra clave May-03 May-04 May-05 May-06 May-07 May-08 May-09
Contratación de espectáculos
- - - - - - -
contemporáneos en Madrid
Distribución de artes vivas y
creación contemporánea en - - - 18 82 21 3 21 24 3
Madrid
Contratación de artes de calle
en Madrid para eventos - - - - - - -
culturales
Espectáculos de creación
contemporánea para - - - - - - -
contrataciones en Madrid
Nov-01 2025 6
Reporte SEO Mensual
Palabra clave May-03 May-04 May-05 May-06 May-07 May-08 May-09
Distribución de espectáculos
artísticos contemporáneos en - - - - - - -
Madrid
Palabra clave May-10 May-11 May-12 May-13 May-14 May-15 May-16
Contratación de espectáculos
- - - - - - -
contemporáneos en Madrid
Distribución de artes vivas y
creación contemporánea en 34 10 29 5 31 2 41 10 34 7 29 5 34 5
Madrid
Contratación de artes de calle
en Madrid para eventos - - - - - - -
culturales
Espectáculos de creación
contemporánea para - - - - - - -
contrataciones en Madrid
Distribución de espectáculos
artísticos contemporáneos en - - - - - - -
Madrid
Palabra clave May-17 May-18 May-19 May-20 May-21 May-22 May-23
Contratación de espectáculos
- - - - - - -
contemporáneos en Madrid
Distribución de artes vivas y
creación contemporánea en 33 1 33 43 10 37 6 35 2 39 4 -
Madrid
Contratación de artes de calle
en Madrid para eventos - - - - - - -
culturales
Espectáculos de creación
contemporánea para - - - - - - -
contrataciones en Madrid
Distribución de espectáculos
artísticos contemporáneos en - - - - - - -
Madrid
Palabra clave May-24 May-25 May-26 May-27 May-28 May-29 May-30
Contratación de espectáculos
- - - - - - -
contemporáneos en Madrid
Distribución de artes vivas y
creación contemporánea en - - - - - - -
Madrid
Contratación de artes de calle
en Madrid para eventos - - - - - - -
culturales
Espectáculos de creación
contemporánea para - - - - - - -
contrataciones en Madrid
Nov-01 2025 7
Reporte SEO Mensual
Palabra clave May-24 May-25 May-26 May-27 May-28 May-29 May-30
Distribución de espectáculos
artísticos contemporáneos en - - - - - - -
Madrid
Palabra clave May-31 Jun-01 Jun-02 Jun-03 Jun-04 Jun-05 Jun-06
Contratación de espectáculos
- - - - - - -
contemporáneos en Madrid
Distribución de artes vivas y
creación contemporánea en - - - - - - -
Madrid
Contratación de artes de calle
en Madrid para eventos - - - - - - -
culturales
Espectáculos de creación
contemporánea para - - - - - - -
contrataciones en Madrid
Distribución de espectáculos
artísticos contemporáneos en - - - - - - -
Madrid
Palabra clave Jun-07 Jun-08 Jun-09 Jun-10 Jun-11 Jun-12 Jun-13
Contratación de espectáculos
- - - - - - -
contemporáneos en Madrid
Distribución de artes vivas y
creación contemporánea en - - - - 2 98 1 1 1
Madrid
Contratación de artes de calle
en Madrid para eventos - - - - - - -
culturales
Espectáculos de creación
contemporánea para - - - - - - -
contrataciones en Madrid
Distribución de espectáculos
artísticos contemporáneos en - - - - - - -
Madrid
Palabra clave Jun-14 Jun-15 Jun-16 Jun-17 Jun-18 Jun-19 Jun-20
Contratación de espectáculos
- - - - - - -
contemporáneos en Madrid
Distribución de artes vivas y
creación contemporánea en 53 52 33 20 35 2 1 34 35 34 34 1 33 1
Madrid
Contratación de artes de calle
en Madrid para eventos - - - - - - -
culturales
Espectáculos de creación
contemporánea para - - - - - - -
contrataciones en Madrid
Nov-01 2025 8
Reporte SEO Mensual
Palabra clave Jun-14 Jun-15 Jun-16 Jun-17 Jun-18 Jun-19 Jun-20
Distribución de espectáculos
artísticos contemporáneos en - - - - - - -
Madrid
Palabra clave Jun-21 Jun-22 Jun-23 Jun-24 Jun-25 Jun-26 Jun-27
Contratación de espectáculos
- - - - - - -
contemporáneos en Madrid
Distribución de artes vivas y
creación contemporánea en 1 32 1 1 1 1 1 1
Madrid
Contratación de artes de calle
en Madrid para eventos - - - - - - -
culturales
Espectáculos de creación
contemporánea para - - - - - - -
contrataciones en Madrid
Distribución de espectáculos
artísticos contemporáneos en - - - - - - -
Madrid
Palabra clave Jun-28 Jun-29 Jun-30 Jul-01 Jul-02 Jul-03 Jul-04
Contratación de espectáculos
- - - - - - -
contemporáneos en Madrid
Distribución de artes vivas y
creación contemporánea en 1 1 1 46 45 1 45 1 32 31
Madrid
Contratación de artes de calle
en Madrid para eventos - - - - - - -
culturales
Espectáculos de creación
contemporánea para - - - - - - -
contrataciones en Madrid
Distribución de espectáculos
artísticos contemporáneos en - - - - - - -",memoria,0.267,actividad|desarrollo|documentacion,False,False,False,desarrollo,ACC-COMUNICACION-002E11867C,0.39,pendiente_revision,/Users/usuario/Desktop/PROFESIONAL/enGira/FINANCIACIÓN/SUBVENCIONES/MINISTERIO DE CULTURA/Industrias Culturales 25/JUSTIFICACION/datos_engira/06_DESARROLLO_PLATAFORMA/SEO/3.2736.-Maria-Artes-Escenicas-DISP-SIN-IVA_2025_11_01.pdf
desarrollo_plataforma,06_DESARROLLO_PLATAFORMA/SEO/3.2736.-Maria-Artes-Escenicas-DISP-SIN-IVA_2026_02_01.pdf,3.2736.-Maria-Artes-Escenicas-DISP-SIN-IVA_2026_02_01.pdf,.pdf,1348652,documento,2026-02-05T18:16:19.751472,16,,,,https://engira.art/,,"Reporte SEO Mensual
Resumen del informe Feb-01 2025 - Feb-01 2026 engira.art
Datos de rankings
Keywords en el Top 3
Posiciones ganadas 0
1
25%
Keywords en el Top 10
0
Posiciones perdidas
Keywords en SERPs
0 Keywords en el Top 30
1
0
Top 5 keywords que cayeron
MOTOR DE
PALABRA CLAVE POSICIÓN
BÚSQUEDA
Visibilidad de búsqueda
VISIBILIDAD DISTRIBUCIÓN DE LAS MEJORES POSICIONES
0%
4
2
POSICIÓN PROMEDIO
97
3
0
TOP 1-3 TOP 4-10 TOP 11-30 TOP 31-100 Fuera del índice
Posición promedio
45
75
105
Mar 25 May 25 Jul 25 Sep 25 Nov 25 Ene 26
Google Spain Promedio de todas
Resultados Diarios engira.art
Google Spain Feb-01 2025 - Feb-01 2026
Feb-01 2026 1
Reporte SEO Mensual
Ingresaron al TOP 10 Salieron del TOP 10 En el Top 10 Entraron en el Top 100
Palabra clave Visibilidad Dinámica URL en SERP Feb-01 Feb-02 Feb-03 Feb-04
Contratación de espectáculos
N/A N/A https://engira.art/ - - - -
contemporáneos en Madrid
Distribución de artes vivas y
creación contemporánea en N/A 11 https://engira.art/ - - - -
Madrid
Contratación de artes de calle
en Madrid para eventos N/A N/A N/A - - - -
culturales
Espectáculos de creación
contemporánea para N/A N/A N/A - - - -
contrataciones en Madrid
Palabra clave Feb-05 Feb-06 Feb-07 Feb-08 Feb-09 Feb-10 Feb-11
Contratación de espectáculos
- - - - - - -
contemporáneos en Madrid
Distribución de artes vivas y
creación contemporánea en - - - - - - -
Madrid
Contratación de artes de calle
en Madrid para eventos - - - - - - -
culturales
Espectáculos de creación
contemporánea para - - - - - - -
contrataciones en Madrid
Palabra clave Feb-12 Feb-13 Feb-14 Feb-15 Feb-16 Feb-17 Feb-18
Contratación de espectáculos
- - - - - - -
contemporáneos en Madrid
Distribución de artes vivas y
creación contemporánea en - - - - - - -
Madrid
Contratación de artes de calle
en Madrid para eventos - - - - - - -
culturales
Espectáculos de creación
contemporánea para - - - - - - -
contrataciones en Madrid
Palabra clave Feb-19 Feb-20 Feb-21 Feb-22 Feb-23 Feb-24 Feb-25
Contratación de espectáculos
- - - - - - -
contemporáneos en Madrid
Distribución de artes vivas y
creación contemporánea en - - - - - - -
Madrid
Contratación de artes de calle
en Madrid para eventos - - - - - - -
culturales
Feb-01 2026 2
Reporte SEO Mensual
Palabra clave Feb-19 Feb-20 Feb-21 Feb-22 Feb-23 Feb-24 Feb-25
Espectáculos de creación
contemporánea para - - - - - - -
contrataciones en Madrid
Palabra clave Feb-26 Feb-27 Feb-28 Mar-01 Mar-02 Mar-03 Mar-04
Contratación de espectáculos
- - - - - - -
contemporáneos en Madrid
Distribución de artes vivas y
creación contemporánea en - - - - - - -
Madrid
Contratación de artes de calle
en Madrid para eventos - - - - - - -
culturales
Espectáculos de creación
contemporánea para - - - - - - -
contrataciones en Madrid
Palabra clave Mar-05 Mar-06 Mar-07 Mar-08 Mar-09 Mar-10 Mar-11
Contratación de espectáculos
- - - - - - -
contemporáneos en Madrid
Distribución de artes vivas y
creación contemporánea en - - 37 63 43 6 - 47 53 -
Madrid
Contratación de artes de calle
en Madrid para eventos - - - - - - -
culturales
Espectáculos de creación
contemporánea para - - - - - - -
contrataciones en Madrid
Palabra clave Mar-12 Mar-13 Mar-14 Mar-15 Mar-16 Mar-17 Mar-18
Contratación de espectáculos
- - - - - - -
contemporáneos en Madrid
Distribución de artes vivas y
creación contemporánea en - - - - - - 40 60
Madrid
Contratación de artes de calle
en Madrid para eventos - - - - - - -
culturales
Espectáculos de creación
contemporánea para - - - - - - -
contrataciones en Madrid
Palabra clave Mar-19 Mar-20 Mar-21 Mar-22 Mar-23 Mar-24 Mar-25
Contratación de espectáculos
- - - - - - -
contemporáneos en Madrid
Distribución de artes vivas y
creación contemporánea en - 43 57 44 1 39 5 35 4 43 8 1 42
Madrid
Feb-01 2026 3
Reporte SEO Mensual
Palabra clave Mar-19 Mar-20 Mar-21 Mar-22 Mar-23 Mar-24 Mar-25
Contratación de artes de calle
en Madrid para eventos - - - - - - -
culturales
Espectáculos de creación
contemporánea para - - - - - - -
contrataciones en Madrid
Palabra clave Mar-26 Mar-27 Mar-28 Mar-29 Mar-30 Mar-31 Abr-01
Contratación de espectáculos
- - - - - - -
contemporáneos en Madrid
Distribución de artes vivas y
creación contemporánea en 1 1 1 1 1 1 1
Madrid
Contratación de artes de calle
en Madrid para eventos - - - - - - -
culturales
Espectáculos de creación
contemporánea para - - - - - - -
contrataciones en Madrid
Palabra clave Abr-02 Abr-03 Abr-04 Abr-05 Abr-06 Abr-07 Abr-08
Contratación de espectáculos
- - - - - - -
contemporáneos en Madrid
Distribución de artes vivas y
creación contemporánea en 1 1 1 1 1 1 1
Madrid
Contratación de artes de calle
en Madrid para eventos - - - - - - -
culturales
Espectáculos de creación
contemporánea para - - - - - - -
contrataciones en Madrid
Palabra clave Abr-09 Abr-10 Abr-11 Abr-12 Abr-13 Abr-14 Abr-15
Contratación de espectáculos
- - - - - - -
contemporáneos en Madrid
Distribución de artes vivas y
creación contemporánea en 1 1 1 1 1 1 1
Madrid
Contratación de artes de calle
en Madrid para eventos - - - - - - -
culturales
Espectáculos de creación
contemporánea para - - - - - - -
contrataciones en Madrid
Palabra clave Abr-16 Abr-17 Abr-18 Abr-19 Abr-20 Abr-21 Abr-22
Contratación de espectáculos
- - - - - - -
contemporáneos en Madrid
Feb-01 2026 4
Reporte SEO Mensual
Palabra clave Abr-16 Abr-17 Abr-18 Abr-19 Abr-20 Abr-21 Abr-22
Distribución de artes vivas y
creación contemporánea en 1 1 1 1 1 39 38 33 6
Madrid
Contratación de artes de calle
en Madrid para eventos - - - - - - -
culturales
Espectáculos de creación
contemporánea para - - - - - - -
contrataciones en Madrid
Palabra clave Abr-23 Abr-24 Abr-25 Abr-26 Abr-27 Abr-28 Abr-29
Contratación de espectáculos
- - - - - - -
contemporáneos en Madrid
Distribución de artes vivas y
creación contemporánea en 1 32 31 30 31 32 1 32 32 23 9
Madrid
Contratación de artes de calle
en Madrid para eventos - - - - - - -
culturales
Espectáculos de creación
contemporánea para - - - - - - -
contrataciones en Madrid
Palabra clave Abr-30 May-01 May-02 May-03 May-04 May-05 May-06
Contratación de espectáculos
- - - - - - -
contemporáneos en Madrid
Distribución de artes vivas y
creación contemporánea en 23 18 5 - - - - 18 82
Madrid
Contratación de artes de calle
en Madrid para eventos - - - - - - -
culturales
Espectáculos de creación
contemporánea para - - - - - - -
contrataciones en Madrid
Palabra clave May-07 May-08 May-09 May-10 May-11 May-12 May-13
Contratación de espectáculos
- - - - - - -
contemporáneos en Madrid
Distribución de artes vivas y
creación contemporánea en 21 3 21 24 3 34 10 29 5 31 2 41 10
Madrid
Contratación de artes de calle
en Madrid para eventos - - - - - - -
culturales
Espectáculos de creación
contemporánea para - - - - - - -
contrataciones en Madrid
Feb-01 2026 5
Reporte SEO Mensual
Palabra clave May-14 May-15 May-16 May-17 May-18 May-19 May-20
Contratación de espectáculos
- - - - - - -
contemporáneos en Madrid
Distribución de artes vivas y
creación contemporánea en 34 7 29 5 34 5 33 1 33 43 10 37 6
Madrid
Contratación de artes de calle
en Madrid para eventos - - - - - - -
culturales
Espectáculos de creación
contemporánea para - - - - - - -
contrataciones en Madrid
Palabra clave May-21 May-22 May-23 May-24 May-25 May-26 May-27
Contratación de espectáculos
- - - - - - -
contemporáneos en Madrid
Distribución de artes vivas y
creación contemporánea en 35 2 39 4 - - - - -
Madrid
Contratación de artes de calle
en Madrid para eventos - - - - - - -
culturales
Espectáculos de creación
contemporánea para - - - - - - -
contrataciones en Madrid
Palabra clave May-28 May-29 May-30 May-31 Jun-01 Jun-02 Jun-03
Contratación de espectáculos
- - - - - - -
contemporáneos en Madrid
Distribución de artes vivas y
creación contemporánea en - - - - - - -
Madrid
Contratación de artes de calle
en Madrid para eventos - - - - - - -
culturales
Espectáculos de creación
contemporánea para - - - - - - -
contrataciones en Madrid
Palabra clave Jun-04 Jun-05 Jun-06 Jun-07 Jun-08 Jun-09 Jun-10
Contratación de espectáculos
- - - - - - -
contemporáneos en Madrid
Distribución de artes vivas y
creación contemporánea en - - - - - - -
Madrid
Contratación de artes de calle
en Madrid para eventos - - - - - - -
culturales
Feb-01 2026 6
Reporte SEO Mensual
Palabra clave Jun-04 Jun-05 Jun-06 Jun-07 Jun-08 Jun-09 Jun-10
Espectáculos de creación
contemporánea para - - - - - - -
contrataciones en Madrid
Palabra clave Jun-11 Jun-12 Jun-13 Jun-14 Jun-15 Jun-16 Jun-17
Contratación de espectáculos
- - - - - - -
contemporáneos en Madrid
Distribución de artes vivas y
creación contemporánea en 2 98 1 1 1 53 52 33 20 35 2 1 34
Madrid
Contratación de artes de calle
en Madrid para eventos - - - - - - -
culturales
Espectáculos de creación
contemporánea para - - - - - - -
contrataciones en Madrid
Palabra clave Jun-18 Jun-19 Jun-20 Jun-21 Jun-22 Jun-23 Jun-24
Contratación de espectáculos
- - - - - - -
contemporáneos en Madrid
Distribución de artes vivas y
creación contemporánea en 35 34 34 1 33 1 1 32 1 1 1
Madrid
Contratación de artes de calle
en Madrid para eventos - - - - - - -
culturales
Espectáculos de creación
contemporánea para - - - - - - -
contrataciones en Madrid
Palabra clave Jun-25 Jun-26 Jun-27 Jun-28 Jun-29 Jun-30 Jul-01
Contratación de espectáculos
- - - - - - -
contemporáneos en Madrid
Distribución de artes vivas y
creación contemporánea en 1 1 1 1 1 1 46 45
Madrid
Contratación de artes de calle
en Madrid para eventos - - - - - - -
culturales
Espectáculos de creación
contemporánea para - - - - - - -
contrataciones en Madrid
Palabra clave Jul-02 Jul-03 Jul-04 Jul-05 Jul-06 Jul-07 Jul-08
Contratación de espectáculos
- - - - - - -
contemporáneos en Madrid
Distribución de artes vivas y
creación contemporánea en 1 45 1 32 31 32 1 31 1 33 32
Madrid
Feb-01 2026 7
Reporte SEO Mensual
Palabra clave Jul-02 Jul-03 Jul-04 Jul-05 Jul-06 Jul-07 Jul-08
Contratación de artes de calle
en Madrid para eventos - - - - - - -
culturales
Espectáculos de creación
contemporánea para - - - - - - -
contrataciones en Madrid
Palabra clave Jul-09 Jul-10 Jul-11 Jul-12 Jul-13 Jul-14 Jul-15
Contratación de espectáculos
- - - - - - -
contemporáneos en Madrid
Distribución de artes vivas y
creación contemporánea en 33 32 1 29 3 29 1 28 1 1
Madrid
Contratación de artes de calle
en Madrid para eventos - - - - - - -
culturales
Espectáculos de creación
contemporánea para - - - - - - -
contrataciones en Madrid
Palabra clave Jul-16 Jul-17 Jul-18 Jul-19 Jul-20 Jul-21 Jul-22
Contratación de espectáculos
- - - - - - 12 88
contemporáneos en Madrid
Distribución de artes vivas y
creación contemporánea en 1 1 1 1 1 25 24 25
Madrid
Contratación de artes de calle
en Madrid para eventos - - - - - - -
culturales
Espectáculos de creación
contemporánea para - - - - - - -
contrataciones en Madrid
Palabra clave Jul-23 Jul-24 Jul-25 Jul-26 Jul-27 Jul-28 Jul-29
Contratación de espectáculos
14 2 - 17 83 - - - -
contemporáneos en Madrid
Distribución de artes vivas y
creación contemporánea en 24 1 25 1 1 24 24 23 1 23 1 1
Madrid
Contratación de artes de calle
en Madrid para eventos - - - - - - -
culturales
Espectáculos de creación
contemporánea para - - - - - - -
contrataciones en Madrid
Palabra clave Jul-30 Jul-31 Ago-01 Ago-02 Ago-03 Ago-04 Ago-05
Contratación de espectáculos
- - - - - - -
contemporáneos en Madrid
Feb-01 2026 8
Reporte SEO Mensual
Palabra clave Jul-30 Jul-31 Ago-01 Ago-02 Ago-03 Ago-04 Ago-05
Distribución de artes vivas y
creación contemporánea en 1 1 24 23 25 1 22 3 23 1 22 1
Madrid
Contratación de artes de calle
en Madrid para eventos - - - - - - -
culturales
Espectáculos de creación
contemporánea para - - - - - - -
contrataciones en Madrid
Palabra clave Ago-06 Ago-07 Ago-08 Ago-09 Ago-10 Ago-11 Ago-12
Contratación de espectáculos
- - - - - - -
contemporáneos en Madrid
Distribución de artes vivas y
creación contemporánea en 25 3 23 2 24 1 23 1 21 2 26 5 28 2
Madrid
Contratación de artes de calle
en Madrid para eventos - - - - - - -
culturales
Espectáculos de creación
contemporánea para - - - - -",memoria,0.267,actividad|desarrollo|documentacion,False,False,False,desarrollo,ACC-COMUNICACION-002E11867C,0.39,pendiente_revision,/Users/usuario/Desktop/PROFESIONAL/enGira/FINANCIACIÓN/SUBVENCIONES/MINISTERIO DE CULTURA/Industrias Culturales 25/JUSTIFICACION/datos_engira/06_DESARROLLO_PLATAFORMA/SEO/3.2736.-Maria-Artes-Escenicas-DISP-SIN-IVA_2026_02_01.pdf
desarrollo_plataforma,06_DESARROLLO_PLATAFORMA/SEO/mpE_C6GGUgR7ow3P7hDAqKrZCdxvjCajFoM+YNnH2Fw=.pdf,mpE_C6GGUgR7ow3P7hDAqKrZCdxvjCajFoM+YNnH2Fw=.pdf,.pdf,114427,documento,2024-10-07T12:52:38,2,07/10/2024,,46943079X|B38977013,https://csv.gestion.sedepkd.red.gob.es/csv/YWE0ZTM5MjRmMGE0Nzlj,,"https://csv.gestion.sedepkd.red.gob.es/csv/YWE0ZTM5MjRmMGE0Nzlj
YWE0ZTM5MjRmMGE0Nzlj
Código de Bono Digital 2024/C022/01885821
Código de Acuerdo KD/0000644293
Código de identificación Agente Digitalizador Adherido 2022/C032/00036633
Código de identificación de la Solución SEO
Kit Digital - Notificación de la validación de la propuesta
de Acuerdo de Prestación de Soluciones de
Digitalización
De conformidad con lo previsto en el artículo 30.6 de la Orden ETD/1498/2021, de
29 de diciembre, modificada posteriormente por la Orden ETD/734/2022, de 26
de julio y por la Orden ETD/739/2023, de 20 de junio por la que se aprueban las
bases reguladoras de la concesión de ayudas para la digitalización de pequeñas
empresas, microempresas y personas en situación de autoempleo, en el marco de
la Agenda España Digital 2025, el Plan de Digitalización de PYMEs 2021-2025, y el
Plan de Recuperación, Transformación y Resiliencia de España -Financiado por la
Unión Europea- Next Generation EU (Programa Kit Digital) y en la Convocatoria
pública de ayudas de fecha 12 de octubre de 2022, vista la propuesta de Acuerdo
de Prestación de Soluciones de Digitalización arriba identificado, entre Maria Jose
Moral Morgado con NIF 46943079X y SOYDIGITAL NETWORK SLU con NIF
B38977013, presentada en el marco del Programa Kit Digital, para la
implantación de la categoría de solución Presencia avanzada en Internet, se
comunica que:
La entidad colaboradora ha comprobado la conformidad del citado Acuerdo de
Prestación de Soluciones de Digitalización con la Orden ETD/1498/2021 de 29 de
diciembre, modificada posteriormente por la Orden ETD/734/2022, de 26 de julio
y por la Orden ETD/739/2023, de 20 de junio, la convocatoria C022/22-SI, de 12
de octubre de 2022, y la resolución de concesión, por lo que dicho Acuerdo ha sido
validado en fecha 07/10/2024.
De acuerdo con lo previsto en el artículo 30.7 de la Orden ETD/1498/2021, de 29
de diciembre, modificada posteriormente por la Orden ETD/734/2022, de 26 de
julio y por la Orden ETD/739/2023, de 20 de junio, el citado Acuerdo de
Prestación de Soluciones de Digitalización es válido y tiene efectos desde la fecha
indicada en el párrafo anterior.
1 de 2
Firmante: SELLO ELECTRÓNICO KIT DIGITAL / KIT CONSULTING - Fecha de la firma: 07/10/2024 12:12:49
El documento consta de un total de:2 página/s. Página 1 de 2.
https://csv.gestion.sedepkd.red.gob.es/csv/YWE0ZTM5MjRmMGE0Nzlj
YWE0ZTM5MjRmMGE0Nzlj
Código de Bono Digital 2024/C022/01885821
Código de Acuerdo KD/0000644293
Código de identificación Agente Digitalizador Adherido 2022/C032/00036633
Código de identificación de la Solución SEO
La entidad colaboradora, a 07 de octubre de 2024
2 de 2
Firmante: SELLO ELECTRÓNICO KIT DIGITAL / KIT CONSULTING - Fecha de la firma: 07/10/2024 12:12:49
El documento consta de un total de:2 página/s. Página 2 de 2.",resolución,0.6,actividad|administracion|desarrollo,False,False,False,desarrollo,ACC-ADMINISTRACION-F593A8F72D,0.468,pendiente_revision,/Users/usuario/Desktop/PROFESIONAL/enGira/FINANCIACIÓN/SUBVENCIONES/MINISTERIO DE CULTURA/Industrias Culturales 25/JUSTIFICACION/datos_engira/06_DESARROLLO_PLATAFORMA/SEO/mpE_C6GGUgR7ow3P7hDAqKrZCdxvjCajFoM+YNnH2Fw=.pdf
desarrollo_plataforma,06_DESARROLLO_PLATAFORMA/SEO/Implementación - Engina art.docx,Implementación - Engina art.docx,.docx,1321677,documento,2024-12-02T09:50:46,,,,,https://engira.art/,,"Correciones SEO Onpage, más relevantes a implementar
MARCA: https://engira.art/
Encabezados – Palabras Claves
Agregar palabras Claves a los Encabezados del Home
H1 Contratación de espectáculos contemporáneos en Madrid
H2 Distribución de artes vivas y creación contemporánea en Madrid
H2 Contratación de artes de calle en Madrid para eventos culturales
H2 Espectáculos de creación contemporánea para contrataciones en Madrid
H2 Distribución de espectáculos artísticos contemporáneos en Madrid
CORRECCIONES
Home:
Agregar en la Cabecera el H1 que en a actualidad no tiene e incluir Contratación de espectáculos contemporáneos en Madrid lo ideal es que sea agregado en el Header
El Home tiene varios H2 que hacen referencia a la marca y no a las palabras claves secundarios, se recomienda el cambio de estos textos a h4 o p ya que el uso excesivo o incorrecto de etiquetas de encabezado puede afectar negativamente el rendimiento de una página web en los motores de búsqueda.
CAMBIOS GENERALES
Home Actualidad:
Agregar al Head de ser posible
<meta name=""keywords"" content=""Contratación de espectáculos contemporáneos en Madrid, Distribución de artes vivas y creación contemporánea en Madrid, Contratación de artes de calle en Madrid para eventos culturales, Espectáculos de creación contemporánea para contrataciones en Madrid, Distribución de espectáculos artísticos contemporáneos en Madrid"">
Cambiar el Title
▷ Engina art - Contratación de espectáculos contemporáneos en Madrid
<title> Engina art - Contratación de espectáculos contemporáneos en Madrid</title>
Cambiar Description (Home)
Engina Art facilita la contratación de espectáculos contemporáneos en Madrid, conectando artistas escénicos con eventos culturales únicos y sostenibles.
<meta name=""description"" content=""Engina Art facilita la contratación de espectáculos contemporáneos en Madrid, conectando artistas escénicos con eventos culturales únicos y sostenibles. "">
Cambios de Encabezado
Cambiar de h2 a h4 ó P
Agregar h1
Contratación de espectáculos contemporáneos en Madrid preferiblemente con un tamaño de 16px a 18px
<h1 style=""font-size: 16px;"">Contratación de espectáculos contemporáneos en Madrid</h1>
AÑADIR EL SIGUIENTE ACORDEON AL FINAL DE LA WEB DEL HOME
Agregar un acordeon, para ingresar las palabras claves sin afectar visualmente el contenido de la web, se recomienda agregar al final de la web, con lo siguientes textos
Agregar el siguiente HTML, con Textos SEO
<div class=""accordion"">
<div class=""accordion-item"">
<input id=""accordion-item-1"" type=""checkbox"" />
<label for=""accordion-item-1"" class=""accordion-header"">
<p class=""textseo"">ontratación de espectáculos contemporáneos en Madrid</p>
</label>
<div class=""accordion-content"">
<p>
En Engina Art facilitamos la contratación de espectáculos contemporáneos en Madrid, conectando a artistas escénicos con eventos culturales y corporativos. Nuestra plataforma impulsa propuestas innovadoras que transforman escenarios en espacios de arte vivo y experiencias únicas para el público. Trabajamos con un enfoque en sostenibilidad y creatividad.
</p>
<h2 class=""textseo"">Distribución de artes vivas y creación contemporánea en Madrid</h2>
<p>
Engina Art se especializa en la distribución de artes vivas y creación contemporánea en Madrid. Promovemos a artistas comprometidos con propuestas escénicas innovadoras, ofreciendo soluciones prácticas para que sus obras lleguen a diversos escenarios. Nuestra misión es revitalizar el sector cultural con arte que conecta y transforma.
</p>
<h2 class=""textseo"">Contratación de artes de calle en Madrid para eventos culturales</h2>
<p>
Descubre espectáculos de artes de calle para eventos culturales en Madrid con Engina Art. Nos encargamos de la contratación de artistas que llevan el arte contemporáneo a espacios públicos, generando experiencias únicas y accesibles para todos. Nuestro compromiso es enriquecer el panorama cultural con propuestas frescas y originales.
</p>
<h2 class=""textseo"">Espectáculos de creación contemporánea para contrataciones en Madrid</h2>
<p>
Engina Art ofrece una selección de espectáculos de creación contemporánea ideales para contrataciones en Madrid. Nuestra plataforma reúne a los mejores talentos en artes escénicas, asegurando experiencias inolvidables que combinan innovación, estética y compromiso con el medio ambiente. Haz de tu evento algo único.
</p>
<h2 class=""textseo"">Distribución de espectáculos artísticos contemporáneos en Madrid</h2>
<p>
En Engina Art, lideramos la distribución de espectáculos artísticos contemporáneos en Madrid, promoviendo una escena cultural vibrante y diversa. Facilitamos la movilidad de artistas y sus proyectos, garantizando que sus creaciones lleguen a públicos amplios. Nos comprometemos con la sostenibilidad y la excelencia artística.
</p>
</div>
</div>
</div>
Agregar el siguiente CSS, para la funcionalidad del acordeon
/* Estilos acordeón */
.accordion {
width: 100%;
max-width: 600px;
margin: auto;
border: 0px solid #fff;
border-radius: 5px;
overflow: hidden;
}
.accordion-item {
border-bottom: 1px solid #fff;
text-align: center;
}
.accordion-item:last-child {
border-bottom: none;
}
.accordion-header {
background-color: #ffffff00;
padding: 15px;
cursor: pointer;
transition: background-color 0.3s ease;
}
.accordion-header:hover {
background-color: #ffffff00;
}
.accordion-content {
max-height: 0;
overflow: hidden;
transition: max-height 0.5s ease;
padding: 0 15px;
background-color: #ffffff00;
}
.accordion-content p {
margin: 15px 0;
padding: 0;
}
input[type=""checkbox""] {
display: none;
}
input[type=""checkbox""]:checked ~ .accordion-content {
max-height: 1000px; /* Ajusta este valor según el contenido */
overflow: visible;
}
input[type=""checkbox""]:checked + label .accordion-header {
background-color: #ffffff00;
}
h1.textseo {
font-size: 16px;
text-transform: none;
}
h2.textseo {
font-size: 16px;
text-transform: none;
}
p.textseo {
font-size: 16px;
}",transferencia,0.667,actividad|desarrollo|economica|pago,False,True,True,desarrollo,ACC-COMERCIALIZACION-396ABB13E0,0.39,pendiente_revision,/Users/usuario/Desktop/PROFESIONAL/enGira/FINANCIACIÓN/SUBVENCIONES/MINISTERIO DE CULTURA/Industrias Culturales 25/JUSTIFICACION/datos_engira/06_DESARROLLO_PLATAFORMA/SEO/Implementación - Engina art.docx
desarrollo_plataforma,06_DESARROLLO_PLATAFORMA/SEO/reportes/3.2736.-Maria-Artes-Escenicas-DISP-SIN-IVA_2025_03_03.pdf,3.2736.-Maria-Artes-Escenicas-DISP-SIN-IVA_2025_03_03.pdf,.pdf,430490,documento,2025-03-03T11:00:16,4,,,,,,"Reporte SEO Mensual
Resumen del informe Mar-03 2024 - Mar-03 2025 engira.art
Datos de rankings
Keywords en el Top 3
Posiciones ganadas 0
0
0%
Keywords en el Top 10
0
Posiciones perdidas
Keywords en SERPs
0 Keywords en el Top 30
0
0
Top 5 keywords que cayeron
MOTOR DE
PALABRA CLAVE POSICIÓN
BÚSQUEDA
Visibilidad de búsqueda
VISIBILIDAD DISTRIBUCIÓN DE LAS MEJORES POSICIONES
0%
6
4
POSICIÓN PROMEDIO 2
100
0
TOP 1-3 TOP 4-10 TOP 11-30 TOP 31-100 Fuera del índice
Posición promedio
98
100
102
03 Feb 10 Feb 17 Feb 24 Feb 03 Mar
Google Spain Promedio de todas
Mar-03 2025 1
Reporte SEO Mensual
Resultados Diarios engira.art
Google Spain Mar-03 2024 - Mar-03 2025
Ingresaron al TOP 10 Salieron del TOP 10 En el Top 10 Entraron en el Top 100
Palabra clave Visibilidad Dinámica URL en SERP Ene-28 Ene-29 Ene-30 Ene-31
Contratación de espectáculos
N/A N/A N/A - - - -
contemporáneos en Madrid
Distribución de artes vivas y
creación contemporánea en N/A N/A N/A - - - -
Madrid
Contratación de artes de calle
en Madrid para eventos N/A N/A N/A - - - -
culturales
Espectáculos de creación
contemporánea para N/A N/A N/A - - - -
contrataciones en Madrid
Distribución de espectáculos
artísticos contemporáneos en N/A N/A N/A - - - -
Madrid
Palabra clave Feb-01 Feb-02 Feb-03 Feb-04 Feb-05 Feb-06 Feb-07
Contratación de espectáculos
- - - - - - -
contemporáneos en Madrid
Distribución de artes vivas y
creación contemporánea en - - - - - - -
Madrid
Contratación de artes de calle
en Madrid para eventos - - - - - - -
culturales
Espectáculos de creación
contemporánea para - - - - - - -
contrataciones en Madrid
Distribución de espectáculos
artísticos contemporáneos en - - - - - - -
Madrid
Palabra clave Feb-08 Feb-09 Feb-10 Feb-11 Feb-12 Feb-13 Feb-14
Contratación de espectáculos
- - - - - - -
contemporáneos en Madrid
Distribución de artes vivas y
creación contemporánea en - - - - - - -
Madrid
Contratación de artes de calle
en Madrid para eventos - - - - - - -
culturales
Espectáculos de creación
contemporánea para - - - - - - -
contrataciones en Madrid
Mar-03 2025 2
Reporte SEO Mensual
Palabra clave Feb-08 Feb-09 Feb-10 Feb-11 Feb-12 Feb-13 Feb-14
Distribución de espectáculos
artísticos contemporáneos en - - - - - - -
Madrid
Palabra clave Feb-15 Feb-16 Feb-17 Feb-18 Feb-19 Feb-20 Feb-21
Contratación de espectáculos
- - - - - - -
contemporáneos en Madrid
Distribución de artes vivas y
creación contemporánea en - - - - - - -
Madrid
Contratación de artes de calle
en Madrid para eventos - - - - - - -
culturales
Espectáculos de creación
contemporánea para - - - - - - -
contrataciones en Madrid
Distribución de espectáculos
artísticos contemporáneos en - - - - - - -
Madrid
Palabra clave Feb-22 Feb-23 Feb-24 Feb-25 Feb-26 Feb-27 Feb-28
Contratación de espectáculos
- - - - - - -
contemporáneos en Madrid
Distribución de artes vivas y
creación contemporánea en - - - - - - -
Madrid
Contratación de artes de calle
en Madrid para eventos - - - - - - -
culturales
Espectáculos de creación
contemporánea para - - - - - - -
contrataciones en Madrid
Distribución de espectáculos
artísticos contemporáneos en - - - - - - -
Madrid
Palabra clave Mar-01 Mar-02 Mar-03
Contratación de espectáculos
- - -
contemporáneos en Madrid
Distribución de artes vivas y
creación contemporánea en - - -
Madrid
Contratación de artes de calle
en Madrid para eventos - - -
culturales
Espectáculos de creación
contemporánea para - - -
contrataciones en Madrid
Mar-03 2025 3
Reporte SEO Mensual
Palabra clave Mar-01 Mar-02 Mar-03
Distribución de espectáculos
artísticos contemporáneos en - - -
Madrid
Mar-03 2025 4",memoria,0.267,actividad|desarrollo|documentacion,False,False,False,desarrollo,ACC-COMUNICACION-002E11867C,0.39,pendiente_revision,/Users/usuario/Desktop/PROFESIONAL/enGira/FINANCIACIÓN/SUBVENCIONES/MINISTERIO DE CULTURA/Industrias Culturales 25/JUSTIFICACION/datos_engira/06_DESARROLLO_PLATAFORMA/SEO/reportes/3.2736.-Maria-Artes-Escenicas-DISP-SIN-IVA_2025_03_03.pdf
desarrollo_plataforma,06_DESARROLLO_PLATAFORMA/SEO/reportes/3.2736.-Maria-Artes-Escenicas-DISP-SIN-IVA_2025_07_03.pdf,3.2736.-Maria-Artes-Escenicas-DISP-SIN-IVA_2025_07_03.pdf,.pdf,1050537,documento,2025-07-07T11:27:40,9,,,,https://www.engira.art/,,"Reporte SEO Mensual
Resumen del informe Jul-03 2024 - Jul-03 2025 engira.art
Datos de rankings
Keywords en el Top 3
Posiciones ganadas 1 1
1
20%
Keywords en el Top 10
1 1
Posiciones perdidas
Keywords en SERPs
0 Keywords en el Top 30
1
1 1
Top 5 keywords que cayeron
MOTOR DE
PALABRA CLAVE POSICIÓN
BÚSQUEDA
Visibilidad de búsqueda
VISIBILIDAD DISTRIBUCIÓN DE LAS MEJORES POSICIONES
0%
6
4
POSICIÓN PROMEDIO 2
80
20
0
TOP 1-3 TOP 4-10 TOP 11-30 TOP 31-100 Fuera del índice
Posición promedio
78
90
102
Feb 25 Mar 25 Abr 25 May 25 Jun 25 Jul 25
Google Spain Promedio de todas
Jul-03 2025 1
Reporte SEO Mensual
Resultados Diarios engira.art
Google Spain Jul-03 2024 - Jul-03 2025
Ingresaron al TOP 10 Salieron del TOP 10 En el Top 10 Entraron en el Top 100
Palabra clave Visibilidad Dinámica URL en SERP Ene-28 Ene-29 Ene-30 Ene-31
Contratación de espectáculos
N/A N/A N/A - - - -
contemporáneos en Madrid
Distribución de artes vivas y
creación contemporánea en 100 99 https://www.engira.art/ - - - -
Madrid
Contratación de artes de calle
en Madrid para eventos N/A N/A N/A - - - -
culturales
Espectáculos de creación
contemporánea para N/A N/A N/A - - - -
contrataciones en Madrid
Distribución de espectáculos
artísticos contemporáneos en N/A N/A N/A - - - -
Madrid
Palabra clave Feb-01 Feb-02 Feb-03 Feb-04 Feb-05 Feb-06 Feb-07
Contratación de espectáculos
- - - - - - -
contemporáneos en Madrid
Distribución de artes vivas y
creación contemporánea en - - - - - - -
Madrid
Contratación de artes de calle
en Madrid para eventos - - - - - - -
culturales
Espectáculos de creación
contemporánea para - - - - - - -
contrataciones en Madrid
Distribución de espectáculos
artísticos contemporáneos en - - - - - - -
Madrid
Palabra clave Feb-08 Feb-09 Feb-10 Feb-11 Feb-12 Feb-13 Feb-14
Contratación de espectáculos
- - - - - - -
contemporáneos en Madrid
Distribución de artes vivas y
creación contemporánea en - - - - - - -
Madrid
Contratación de artes de calle
en Madrid para eventos - - - - - - -
culturales
Espectáculos de creación
contemporánea para - - - - - - -
contrataciones en Madrid
Jul-03 2025 2
Reporte SEO Mensual
Palabra clave Feb-08 Feb-09 Feb-10 Feb-11 Feb-12 Feb-13 Feb-14
Distribución de espectáculos
artísticos contemporáneos en - - - - - - -
Madrid
Palabra clave Feb-15 Feb-16 Feb-17 Feb-18 Feb-19 Feb-20 Feb-21
Contratación de espectáculos
- - - - - - -
contemporáneos en Madrid
Distribución de artes vivas y
creación contemporánea en - - - - - - -
Madrid
Contratación de artes de calle
en Madrid para eventos - - - - - - -
culturales
Espectáculos de creación
contemporánea para - - - - - - -
contrataciones en Madrid
Distribución de espectáculos
artísticos contemporáneos en - - - - - - -
Madrid
Palabra clave Feb-22 Feb-23 Feb-24 Feb-25 Feb-26 Feb-27 Feb-28
Contratación de espectáculos
- - - - - - -
contemporáneos en Madrid
Distribución de artes vivas y
creación contemporánea en - - - - - - -
Madrid
Contratación de artes de calle
en Madrid para eventos - - - - - - -
culturales
Espectáculos de creación
contemporánea para - - - - - - -
contrataciones en Madrid
Distribución de espectáculos
artísticos contemporáneos en - - - - - - -
Madrid
Palabra clave Mar-01 Mar-02 Mar-03 Mar-04 Mar-05 Mar-06 Mar-07
Contratación de espectáculos
- - - - - - -
contemporáneos en Madrid
Distribución de artes vivas y
creación contemporánea en - - - - - - 37 63
Madrid
Contratación de artes de calle
en Madrid para eventos - - - - - - -
culturales
Espectáculos de creación
contemporánea para - - - - - - -
contrataciones en Madrid
Jul-03 2025 3
Reporte SEO Mensual
Palabra clave Mar-01 Mar-02 Mar-03 Mar-04 Mar-05 Mar-06 Mar-07
Distribución de espectáculos
artísticos contemporáneos en - - - - - - -
Madrid
Palabra clave Mar-08 Mar-09 Mar-10 Mar-11 Mar-12 Mar-13 Mar-14
Contratación de espectáculos
- - - - - - -
contemporáneos en Madrid
Distribución de artes vivas y
creación contemporánea en 43 6 - 47 53 - - - -
Madrid
Contratación de artes de calle
en Madrid para eventos - - - - - - -
culturales
Espectáculos de creación
contemporánea para - - - - - - -
contrataciones en Madrid
Distribución de espectáculos
artísticos contemporáneos en - - - - - - -
Madrid
Palabra clave Mar-15 Mar-16 Mar-17 Mar-18 Mar-19 Mar-20 Mar-21
Contratación de espectáculos
- - - - - - -
contemporáneos en Madrid
Distribución de artes vivas y
creación contemporánea en - - - 40 60 - 43 57 44 1
Madrid
Contratación de artes de calle
en Madrid para eventos - - - - - - -
culturales
Espectáculos de creación
contemporánea para - - - - - - -
contrataciones en Madrid
Distribución de espectáculos
artísticos contemporáneos en - - - - - - -
Madrid
Palabra clave Mar-22 Mar-23 Mar-24 Mar-25 Mar-26 Mar-27 Mar-28
Contratación de espectáculos
- - - - - - -
contemporáneos en Madrid
Distribución de artes vivas y
creación contemporánea en 39 5 35 4 43 8 1 42 1 1 1
Madrid
Contratación de artes de calle
en Madrid para eventos - - - - - - -
culturales
Espectáculos de creación
contemporánea para - - - - - - -
contrataciones en Madrid
Jul-03 2025 4
Reporte SEO Mensual
Palabra clave Mar-22 Mar-23 Mar-24 Mar-25 Mar-26 Mar-27 Mar-28
Distribución de espectáculos
artísticos contemporáneos en - - - - - - -
Madrid
Palabra clave Mar-29 Mar-30 Mar-31 Abr-01 Abr-02 Abr-03 Abr-04
Contratación de espectáculos
- - - - - - -
contemporáneos en Madrid
Distribución de artes vivas y
creación contemporánea en 1 1 1 1 1 1 1
Madrid
Contratación de artes de calle
en Madrid para eventos - - - - - - -
culturales
Espectáculos de creación
contemporánea para - - - - - - -
contrataciones en Madrid
Distribución de espectáculos
artísticos contemporáneos en - - - - - - -
Madrid
Palabra clave Abr-05 Abr-06 Abr-07 Abr-08 Abr-09 Abr-10 Abr-11
Contratación de espectáculos
- - - - - - -
contemporáneos en Madrid
Distribución de artes vivas y
creación contemporánea en 1 1 1 1 1 1 1
Madrid
Contratación de artes de calle
en Madrid para eventos - - - - - - -
culturales
Espectáculos de creación
contemporánea para - - - - - - -
contrataciones en Madrid
Distribución de espectáculos
artísticos contemporáneos en - - - - - - -
Madrid
Palabra clave Abr-12 Abr-13 Abr-14 Abr-15 Abr-16 Abr-17 Abr-18
Contratación de espectáculos
- - - - - - -
contemporáneos en Madrid
Distribución de artes vivas y
creación contemporánea en 1 1 1 1 1 1 1
Madrid
Contratación de artes de calle
en Madrid para eventos - - - - - - -
culturales
Espectáculos de creación
contemporánea para - - - - - - -
contrataciones en Madrid
Jul-03 2025 5
Reporte SEO Mensual
Palabra clave Abr-12 Abr-13 Abr-14 Abr-15 Abr-16 Abr-17 Abr-18
Distribución de espectáculos
artísticos contemporáneos en - - - - - - -
Madrid
Palabra clave Abr-19 Abr-20 Abr-21 Abr-22 Abr-23 Abr-24 Abr-25
Contratación de espectáculos
- - - - - - -
contemporáneos en Madrid
Distribución de artes vivas y
creación contemporánea en 1 1 39 38 33 6 1 32 31 30 31
Madrid
Contratación de artes de calle
en Madrid para eventos - - - - - - -
culturales
Espectáculos de creación
contemporánea para - - - - - - -
contrataciones en Madrid
Distribución de espectáculos
artísticos contemporáneos en - - - - - - -
Madrid
Palabra clave Abr-26 Abr-27 Abr-28 Abr-29 Abr-30 May-01 May-02
Contratación de espectáculos
- - - - - - -
contemporáneos en Madrid
Distribución de artes vivas y
creación contemporánea en 32 1 32 32 23 9 23 18 5 -
Madrid
Contratación de artes de calle
en Madrid para eventos - - - - - - -
culturales
Espectáculos de creación
contemporánea para - - - - - - -
contrataciones en Madrid
Distribución de espectáculos
artísticos contemporáneos en - - - - - - -
Madrid
Palabra clave May-03 May-04 May-05 May-06 May-07 May-08 May-09
Contratación de espectáculos
- - - - - - -
contemporáneos en Madrid
Distribución de artes vivas y
creación contemporánea en - - - 18 82 21 3 21 24 3
Madrid
Contratación de artes de calle
en Madrid para eventos - - - - - - -
culturales
Espectáculos de creación
contemporánea para - - - - - - -
contrataciones en Madrid
Jul-03 2025 6
Reporte SEO Mensual
Palabra clave May-03 May-04 May-05 May-06 May-07 May-08 May-09
Distribución de espectáculos
artísticos contemporáneos en - - - - - - -
Madrid
Palabra clave May-10 May-11 May-12 May-13 May-14 May-15 May-16
Contratación de espectáculos
- - - - - - -
contemporáneos en Madrid
Distribución de artes vivas y
creación contemporánea en 34 10 29 5 31 2 41 10 34 7 29 5 34 5
Madrid
Contratación de artes de calle
en Madrid para eventos - - - - - - -
culturales
Espectáculos de creación
contemporánea para - - - - - - -
contrataciones en Madrid
Distribución de espectáculos
artísticos contemporáneos en - - - - - - -
Madrid
Palabra clave May-17 May-18 May-19 May-20 May-21 May-22 May-23
Contratación de espectáculos
- - - - - - -
contemporáneos en Madrid
Distribución de artes vivas y
creación contemporánea en 33 1 33 43 10 37 6 35 2 39 4 -
Madrid
Contratación de artes de calle
en Madrid para eventos - - - - - - -
culturales
Espectáculos de creación
contemporánea para - - - - - - -
contrataciones en Madrid
Distribución de espectáculos
artísticos contemporáneos en - - - - - - -
Madrid
Palabra clave May-24 May-25 May-26 May-27 May-28 May-29 May-30
Contratación de espectáculos
- - - - - - -
contemporáneos en Madrid
Distribución de artes vivas y
creación contemporánea en - - - - - - -
Madrid
Contratación de artes de calle
en Madrid para eventos - - - - - - -
culturales
Espectáculos de creación
contemporánea para - - - - - - -
contrataciones en Madrid
Jul-03 2025 7
Reporte SEO Mensual
Palabra clave May-24 May-25 May-26 May-27 May-28 May-29 May-30
Distribución de espectáculos
artísticos contemporáneos en - - - - - - -
Madrid
Palabra clave May-31 Jun-01 Jun-02 Jun-03 Jun-04 Jun-05 Jun-06
Contratación de espectáculos
- - - - - - -
contemporáneos en Madrid
Distribución de artes vivas y
creación contemporánea en - - - - - - -
Madrid
Contratación de artes de calle
en Madrid para eventos - - - - - - -
culturales
Espectáculos de creación
contemporánea para - - - - - - -
contrataciones en Madrid
Distribución de espectáculos
artísticos contemporáneos en - - - - - - -
Madrid
Palabra clave Jun-07 Jun-08 Jun-09 Jun-10 Jun-11 Jun-12 Jun-13
Contratación de espectáculos
- - - - - - -
contemporáneos en Madrid
Distribución de artes vivas y
creación contemporánea en - - - - 2 98 1 1 1
Madrid
Contratación de artes de calle
en Madrid para eventos - - - - - - -
culturales
Espectáculos de creación
contemporánea para - - - - - - -
contrataciones en Madrid
Distribución de espectáculos
artísticos contemporáneos en - - - - - - -
Madrid
Palabra clave Jun-14 Jun-15 Jun-16 Jun-17 Jun-18 Jun-19 Jun-20
Contratación de espectáculos
- - - - - - -
contemporáneos en Madrid
Distribución de artes vivas y
creación contemporánea en 53 52 33 20 35 2 1 34 35 34 34 1 33 1
Madrid
Contratación de artes de calle
en Madrid para eventos - - - - - - -
culturales
Espectáculos de creación
contemporánea para - - - - - - -
contrataciones en Madrid
Jul-03 2025 8
Reporte SEO Mensual
Palabra clave Jun-14 Jun-15 Jun-16 Jun-17 Jun-18 Jun-19 Jun-20
Distribución de espectáculos
artísticos contemporáneos en - - - - - - -
Madrid
Palabra clave Jun-21 Jun-22 Jun-23 Jun-24 Jun-25 Jun-26 Jun-27
Contratación de espectáculos
- - - - - - -
contemporáneos en Madrid
Distribución de artes vivas y
creación contemporánea en 1 32 1 1 1 1 1 1
Madrid
Contratación de artes de calle
en Madrid para eventos - - - - - - -
culturales
Espectáculos de creación
contemporánea para - - - - - - -
contrataciones en Madrid
Distribución de espectáculos
artísticos contemporáneos en - - - - - - -
Madrid
Palabra clave Jun-28 Jun-29 Jun-30 Jul-01 Jul-02 Jul-03
Contratación de espectáculos
- - - - - -
contemporáneos en Madrid
Distribución de artes vivas y
creación contemporánea en 1 1 1 46 45 1 45 1
Madrid
Contratación de artes de calle
en Madrid para eventos - - - - - -
culturales
Espectáculos de creación
contemporánea para - - - - - -
contrataciones en Madrid
Distribución de espectáculos
artísticos contemporáneos en - - - - - -
Madrid
Jul-03 2025 9",memoria,0.267,actividad|desarrollo|documentacion,False,False,False,desarrollo,ACC-COMUNICACION-002E11867C,0.39,pendiente_revision,/Users/usuario/Desktop/PROFESIONAL/enGira/FINANCIACIÓN/SUBVENCIONES/MINISTERIO DE CULTURA/Industrias Culturales 25/JUSTIFICACION/datos_engira/06_DESARROLLO_PLATAFORMA/SEO/reportes/3.2736.-Maria-Artes-Escenicas-DISP-SIN-IVA_2025_07_03.pdf
desarrollo_plataforma,06_DESARROLLO_PLATAFORMA/SEO/reportes/3.2736.-Maria-Artes-Escenicas-DISP-SIN-IVA_2025_10_07.pdf,3.2736.-Maria-Artes-Escenicas-DISP-SIN-IVA_2025_10_07.pdf,.pdf,1554765,documento,2025-10-07T14:17:05.845052,14,,,,https://www.engira.art/,,"Reporte SEO Mensual
Resumen del informe Oct-07 2024 - Oct-07 2025 engira.art
Datos de rankings
Keywords en el Top 3
Posiciones ganadas 1 1
2
40%
Keywords en el Top 10
2 2
Posiciones perdidas
Keywords en SERPs
0 Keywords en el Top 30
2
2 2
Top 5 keywords que cayeron
MOTOR DE
PALABRA CLAVE POSICIÓN
BÚSQUEDA
Visibilidad de búsqueda
VISIBILIDAD DISTRIBUCIÓN DE LAS MEJORES POSICIONES
0%
4
2
POSICIÓN PROMEDIO
62
38
0
TOP 1-3 TOP 4-10 TOP 11-30 TOP 31-100 Fuera del índice
Posición promedio
40
80
120
Feb 25 Mar 25 Abr 25 May 25 Jun 25 Jul 25 Ago 25 Sep 25 Oct 25
Google Spain Promedio de todas
Oct-07 2025 1
Reporte SEO Mensual
Resultados Diarios engira.art
Google Spain Oct-07 2024 - Oct-07 2025
Ingresaron al TOP 10 Salieron del TOP 10 En el Top 10 Entraron en el Top 100
Palabra clave Visibilidad Dinámica URL en SERP Ene-28 Ene-29 Ene-30 Ene-31
Contratación de espectáculos
20 90 https://www.engira.art/ - - - -
contemporáneos en Madrid
Distribución de artes vivas y
creación contemporánea en 100 99 https://www.engira.art/ - - - -
Madrid
Contratación de artes de calle
en Madrid para eventos N/A N/A N/A - - - -
culturales
Espectáculos de creación
contemporánea para N/A N/A N/A - - - -
contrataciones en Madrid
Distribución de espectáculos
artísticos contemporáneos en N/A N/A https://www.engira.art/ - - - -
Madrid
Palabra clave Feb-01 Feb-02 Feb-03 Feb-04 Feb-05 Feb-06 Feb-07
Contratación de espectáculos
- - - - - - -
contemporáneos en Madrid
Distribución de artes vivas y
creación contemporánea en - - - - - - -
Madrid
Contratación de artes de calle
en Madrid para eventos - - - - - - -
culturales
Espectáculos de creación
contemporánea para - - - - - - -
contrataciones en Madrid
Distribución de espectáculos
artísticos contemporáneos en - - - - - - -
Madrid
Palabra clave Feb-08 Feb-09 Feb-10 Feb-11 Feb-12 Feb-13 Feb-14
Contratación de espectáculos
- - - - - - -
contemporáneos en Madrid
Distribución de artes vivas y
creación contemporánea en - - - - - - -
Madrid
Contratación de artes de calle
en Madrid para eventos - - - - - - -
culturales
Espectáculos de creación
contemporánea para - - - - - - -
contrataciones en Madrid
Oct-07 2025 2
Reporte SEO Mensual
Palabra clave Feb-08 Feb-09 Feb-10 Feb-11 Feb-12 Feb-13 Feb-14
Distribución de espectáculos
artísticos contemporáneos en - - - - - - -
Madrid
Palabra clave Feb-15 Feb-16 Feb-17 Feb-18 Feb-19 Feb-20 Feb-21
Contratación de espectáculos
- - - - - - -
contemporáneos en Madrid
Distribución de artes vivas y
creación contemporánea en - - - - - - -
Madrid
Contratación de artes de calle
en Madrid para eventos - - - - - - -
culturales
Espectáculos de creación
contemporánea para - - - - - - -
contrataciones en Madrid
Distribución de espectáculos
artísticos contemporáneos en - - - - - - -
Madrid
Palabra clave Feb-22 Feb-23 Feb-24 Feb-25 Feb-26 Feb-27 Feb-28
Contratación de espectáculos
- - - - - - -
contemporáneos en Madrid
Distribución de artes vivas y
creación contemporánea en - - - - - - -
Madrid
Contratación de artes de calle
en Madrid para eventos - - - - - - -
culturales
Espectáculos de creación
contemporánea para - - - - - - -
contrataciones en Madrid
Distribución de espectáculos
artísticos contemporáneos en - - - - - - -
Madrid
Palabra clave Mar-01 Mar-02 Mar-03 Mar-04 Mar-05 Mar-06 Mar-07
Contratación de espectáculos
- - - - - - -
contemporáneos en Madrid
Distribución de artes vivas y
creación contemporánea en - - - - - - 37 63
Madrid
Contratación de artes de calle
en Madrid para eventos - - - - - - -
culturales
Espectáculos de creación
contemporánea para - - - - - - -
contrataciones en Madrid
Oct-07 2025 3
Reporte SEO Mensual
Palabra clave Mar-01 Mar-02 Mar-03 Mar-04 Mar-05 Mar-06 Mar-07
Distribución de espectáculos
artísticos contemporáneos en - - - - - - -
Madrid
Palabra clave Mar-08 Mar-09 Mar-10 Mar-11 Mar-12 Mar-13 Mar-14
Contratación de espectáculos
- - - - - - -
contemporáneos en Madrid
Distribución de artes vivas y
creación contemporánea en 43 6 - 47 53 - - - -
Madrid
Contratación de artes de calle
en Madrid para eventos - - - - - - -
culturales
Espectáculos de creación
contemporánea para - - - - - - -
contrataciones en Madrid
Distribución de espectáculos
artísticos contemporáneos en - - - - - - -
Madrid
Palabra clave Mar-15 Mar-16 Mar-17 Mar-18 Mar-19 Mar-20 Mar-21
Contratación de espectáculos
- - - - - - -
contemporáneos en Madrid
Distribución de artes vivas y
creación contemporánea en - - - 40 60 - 43 57 44 1
Madrid
Contratación de artes de calle
en Madrid para eventos - - - - - - -
culturales
Espectáculos de creación
contemporánea para - - - - - - -
contrataciones en Madrid
Distribución de espectáculos
artísticos contemporáneos en - - - - - - -
Madrid
Palabra clave Mar-22 Mar-23 Mar-24 Mar-25 Mar-26 Mar-27 Mar-28
Contratación de espectáculos
- - - - - - -
contemporáneos en Madrid
Distribución de artes vivas y
creación contemporánea en 39 5 35 4 43 8 1 42 1 1 1
Madrid
Contratación de artes de calle
en Madrid para eventos - - - - - - -
culturales
Espectáculos de creación
contemporánea para - - - - - - -
contrataciones en Madrid
Oct-07 2025 4
Reporte SEO Mensual
Palabra clave Mar-22 Mar-23 Mar-24 Mar-25 Mar-26 Mar-27 Mar-28
Distribución de espectáculos
artísticos contemporáneos en - - - - - - -
Madrid
Palabra clave Mar-29 Mar-30 Mar-31 Abr-01 Abr-02 Abr-03 Abr-04
Contratación de espectáculos
- - - - - - -
contemporáneos en Madrid
Distribución de artes vivas y
creación contemporánea en 1 1 1 1 1 1 1
Madrid
Contratación de artes de calle
en Madrid para eventos - - - - - - -
culturales
Espectáculos de creación
contemporánea para - - - - - - -
contrataciones en Madrid
Distribución de espectáculos
artísticos contemporáneos en - - - - - - -
Madrid
Palabra clave Abr-05 Abr-06 Abr-07 Abr-08 Abr-09 Abr-10 Abr-11
Contratación de espectáculos
- - - - - - -
contemporáneos en Madrid
Distribución de artes vivas y
creación contemporánea en 1 1 1 1 1 1 1
Madrid
Contratación de artes de calle
en Madrid para eventos - - - - - - -
culturales
Espectáculos de creación
contemporánea para - - - - - - -
contrataciones en Madrid
Distribución de espectáculos
artísticos contemporáneos en - - - - - - -
Madrid
Palabra clave Abr-12 Abr-13 Abr-14 Abr-15 Abr-16 Abr-17 Abr-18
Contratación de espectáculos
- - - - - - -
contemporáneos en Madrid
Distribución de artes vivas y
creación contemporánea en 1 1 1 1 1 1 1
Madrid
Contratación de artes de calle
en Madrid para eventos - - - - - - -
culturales
Espectáculos de creación
contemporánea para - - - - - - -
contrataciones en Madrid
Oct-07 2025 5
Reporte SEO Mensual
Palabra clave Abr-12 Abr-13 Abr-14 Abr-15 Abr-16 Abr-17 Abr-18
Distribución de espectáculos
artísticos contemporáneos en - - - - - - -
Madrid
Palabra clave Abr-19 Abr-20 Abr-21 Abr-22 Abr-23 Abr-24 Abr-25
Contratación de espectáculos
- - - - - - -
contemporáneos en Madrid
Distribución de artes vivas y
creación contemporánea en 1 1 39 38 33 6 1 32 31 30 31
Madrid
Contratación de artes de calle
en Madrid para eventos - - - - - - -
culturales
Espectáculos de creación
contemporánea para - - - - - - -
contrataciones en Madrid
Distribución de espectáculos
artísticos contemporáneos en - - - - - - -
Madrid
Palabra clave Abr-26 Abr-27 Abr-28 Abr-29 Abr-30 May-01 May-02
Contratación de espectáculos
- - - - - - -
contemporáneos en Madrid
Distribución de artes vivas y
creación contemporánea en 32 1 32 32 23 9 23 18 5 -
Madrid
Contratación de artes de calle
en Madrid para eventos - - - - - - -
culturales
Espectáculos de creación
contemporánea para - - - - - - -
contrataciones en Madrid
Distribución de espectáculos
artísticos contemporáneos en - - - - - - -
Madrid
Palabra clave May-03 May-04 May-05 May-06 May-07 May-08 May-09
Contratación de espectáculos
- - - - - - -
contemporáneos en Madrid
Distribución de artes vivas y
creación contemporánea en - - - 18 82 21 3 21 24 3
Madrid
Contratación de artes de calle
en Madrid para eventos - - - - - - -
culturales
Espectáculos de creación
contemporánea para - - - - - - -
contrataciones en Madrid
Oct-07 2025 6
Reporte SEO Mensual
Palabra clave May-03 May-04 May-05 May-06 May-07 May-08 May-09
Distribución de espectáculos
artísticos contemporáneos en - - - - - - -
Madrid
Palabra clave May-10 May-11 May-12 May-13 May-14 May-15 May-16
Contratación de espectáculos
- - - - - - -
contemporáneos en Madrid
Distribución de artes vivas y
creación contemporánea en 34 10 29 5 31 2 41 10 34 7 29 5 34 5
Madrid
Contratación de artes de calle
en Madrid para eventos - - - - - - -
culturales
Espectáculos de creación
contemporánea para - - - - - - -
contrataciones en Madrid
Distribución de espectáculos
artísticos contemporáneos en - - - - - - -
Madrid
Palabra clave May-17 May-18 May-19 May-20 May-21 May-22 May-23
Contratación de espectáculos
- - - - - - -
contemporáneos en Madrid
Distribución de artes vivas y
creación contemporánea en 33 1 33 43 10 37 6 35 2 39 4 -
Madrid
Contratación de artes de calle
en Madrid para eventos - - - - - - -
culturales
Espectáculos de creación
contemporánea para - - - - - - -
contrataciones en Madrid
Distribución de espectáculos
artísticos contemporáneos en - - - - - - -
Madrid
Palabra clave May-24 May-25 May-26 May-27 May-28 May-29 May-30
Contratación de espectáculos
- - - - - - -
contemporáneos en Madrid
Distribución de artes vivas y
creación contemporánea en - - - - - - -
Madrid
Contratación de artes de calle
en Madrid para eventos - - - - - - -
culturales
Espectáculos de creación
contemporánea para - - - - - - -
contrataciones en Madrid
Oct-07 2025 7
Reporte SEO Mensual
Palabra clave May-24 May-25 May-26 May-27 May-28 May-29 May-30
Distribución de espectáculos
artísticos contemporáneos en - - - - - - -
Madrid
Palabra clave May-31 Jun-01 Jun-02 Jun-03 Jun-04 Jun-05 Jun-06
Contratación de espectáculos
- - - - - - -
contemporáneos en Madrid
Distribución de artes vivas y
creación contemporánea en - - - - - - -
Madrid
Contratación de artes de calle
en Madrid para eventos - - - - - - -
culturales
Espectáculos de creación
contemporánea para - - - - - - -
contrataciones en Madrid
Distribución de espectáculos
artísticos contemporáneos en - - - - - - -
Madrid
Palabra clave Jun-07 Jun-08 Jun-09 Jun-10 Jun-11 Jun-12 Jun-13
Contratación de espectáculos
- - - - - - -
contemporáneos en Madrid
Distribución de artes vivas y
creación contemporánea en - - - - 2 98 1 1 1
Madrid
Contratación de artes de calle
en Madrid para eventos - - - - - - -
culturales
Espectáculos de creación
contemporánea para - - - - - - -
contrataciones en Madrid
Distribución de espectáculos
artísticos contemporáneos en - - - - - - -
Madrid
Palabra clave Jun-14 Jun-15 Jun-16 Jun-17 Jun-18 Jun-19 Jun-20
Contratación de espectáculos
- - - - - - -
contemporáneos en Madrid
Distribución de artes vivas y
creación contemporánea en 53 52 33 20 35 2 1 34 35 34 34 1 33 1
Madrid
Contratación de artes de calle
en Madrid para eventos - - - - - - -
culturales
Espectáculos de creación
contemporánea para - - - - - - -
contrataciones en Madrid
Oct-07 2025 8
Reporte SEO Mensual
Palabra clave Jun-14 Jun-15 Jun-16 Jun-17 Jun-18 Jun-19 Jun-20
Distribución de espectáculos
artísticos contemporáneos en - - - - - - -
Madrid
Palabra clave Jun-21 Jun-22 Jun-23 Jun-24 Jun-25 Jun-26 Jun-27
Contratación de espectáculos
- - - - - - -
contemporáneos en Madrid
Distribución de artes vivas y
creación contemporánea en 1 32 1 1 1 1 1 1
Madrid
Contratación de artes de calle
en Madrid para eventos - - - - - - -
culturales
Espectáculos de creación
contemporánea para - - - - - - -
contrataciones en Madrid
Distribución de espectáculos
artísticos contemporáneos en - - - - - - -
Madrid
Palabra clave Jun-28 Jun-29 Jun-30 Jul-01 Jul-02 Jul-03 Jul-04
Contratación de espectáculos
- - - - - - -
contemporáneos en Madrid
Distribución de artes vivas y
creación contemporánea en 1 1 1 46 45 1 45 1 32 31
Madrid
Contratación de artes de calle
en Madrid para eventos - - - - - - -
culturales
Espectáculos de creación
contemporánea para - - - - - - -
contrataciones en Madrid
Distribución de espectáculos
artísticos contemp",memoria,0.267,actividad|desarrollo|documentacion,False,False,False,desarrollo,ACC-COMUNICACION-002E11867C,0.39,pendiente_revision,/Users/usuario/Desktop/PROFESIONAL/enGira/FINANCIACIÓN/SUBVENCIONES/MINISTERIO DE CULTURA/Industrias Culturales 25/JUSTIFICACION/datos_engira/06_DESARROLLO_PLATAFORMA/SEO/reportes/3.2736.-Maria-Artes-Escenicas-DISP-SIN-IVA_2025_10_07.pdf
desarrollo_plataforma,06_DESARROLLO_PLATAFORMA/SEO/reportes/3.2736.-Maria-Artes-Escenicas-DISP-SIN-IVA_2025_02_03.pdf,3.2736.-Maria-Artes-Escenicas-DISP-SIN-IVA_2025_02_03.pdf,.pdf,278101,documento,2025-03-03T11:00:42,2,,,,,,"Reporte SEO Mensual
Resumen del informe Feb-03 2024 - Feb-03 2025 engira.art
Datos de rankings
Keywords en el Top 3
Posiciones ganadas 0
0
0%
Keywords en el Top 10
0
Posiciones perdidas
Keywords en SERPs
0 Keywords en el Top 30
0
0
Top 5 keywords que cayeron
MOTOR DE
PALABRA CLAVE POSICIÓN
BÚSQUEDA
Visibilidad de búsqueda
VISIBILIDAD DISTRIBUCIÓN DE LAS MEJORES POSICIONES
0%
6
4
POSICIÓN PROMEDIO 2
100
0
TOP 1-3 TOP 4-10 TOP 11-30 TOP 31-100 Fuera del índice
Posición promedio
98
100
102
28 Ene 29 Ene 30 Ene 31 Ene 01 Feb 02 Feb 03 Feb
Google Spain Promedio de todas
Feb-03 2025 1
Reporte SEO Mensual
Resultados Diarios engira.art
Google Spain Feb-03 2024 - Feb-03 2025
Ingresaron al TOP 10 Salieron del TOP 10 En el Top 10 Entraron en el Top 100
Palabra clave Visibilidad Dinámica URL en SERP Ene-28 Ene-29 Ene-30 Ene-31
Contratación de espectáculos
N/A N/A N/A - - - -
contemporáneos en Madrid
Distribución de artes vivas y
creación contemporánea en N/A N/A N/A - - - -
Madrid
Contratación de artes de calle
en Madrid para eventos N/A N/A N/A - - - -
culturales
Espectáculos de creación
contemporánea para N/A N/A N/A - - - -
contrataciones en Madrid
Distribución de espectáculos
artísticos contemporáneos en N/A N/A N/A - - - -
Madrid
Palabra clave Feb-01 Feb-02 Feb-03
Contratación de espectáculos
- - -
contemporáneos en Madrid
Distribución de artes vivas y
creación contemporánea en - - -
Madrid
Contratación de artes de calle
en Madrid para eventos - - -
culturales
Espectáculos de creación
contemporánea para - - -
contrataciones en Madrid
Distribución de espectáculos
artísticos contemporáneos en - - -
Madrid
Feb-03 2025 2",memoria,0.267,actividad|desarrollo|documentacion,False,False,False,desarrollo,ACC-COMUNICACION-002E11867C,0.39,pendiente_revision,/Users/usuario/Desktop/PROFESIONAL/enGira/FINANCIACIÓN/SUBVENCIONES/MINISTERIO DE CULTURA/Industrias Culturales 25/JUSTIFICACION/datos_engira/06_DESARROLLO_PLATAFORMA/SEO/reportes/3.2736.-Maria-Artes-Escenicas-DISP-SIN-IVA_2025_02_03.pdf
desarrollo_plataforma,06_DESARROLLO_PLATAFORMA/SEO/reportes/3.2736.-Maria-Artes-Escenicas-DISP-SIN-IVA_2025_09_09.pdf,3.2736.-Maria-Artes-Escenicas-DISP-SIN-IVA_2025_09_09.pdf,.pdf,1412504,documento,2025-09-11T21:43:08.480869,13,,,,https://www.engira.art/,,"Reporte SEO Mensual
Resumen del informe Sep-09 2024 - Sep-09 2025 engira.art
Datos de rankings
Keywords en el Top 3
Posiciones ganadas 1 1
2
40%
Keywords en el Top 10
2 2
Posiciones perdidas
Keywords en SERPs
0 Keywords en el Top 30
2
2 2
Top 5 keywords que cayeron
MOTOR DE
PALABRA CLAVE POSICIÓN
BÚSQUEDA
Visibilidad de búsqueda
VISIBILIDAD DISTRIBUCIÓN DE LAS MEJORES POSICIONES
0%
4
2
POSICIÓN PROMEDIO
62
38
0
TOP 1-3 TOP 4-10 TOP 11-30 TOP 31-100 Fuera del índice
Posición promedio
60
84
108
Feb 25 Mar 25 Abr 25 May 25 Jun 25 Jul 25 Ago 25 Sep 25
Google Spain Promedio de todas
Sep-09 2025 1
Reporte SEO Mensual
Resultados Diarios engira.art
Google Spain Sep-09 2024 - Sep-09 2025
Ingresaron al TOP 10 Salieron del TOP 10 En el Top 10 Entraron en el Top 100
Palabra clave Visibilidad Dinámica URL en SERP Ene-28 Ene-29 Ene-30 Ene-31
Contratación de espectáculos
50 93 https://www.engira.art/ - - - -
contemporáneos en Madrid
Distribución de artes vivas y
creación contemporánea en 100 99 https://www.engira.art/ - - - -
Madrid
Contratación de artes de calle
en Madrid para eventos N/A N/A N/A - - - -
culturales
Espectáculos de creación
contemporánea para N/A N/A N/A - - - -
contrataciones en Madrid
Distribución de espectáculos
artísticos contemporáneos en N/A N/A N/A - - - -
Madrid
Palabra clave Feb-01 Feb-02 Feb-03 Feb-04 Feb-05 Feb-06 Feb-07
Contratación de espectáculos
- - - - - - -
contemporáneos en Madrid
Distribución de artes vivas y
creación contemporánea en - - - - - - -
Madrid
Contratación de artes de calle
en Madrid para eventos - - - - - - -
culturales
Espectáculos de creación
contemporánea para - - - - - - -
contrataciones en Madrid
Distribución de espectáculos
artísticos contemporáneos en - - - - - - -
Madrid
Palabra clave Feb-08 Feb-09 Feb-10 Feb-11 Feb-12 Feb-13 Feb-14
Contratación de espectáculos
- - - - - - -
contemporáneos en Madrid
Distribución de artes vivas y
creación contemporánea en - - - - - - -
Madrid
Contratación de artes de calle
en Madrid para eventos - - - - - - -
culturales
Espectáculos de creación
contemporánea para - - - - - - -
contrataciones en Madrid
Sep-09 2025 2
Reporte SEO Mensual
Palabra clave Feb-08 Feb-09 Feb-10 Feb-11 Feb-12 Feb-13 Feb-14
Distribución de espectáculos
artísticos contemporáneos en - - - - - - -
Madrid
Palabra clave Feb-15 Feb-16 Feb-17 Feb-18 Feb-19 Feb-20 Feb-21
Contratación de espectáculos
- - - - - - -
contemporáneos en Madrid
Distribución de artes vivas y
creación contemporánea en - - - - - - -
Madrid
Contratación de artes de calle
en Madrid para eventos - - - - - - -
culturales
Espectáculos de creación
contemporánea para - - - - - - -
contrataciones en Madrid
Distribución de espectáculos
artísticos contemporáneos en - - - - - - -
Madrid
Palabra clave Feb-22 Feb-23 Feb-24 Feb-25 Feb-26 Feb-27 Feb-28
Contratación de espectáculos
- - - - - - -
contemporáneos en Madrid
Distribución de artes vivas y
creación contemporánea en - - - - - - -
Madrid
Contratación de artes de calle
en Madrid para eventos - - - - - - -
culturales
Espectáculos de creación
contemporánea para - - - - - - -
contrataciones en Madrid
Distribución de espectáculos
artísticos contemporáneos en - - - - - - -
Madrid
Palabra clave Mar-01 Mar-02 Mar-03 Mar-04 Mar-05 Mar-06 Mar-07
Contratación de espectáculos
- - - - - - -
contemporáneos en Madrid
Distribución de artes vivas y
creación contemporánea en - - - - - - 37 63
Madrid
Contratación de artes de calle
en Madrid para eventos - - - - - - -
culturales
Espectáculos de creación
contemporánea para - - - - - - -
contrataciones en Madrid
Sep-09 2025 3
Reporte SEO Mensual
Palabra clave Mar-01 Mar-02 Mar-03 Mar-04 Mar-05 Mar-06 Mar-07
Distribución de espectáculos
artísticos contemporáneos en - - - - - - -
Madrid
Palabra clave Mar-08 Mar-09 Mar-10 Mar-11 Mar-12 Mar-13 Mar-14
Contratación de espectáculos
- - - - - - -
contemporáneos en Madrid
Distribución de artes vivas y
creación contemporánea en 43 6 - 47 53 - - - -
Madrid
Contratación de artes de calle
en Madrid para eventos - - - - - - -
culturales
Espectáculos de creación
contemporánea para - - - - - - -
contrataciones en Madrid
Distribución de espectáculos
artísticos contemporáneos en - - - - - - -
Madrid
Palabra clave Mar-15 Mar-16 Mar-17 Mar-18 Mar-19 Mar-20 Mar-21
Contratación de espectáculos
- - - - - - -
contemporáneos en Madrid
Distribución de artes vivas y
creación contemporánea en - - - 40 60 - 43 57 44 1
Madrid
Contratación de artes de calle
en Madrid para eventos - - - - - - -
culturales
Espectáculos de creación
contemporánea para - - - - - - -
contrataciones en Madrid
Distribución de espectáculos
artísticos contemporáneos en - - - - - - -
Madrid
Palabra clave Mar-22 Mar-23 Mar-24 Mar-25 Mar-26 Mar-27 Mar-28
Contratación de espectáculos
- - - - - - -
contemporáneos en Madrid
Distribución de artes vivas y
creación contemporánea en 39 5 35 4 43 8 1 42 1 1 1
Madrid
Contratación de artes de calle
en Madrid para eventos - - - - - - -
culturales
Espectáculos de creación
contemporánea para - - - - - - -
contrataciones en Madrid
Sep-09 2025 4
Reporte SEO Mensual
Palabra clave Mar-22 Mar-23 Mar-24 Mar-25 Mar-26 Mar-27 Mar-28
Distribución de espectáculos
artísticos contemporáneos en - - - - - - -
Madrid
Palabra clave Mar-29 Mar-30 Mar-31 Abr-01 Abr-02 Abr-03 Abr-04
Contratación de espectáculos
- - - - - - -
contemporáneos en Madrid
Distribución de artes vivas y
creación contemporánea en 1 1 1 1 1 1 1
Madrid
Contratación de artes de calle
en Madrid para eventos - - - - - - -
culturales
Espectáculos de creación
contemporánea para - - - - - - -
contrataciones en Madrid
Distribución de espectáculos
artísticos contemporáneos en - - - - - - -
Madrid
Palabra clave Abr-05 Abr-06 Abr-07 Abr-08 Abr-09 Abr-10 Abr-11
Contratación de espectáculos
- - - - - - -
contemporáneos en Madrid
Distribución de artes vivas y
creación contemporánea en 1 1 1 1 1 1 1
Madrid
Contratación de artes de calle
en Madrid para eventos - - - - - - -
culturales
Espectáculos de creación
contemporánea para - - - - - - -
contrataciones en Madrid
Distribución de espectáculos
artísticos contemporáneos en - - - - - - -
Madrid
Palabra clave Abr-12 Abr-13 Abr-14 Abr-15 Abr-16 Abr-17 Abr-18
Contratación de espectáculos
- - - - - - -
contemporáneos en Madrid
Distribución de artes vivas y
creación contemporánea en 1 1 1 1 1 1 1
Madrid
Contratación de artes de calle
en Madrid para eventos - - - - - - -
culturales
Espectáculos de creación
contemporánea para - - - - - - -
contrataciones en Madrid
Sep-09 2025 5
Reporte SEO Mensual
Palabra clave Abr-12 Abr-13 Abr-14 Abr-15 Abr-16 Abr-17 Abr-18
Distribución de espectáculos
artísticos contemporáneos en - - - - - - -
Madrid
Palabra clave Abr-19 Abr-20 Abr-21 Abr-22 Abr-23 Abr-24 Abr-25
Contratación de espectáculos
- - - - - - -
contemporáneos en Madrid
Distribución de artes vivas y
creación contemporánea en 1 1 39 38 33 6 1 32 31 30 31
Madrid
Contratación de artes de calle
en Madrid para eventos - - - - - - -
culturales
Espectáculos de creación
contemporánea para - - - - - - -
contrataciones en Madrid
Distribución de espectáculos
artísticos contemporáneos en - - - - - - -
Madrid
Palabra clave Abr-26 Abr-27 Abr-28 Abr-29 Abr-30 May-01 May-02
Contratación de espectáculos
- - - - - - -
contemporáneos en Madrid
Distribución de artes vivas y
creación contemporánea en 32 1 32 32 23 9 23 18 5 -
Madrid
Contratación de artes de calle
en Madrid para eventos - - - - - - -
culturales
Espectáculos de creación
contemporánea para - - - - - - -
contrataciones en Madrid
Distribución de espectáculos
artísticos contemporáneos en - - - - - - -
Madrid
Palabra clave May-03 May-04 May-05 May-06 May-07 May-08 May-09
Contratación de espectáculos
- - - - - - -
contemporáneos en Madrid
Distribución de artes vivas y
creación contemporánea en - - - 18 82 21 3 21 24 3
Madrid
Contratación de artes de calle
en Madrid para eventos - - - - - - -
culturales
Espectáculos de creación
contemporánea para - - - - - - -
contrataciones en Madrid
Sep-09 2025 6
Reporte SEO Mensual
Palabra clave May-03 May-04 May-05 May-06 May-07 May-08 May-09
Distribución de espectáculos
artísticos contemporáneos en - - - - - - -
Madrid
Palabra clave May-10 May-11 May-12 May-13 May-14 May-15 May-16
Contratación de espectáculos
- - - - - - -
contemporáneos en Madrid
Distribución de artes vivas y
creación contemporánea en 34 10 29 5 31 2 41 10 34 7 29 5 34 5
Madrid
Contratación de artes de calle
en Madrid para eventos - - - - - - -
culturales
Espectáculos de creación
contemporánea para - - - - - - -
contrataciones en Madrid
Distribución de espectáculos
artísticos contemporáneos en - - - - - - -
Madrid
Palabra clave May-17 May-18 May-19 May-20 May-21 May-22 May-23
Contratación de espectáculos
- - - - - - -
contemporáneos en Madrid
Distribución de artes vivas y
creación contemporánea en 33 1 33 43 10 37 6 35 2 39 4 -
Madrid
Contratación de artes de calle
en Madrid para eventos - - - - - - -
culturales
Espectáculos de creación
contemporánea para - - - - - - -
contrataciones en Madrid
Distribución de espectáculos
artísticos contemporáneos en - - - - - - -
Madrid
Palabra clave May-24 May-25 May-26 May-27 May-28 May-29 May-30
Contratación de espectáculos
- - - - - - -
contemporáneos en Madrid
Distribución de artes vivas y
creación contemporánea en - - - - - - -
Madrid
Contratación de artes de calle
en Madrid para eventos - - - - - - -
culturales
Espectáculos de creación
contemporánea para - - - - - - -
contrataciones en Madrid
Sep-09 2025 7
Reporte SEO Mensual
Palabra clave May-24 May-25 May-26 May-27 May-28 May-29 May-30
Distribución de espectáculos
artísticos contemporáneos en - - - - - - -
Madrid
Palabra clave May-31 Jun-01 Jun-02 Jun-03 Jun-04 Jun-05 Jun-06
Contratación de espectáculos
- - - - - - -
contemporáneos en Madrid
Distribución de artes vivas y
creación contemporánea en - - - - - - -
Madrid
Contratación de artes de calle
en Madrid para eventos - - - - - - -
culturales
Espectáculos de creación
contemporánea para - - - - - - -
contrataciones en Madrid
Distribución de espectáculos
artísticos contemporáneos en - - - - - - -
Madrid
Palabra clave Jun-07 Jun-08 Jun-09 Jun-10 Jun-11 Jun-12 Jun-13
Contratación de espectáculos
- - - - - - -
contemporáneos en Madrid
Distribución de artes vivas y
creación contemporánea en - - - - 2 98 1 1 1
Madrid
Contratación de artes de calle
en Madrid para eventos - - - - - - -
culturales
Espectáculos de creación
contemporánea para - - - - - - -
contrataciones en Madrid
Distribución de espectáculos
artísticos contemporáneos en - - - - - - -
Madrid
Palabra clave Jun-14 Jun-15 Jun-16 Jun-17 Jun-18 Jun-19 Jun-20
Contratación de espectáculos
- - - - - - -
contemporáneos en Madrid
Distribución de artes vivas y
creación contemporánea en 53 52 33 20 35 2 1 34 35 34 34 1 33 1
Madrid
Contratación de artes de calle
en Madrid para eventos - - - - - - -
culturales
Espectáculos de creación
contemporánea para - - - - - - -
contrataciones en Madrid
Sep-09 2025 8
Reporte SEO Mensual
Palabra clave Jun-14 Jun-15 Jun-16 Jun-17 Jun-18 Jun-19 Jun-20
Distribución de espectáculos
artísticos contemporáneos en - - - - - - -
Madrid
Palabra clave Jun-21 Jun-22 Jun-23 Jun-24 Jun-25 Jun-26 Jun-27
Contratación de espectáculos
- - - - - - -
contemporáneos en Madrid
Distribución de artes vivas y
creación contemporánea en 1 32 1 1 1 1 1 1
Madrid
Contratación de artes de calle
en Madrid para eventos - - - - - - -
culturales
Espectáculos de creación
contemporánea para - - - - - - -
contrataciones en Madrid
Distribución de espectáculos
artísticos contemporáneos en - - - - - - -
Madrid
Palabra clave Jun-28 Jun-29 Jun-30 Jul-01 Jul-02 Jul-03 Jul-04
Contratación de espectáculos
- - - - - - -
contemporáneos en Madrid
Distribución de artes vivas y
creación contemporánea en 1 1 1 46 45 1 45 1 32 31
Madrid
Contratación de artes de calle
en Madrid para eventos - - - - - - -
culturales
Espectáculos de creación
contemporánea para - - - - - - -
contrataciones en Madrid
Distribución de espectáculos
artísticos contemporáneos en - - - - - - -
Ma",memoria,0.267,actividad|desarrollo|documentacion,False,False,False,desarrollo,ACC-COMUNICACION-002E11867C,0.39,pendiente_revision,/Users/usuario/Desktop/PROFESIONAL/enGira/FINANCIACIÓN/SUBVENCIONES/MINISTERIO DE CULTURA/Industrias Culturales 25/JUSTIFICACION/datos_engira/06_DESARROLLO_PLATAFORMA/SEO/reportes/3.2736.-Maria-Artes-Escenicas-DISP-SIN-IVA_2025_09_09.pdf
desarrollo_plataforma,06_DESARROLLO_PLATAFORMA/SEO/reportes/3.2736.-Maria-Artes-Escenicas-DISP-SIN-IVA_2025_06_03.pdf,3.2736.-Maria-Artes-Escenicas-DISP-SIN-IVA_2025_06_03.pdf,.pdf,888933,documento,2025-06-04T09:42:18,8,,,,https://engira.art/,,"Reporte SEO Mensual
Resumen del informe Jun-03 2024 - Jun-03 2025 engira.art
Datos de rankings
Keywords en el Top 3
Posiciones ganadas 0
0
0%
Keywords en el Top 10
0
Posiciones perdidas
Keywords en SERPs
0 Keywords en el Top 30
0
0
Top 5 keywords que cayeron
MOTOR DE
PALABRA CLAVE POSICIÓN
BÚSQUEDA
Visibilidad de búsqueda
VISIBILIDAD DISTRIBUCIÓN DE LAS MEJORES POSICIONES
0%
6
4
POSICIÓN PROMEDIO 2
100
0
TOP 1-3 TOP 4-10 TOP 11-30 TOP 31-100 Fuera del índice
Posición promedio
78
90
102
03 Feb 17 Feb 03 Mar 17 Mar 31 Mar 14 Abr 28 Abr 12 May 26 May
Google Spain Promedio de todas
Jun-03 2025 1
Reporte SEO Mensual
Resultados Diarios engira.art
Google Spain Jun-03 2024 - Jun-03 2025
Ingresaron al TOP 10 Salieron del TOP 10 En el Top 10 Entraron en el Top 100
Palabra clave Visibilidad Dinámica URL en SERP Ene-28 Ene-29 Ene-30 Ene-31
Contratación de espectáculos
N/A N/A N/A - - - -
contemporáneos en Madrid
Distribución de artes vivas y
creación contemporánea en N/A N/A https://engira.art/ - - - -
Madrid
Contratación de artes de calle
en Madrid para eventos N/A N/A N/A - - - -
culturales
Espectáculos de creación
contemporánea para N/A N/A N/A - - - -
contrataciones en Madrid
Distribución de espectáculos
artísticos contemporáneos en N/A N/A N/A - - - -
Madrid
Palabra clave Feb-01 Feb-02 Feb-03 Feb-04 Feb-05 Feb-06 Feb-07
Contratación de espectáculos
- - - - - - -
contemporáneos en Madrid
Distribución de artes vivas y
creación contemporánea en - - - - - - -
Madrid
Contratación de artes de calle
en Madrid para eventos - - - - - - -
culturales
Espectáculos de creación
contemporánea para - - - - - - -
contrataciones en Madrid
Distribución de espectáculos
artísticos contemporáneos en - - - - - - -
Madrid
Palabra clave Feb-08 Feb-09 Feb-10 Feb-11 Feb-12 Feb-13 Feb-14
Contratación de espectáculos
- - - - - - -
contemporáneos en Madrid
Distribución de artes vivas y
creación contemporánea en - - - - - - -
Madrid
Contratación de artes de calle
en Madrid para eventos - - - - - - -
culturales
Espectáculos de creación
contemporánea para - - - - - - -
contrataciones en Madrid
Jun-03 2025 2
Reporte SEO Mensual
Palabra clave Feb-08 Feb-09 Feb-10 Feb-11 Feb-12 Feb-13 Feb-14
Distribución de espectáculos
artísticos contemporáneos en - - - - - - -
Madrid
Palabra clave Feb-15 Feb-16 Feb-17 Feb-18 Feb-19 Feb-20 Feb-21
Contratación de espectáculos
- - - - - - -
contemporáneos en Madrid
Distribución de artes vivas y
creación contemporánea en - - - - - - -
Madrid
Contratación de artes de calle
en Madrid para eventos - - - - - - -
culturales
Espectáculos de creación
contemporánea para - - - - - - -
contrataciones en Madrid
Distribución de espectáculos
artísticos contemporáneos en - - - - - - -
Madrid
Palabra clave Feb-22 Feb-23 Feb-24 Feb-25 Feb-26 Feb-27 Feb-28
Contratación de espectáculos
- - - - - - -
contemporáneos en Madrid
Distribución de artes vivas y
creación contemporánea en - - - - - - -
Madrid
Contratación de artes de calle
en Madrid para eventos - - - - - - -
culturales
Espectáculos de creación
contemporánea para - - - - - - -
contrataciones en Madrid
Distribución de espectáculos
artísticos contemporáneos en - - - - - - -
Madrid
Palabra clave Mar-01 Mar-02 Mar-03 Mar-04 Mar-05 Mar-06 Mar-07
Contratación de espectáculos
- - - - - - -
contemporáneos en Madrid
Distribución de artes vivas y
creación contemporánea en - - - - - - 37 63
Madrid
Contratación de artes de calle
en Madrid para eventos - - - - - - -
culturales
Espectáculos de creación
contemporánea para - - - - - - -
contrataciones en Madrid
Jun-03 2025 3
Reporte SEO Mensual
Palabra clave Mar-01 Mar-02 Mar-03 Mar-04 Mar-05 Mar-06 Mar-07
Distribución de espectáculos
artísticos contemporáneos en - - - - - - -
Madrid
Palabra clave Mar-08 Mar-09 Mar-10 Mar-11 Mar-12 Mar-13 Mar-14
Contratación de espectáculos
- - - - - - -
contemporáneos en Madrid
Distribución de artes vivas y
creación contemporánea en 43 6 - 47 53 - - - -
Madrid
Contratación de artes de calle
en Madrid para eventos - - - - - - -
culturales
Espectáculos de creación
contemporánea para - - - - - - -
contrataciones en Madrid
Distribución de espectáculos
artísticos contemporáneos en - - - - - - -
Madrid
Palabra clave Mar-15 Mar-16 Mar-17 Mar-18 Mar-19 Mar-20 Mar-21
Contratación de espectáculos
- - - - - - -
contemporáneos en Madrid
Distribución de artes vivas y
creación contemporánea en - - - 40 60 - 43 57 44 1
Madrid
Contratación de artes de calle
en Madrid para eventos - - - - - - -
culturales
Espectáculos de creación
contemporánea para - - - - - - -
contrataciones en Madrid
Distribución de espectáculos
artísticos contemporáneos en - - - - - - -
Madrid
Palabra clave Mar-22 Mar-23 Mar-24 Mar-25 Mar-26 Mar-27 Mar-28
Contratación de espectáculos
- - - - - - -
contemporáneos en Madrid
Distribución de artes vivas y
creación contemporánea en 39 5 35 4 43 8 1 42 1 1 1
Madrid
Contratación de artes de calle
en Madrid para eventos - - - - - - -
culturales
Espectáculos de creación
contemporánea para - - - - - - -
contrataciones en Madrid
Jun-03 2025 4
Reporte SEO Mensual
Palabra clave Mar-22 Mar-23 Mar-24 Mar-25 Mar-26 Mar-27 Mar-28
Distribución de espectáculos
artísticos contemporáneos en - - - - - - -
Madrid
Palabra clave Mar-29 Mar-30 Mar-31 Abr-01 Abr-02 Abr-03 Abr-04
Contratación de espectáculos
- - - - - - -
contemporáneos en Madrid
Distribución de artes vivas y
creación contemporánea en 1 1 1 1 1 1 1
Madrid
Contratación de artes de calle
en Madrid para eventos - - - - - - -
culturales
Espectáculos de creación
contemporánea para - - - - - - -
contrataciones en Madrid
Distribución de espectáculos
artísticos contemporáneos en - - - - - - -
Madrid
Palabra clave Abr-05 Abr-06 Abr-07 Abr-08 Abr-09 Abr-10 Abr-11
Contratación de espectáculos
- - - - - - -
contemporáneos en Madrid
Distribución de artes vivas y
creación contemporánea en 1 1 1 1 1 1 1
Madrid
Contratación de artes de calle
en Madrid para eventos - - - - - - -
culturales
Espectáculos de creación
contemporánea para - - - - - - -
contrataciones en Madrid
Distribución de espectáculos
artísticos contemporáneos en - - - - - - -
Madrid
Palabra clave Abr-12 Abr-13 Abr-14 Abr-15 Abr-16 Abr-17 Abr-18
Contratación de espectáculos
- - - - - - -
contemporáneos en Madrid
Distribución de artes vivas y
creación contemporánea en 1 1 1 1 1 1 1
Madrid
Contratación de artes de calle
en Madrid para eventos - - - - - - -
culturales
Espectáculos de creación
contemporánea para - - - - - - -
contrataciones en Madrid
Jun-03 2025 5
Reporte SEO Mensual
Palabra clave Abr-12 Abr-13 Abr-14 Abr-15 Abr-16 Abr-17 Abr-18
Distribución de espectáculos
artísticos contemporáneos en - - - - - - -
Madrid
Palabra clave Abr-19 Abr-20 Abr-21 Abr-22 Abr-23 Abr-24 Abr-25
Contratación de espectáculos
- - - - - - -
contemporáneos en Madrid
Distribución de artes vivas y
creación contemporánea en 1 1 39 38 33 6 1 32 31 30 31
Madrid
Contratación de artes de calle
en Madrid para eventos - - - - - - -
culturales
Espectáculos de creación
contemporánea para - - - - - - -
contrataciones en Madrid
Distribución de espectáculos
artísticos contemporáneos en - - - - - - -
Madrid
Palabra clave Abr-26 Abr-27 Abr-28 Abr-29 Abr-30 May-01 May-02
Contratación de espectáculos
- - - - - - -
contemporáneos en Madrid
Distribución de artes vivas y
creación contemporánea en 32 1 32 32 23 9 23 18 5 -
Madrid
Contratación de artes de calle
en Madrid para eventos - - - - - - -
culturales
Espectáculos de creación
contemporánea para - - - - - - -
contrataciones en Madrid
Distribución de espectáculos
artísticos contemporáneos en - - - - - - -
Madrid
Palabra clave May-03 May-04 May-05 May-06 May-07 May-08 May-09
Contratación de espectáculos
- - - - - - -
contemporáneos en Madrid
Distribución de artes vivas y
creación contemporánea en - - - 18 82 21 3 21 24 3
Madrid
Contratación de artes de calle
en Madrid para eventos - - - - - - -
culturales
Espectáculos de creación
contemporánea para - - - - - - -
contrataciones en Madrid
Jun-03 2025 6
Reporte SEO Mensual
Palabra clave May-03 May-04 May-05 May-06 May-07 May-08 May-09
Distribución de espectáculos
artísticos contemporáneos en - - - - - - -
Madrid
Palabra clave May-10 May-11 May-12 May-13 May-14 May-15 May-16
Contratación de espectáculos
- - - - - - -
contemporáneos en Madrid
Distribución de artes vivas y
creación contemporánea en 34 10 29 5 31 2 41 10 34 7 29 5 34 5
Madrid
Contratación de artes de calle
en Madrid para eventos - - - - - - -
culturales
Espectáculos de creación
contemporánea para - - - - - - -
contrataciones en Madrid
Distribución de espectáculos
artísticos contemporáneos en - - - - - - -
Madrid
Palabra clave May-17 May-18 May-19 May-20 May-21 May-22 May-23
Contratación de espectáculos
- - - - - - -
contemporáneos en Madrid
Distribución de artes vivas y
creación contemporánea en 33 1 33 43 10 37 6 35 2 39 4 -
Madrid
Contratación de artes de calle
en Madrid para eventos - - - - - - -
culturales
Espectáculos de creación
contemporánea para - - - - - - -
contrataciones en Madrid
Distribución de espectáculos
artísticos contemporáneos en - - - - - - -
Madrid
Palabra clave May-24 May-25 May-26 May-27 May-28 May-29 May-30
Contratación de espectáculos
- - - - - - -
contemporáneos en Madrid
Distribución de artes vivas y
creación contemporánea en - - - - - - -
Madrid
Contratación de artes de calle
en Madrid para eventos - - - - - - -
culturales
Espectáculos de creación
contemporánea para - - - - - - -
contrataciones en Madrid
Jun-03 2025 7
Reporte SEO Mensual
Palabra clave May-24 May-25 May-26 May-27 May-28 May-29 May-30
Distribución de espectáculos
artísticos contemporáneos en - - - - - - -
Madrid
Palabra clave May-31 Jun-01 Jun-02 Jun-03
Contratación de espectáculos
- - - -
contemporáneos en Madrid
Distribución de artes vivas y
creación contemporánea en - - - -
Madrid
Contratación de artes de calle
en Madrid para eventos - - - -
culturales
Espectáculos de creación
contemporánea para - - - -
contrataciones en Madrid
Distribución de espectáculos
artísticos contemporáneos en - - - -
Madrid
Jun-03 2025 8",memoria,0.267,actividad|desarrollo|documentacion,False,False,False,desarrollo,ACC-COMUNICACION-002E11867C,0.39,pendiente_revision,/Users/usuario/Desktop/PROFESIONAL/enGira/FINANCIACIÓN/SUBVENCIONES/MINISTERIO DE CULTURA/Industrias Culturales 25/JUSTIFICACION/datos_engira/06_DESARROLLO_PLATAFORMA/SEO/reportes/3.2736.-Maria-Artes-Escenicas-DISP-SIN-IVA_2025_06_03.pdf
desarrollo_plataforma,06_DESARROLLO_PLATAFORMA/SEO/reportes/3.2736.-Maria-Artes-Escenicas-DISP-SIN-IVA_2025_04_03.pdf,3.2736.-Maria-Artes-Escenicas-DISP-SIN-IVA_2025_04_03.pdf,.pdf,408014,documento,2025-04-03T09:25:02,4,,,,https://engira.art/,,"Reporte SEO Mensual
Resultados Diarios engira.art
Google Spain Abr-03 2024 - Abr-03 2025
Ingresaron al TOP 10 Salieron del TOP 10 En el Top 10 Entraron en el Top 100
Palabra clave Visibilidad Dinámica URL en SERP Ene-28 Ene-29 Ene-30 Ene-31
Contratación de espectáculos
N/A N/A N/A - - - -
contemporáneos en Madrid
Distribución de artes vivas y
creación contemporánea en 100 99 https://engira.art/ - - - -
Madrid
Contratación de artes de calle
en Madrid para eventos N/A N/A N/A - - - -
culturales
Espectáculos de creación
contemporánea para N/A N/A N/A - - - -
contrataciones en Madrid
Distribución de espectáculos
artísticos contemporáneos en N/A N/A N/A - - - -
Madrid
Palabra clave Feb-01 Feb-02 Feb-03 Feb-04 Feb-05 Feb-06 Feb-07
Contratación de espectáculos
- - - - - - -
contemporáneos en Madrid
Distribución de artes vivas y
creación contemporánea en - - - - - - -
Madrid
Contratación de artes de calle
en Madrid para eventos - - - - - - -
culturales
Espectáculos de creación
contemporánea para - - - - - - -
contrataciones en Madrid
Distribución de espectáculos
artísticos contemporáneos en - - - - - - -
Madrid
Palabra clave Feb-08 Feb-09 Feb-10 Feb-11 Feb-12 Feb-13 Feb-14
Contratación de espectáculos
- - - - - - -
contemporáneos en Madrid
Distribución de artes vivas y
creación contemporánea en - - - - - - -
Madrid
Contratación de artes de calle
en Madrid para eventos - - - - - - -
culturales
Espectáculos de creación
contemporánea para - - - - - - -
contrataciones en Madrid
Apr-03 2025 1
Reporte SEO Mensual
Palabra clave Feb-08 Feb-09 Feb-10 Feb-11 Feb-12 Feb-13 Feb-14
Distribución de espectáculos
artísticos contemporáneos en - - - - - - -
Madrid
Palabra clave Feb-15 Feb-16 Feb-17 Feb-18 Feb-19 Feb-20 Feb-21
Contratación de espectáculos
- - - - - - -
contemporáneos en Madrid
Distribución de artes vivas y
creación contemporánea en - - - - - - -
Madrid
Contratación de artes de calle
en Madrid para eventos - - - - - - -
culturales
Espectáculos de creación
contemporánea para - - - - - - -
contrataciones en Madrid
Distribución de espectáculos
artísticos contemporáneos en - - - - - - -
Madrid
Palabra clave Feb-22 Feb-23 Feb-24 Feb-25 Feb-26 Feb-27 Feb-28
Contratación de espectáculos
- - - - - - -
contemporáneos en Madrid
Distribución de artes vivas y
creación contemporánea en - - - - - - -
Madrid
Contratación de artes de calle
en Madrid para eventos - - - - - - -
culturales
Espectáculos de creación
contemporánea para - - - - - - -
contrataciones en Madrid
Distribución de espectáculos
artísticos contemporáneos en - - - - - - -
Madrid
Palabra clave Mar-01 Mar-02 Mar-03 Mar-04 Mar-05 Mar-06 Mar-07
Contratación de espectáculos
- - - - - - -
contemporáneos en Madrid
Distribución de artes vivas y
creación contemporánea en - - - - - - 37 63
Madrid
Contratación de artes de calle
en Madrid para eventos - - - - - - -
culturales
Espectáculos de creación
contemporánea para - - - - - - -
contrataciones en Madrid
Apr-03 2025 2
Reporte SEO Mensual
Palabra clave Mar-01 Mar-02 Mar-03 Mar-04 Mar-05 Mar-06 Mar-07
Distribución de espectáculos
artísticos contemporáneos en - - - - - - -
Madrid
Palabra clave Mar-08 Mar-09 Mar-10 Mar-11 Mar-12 Mar-13 Mar-14
Contratación de espectáculos
- - - - - - -
contemporáneos en Madrid
Distribución de artes vivas y
creación contemporánea en 43 6 - 47 53 - - - -
Madrid
Contratación de artes de calle
en Madrid para eventos - - - - - - -
culturales
Espectáculos de creación
contemporánea para - - - - - - -
contrataciones en Madrid
Distribución de espectáculos
artísticos contemporáneos en - - - - - - -
Madrid
Palabra clave Mar-15 Mar-16 Mar-17 Mar-18 Mar-19 Mar-20 Mar-21
Contratación de espectáculos
- - - - - - -
contemporáneos en Madrid
Distribución de artes vivas y
creación contemporánea en - - - 40 60 - 43 57 44 1
Madrid
Contratación de artes de calle
en Madrid para eventos - - - - - - -
culturales
Espectáculos de creación
contemporánea para - - - - - - -
contrataciones en Madrid
Distribución de espectáculos
artísticos contemporáneos en - - - - - - -
Madrid
Palabra clave Mar-22 Mar-23 Mar-24 Mar-25 Mar-26 Mar-27 Mar-28
Contratación de espectáculos
- - - - - - -
contemporáneos en Madrid
Distribución de artes vivas y
creación contemporánea en 39 5 35 4 43 8 1 42 1 1 1
Madrid
Contratación de artes de calle
en Madrid para eventos - - - - - - -
culturales
Espectáculos de creación
contemporánea para - - - - - - -
contrataciones en Madrid
Apr-03 2025 3
Reporte SEO Mensual
Palabra clave Mar-22 Mar-23 Mar-24 Mar-25 Mar-26 Mar-27 Mar-28
Distribución de espectáculos
artísticos contemporáneos en - - - - - - -
Madrid
Palabra clave Mar-29 Mar-30 Mar-31 Abr-01 Abr-02 Abr-03
Contratación de espectáculos
- - - - - -
contemporáneos en Madrid
Distribución de artes vivas y
creación contemporánea en 1 1 1 1 1 1
Madrid
Contratación de artes de calle
en Madrid para eventos - - - - - -
culturales
Espectáculos de creación
contemporánea para - - - - - -
contrataciones en Madrid
Distribución de espectáculos
artísticos contemporáneos en - - - - - -
Madrid
Apr-03 2025 4",memoria,0.133,actividad|desarrollo|documentacion,False,False,False,desarrollo,ACC-COMUNICACION-002E11867C,0.39,pendiente_revision,/Users/usuario/Desktop/PROFESIONAL/enGira/FINANCIACIÓN/SUBVENCIONES/MINISTERIO DE CULTURA/Industrias Culturales 25/JUSTIFICACION/datos_engira/06_DESARROLLO_PLATAFORMA/SEO/reportes/3.2736.-Maria-Artes-Escenicas-DISP-SIN-IVA_2025_04_03.pdf
justificacion_economica,08_JUSTIFICACION_ECONOMICA/liquidaci-n-de-dietas-y-gastos-de-viaje.docx,liquidaci-n-de-dietas-y-gastos-de-viaje.docx,.docx,41695,documento,2026-07-24T13:05:01.087966,,,"0,26|0,26€",,,,"AYUDAS a proyectos profesionales y empresariales para la innovación en las industrias culturales y creativas 2025
LIQUIDACIÓN DE DIETAS Y GASTOS DE VIAJE
Número de expediente:
Beneficiario:
Dº/ª………………………………………………………………………………………………...
Con domicilio: ……………………………………………………………………………………
NIF:………………………………………………………………………………………………..
se ha desplazado los días:…………………………………………………………..
a la localidad: ………………………………………………………………………….
con objeto de:………………………… ………………………………………………
En…………………… a …………………….. de……….……….de ………………
(firma del perceptor)
Recibí,
VºBº y conforme con la liquidación formulada
Firma del beneficiario (autónomo) o del representante legal de la entidad subvencionada y sello.
CONCEPTO | IMPORTE €
Alojamiento |
Manutención |
Títulos de transporte |
Traslado en automóvil propio (0,26€/Km) |
TOTAL |",factura_gasto_viaje,1.0,actividad|economica|gasto|justificacion,False,True,False,,,0.22,sin_vincular,/Users/usuario/Desktop/PROFESIONAL/enGira/FINANCIACIÓN/SUBVENCIONES/MINISTERIO DE CULTURA/Industrias Culturales 25/JUSTIFICACION/datos_engira/08_JUSTIFICACION_ECONOMICA/liquidaci-n-de-dietas-y-gastos-de-viaje.docx
justificacion_economica,08_JUSTIFICACION_ECONOMICA/INSTRUCCIONES_JUSTIFICACION/ZjRmNTkyZmM5OWRjZmNmMTg5MzU0NDE2MDYyNzM5ZjM3NDI2MjljM2QwNDNhMDAyOWU0NWIyOGZmZDdiYWQ3OA==.pdf,ZjRmNTkyZmM5OWRjZmNmMTg5MzU0NDE2MDYyNzM5ZjM3NDI2MjljM2QwNDNhMDAyOWU0NWIyOGZmZDdiYWQ3OA==.pdf,.pdf,116557,documento,2026-07-24T13:02:40.092499,1,,,,,,"Buenos días,
Recordamos a todos los beneficiarios de las ayudas a proyectos profesionales y
empresariales para el fomento de la innovación en las industrias culturales y creativas
correspondientes al año 2025, que el plazo para la presentación de la justificación de la
actividad para la que se les concedió la ayuda comenzará el 1 de julio y finalizará el 30 de
septiembre de 2026, excepto para aquellos beneficiarios que tengan concedidas
ampliaciones de plazo mediante resolución. En el caso de los beneficiarios que tengan
autorizada una ampliación del plazo para ejecutar la actividad subvencionada, el plazo
para la presentación de la justificación será el indicado en la resolución por la que se
autorizó la ampliación de plazo.
Les facilitamos el enlace a la página destinada a las ayudas para el fomento de la
innovación en las industrias culturales correspondientes a 2025, en la que podrán
descargar los modelos normalizados de los documentos que constituirán la justificación
de los beneficiarios, el manual de justificación y las instrucciones para la cumplimentación
de la documentación justificativa:
Ayudas proyectos profesionales y empresariales para el fomento de la innovación en las
industrias culturales y creativas correspondientes al año 2025
La documentación justificativa deberá presentarse a través de la Sede Electrónica del
Ministerio de Cultura:
Sede Electrónica: procedimiento 19770 Ayudas a proyectos profesionales y empresariales
para el fomento de la innovación 2025
Un cordial saludo",transferencia,0.533,economica|gasto|justificacion|pago,False,True,True,,,0.26,sin_vincular,/Users/usuario/Desktop/PROFESIONAL/enGira/FINANCIACIÓN/SUBVENCIONES/MINISTERIO DE CULTURA/Industrias Culturales 25/JUSTIFICACION/datos_engira/08_JUSTIFICACION_ECONOMICA/INSTRUCCIONES_JUSTIFICACION/ZjRmNTkyZmM5OWRjZmNmMTg5MzU0NDE2MDYyNzM5ZjM3NDI2MjljM2QwNDNhMDAyOWU0NWIyOGZmZDdiYWQ3OA==.pdf
justificacion_economica,08_JUSTIFICACION_ECONOMICA/INSTRUCCIONES_JUSTIFICACION/manual-para-la-justificaci-n.pdf,manual-para-la-justificaci-n.pdf,.pdf,1159675,documento,2026-07-24T13:05:14.063596,5,,15.00|2.50|4.50|60.00,,http://www.cultura.gob.es/cultura/industriasculturales/portada.html|https://www.cultura.gob.es/cultura/industriasculturales/portada.html).,,"SUBSECRETARÍA DE CULTURA
MINISTERIO
DE CULTURA CENTRO DE COORDINACIÓN DE
INDUSTRIAS CULTURALES
ANEXO II
MANUAL PARA EL CUMPLIMIENTO DE LA DOCUMENTACIÓN JUSTIFICATIVA DE LAS AYUDAS
A PROYECTOS PROFESIONALES Y EMPRESARIALES PARA EL FOMENTO DE LA INNOVACIÓN
EN LAS INDUSTRIAS CULTURALES Y CREATIVAS, CORRESPONDIENTES AL AÑO 2025
Nota.- Este Manual solo afectará a los beneficiarios de las ayudas y deberá seguirse para justificar el
correcto destino de las cantidades percibidas en concepto de ayuda.
Entre las obligaciones del beneficiario de las ayudas figura justificar la ayuda percibida en los tres
meses siguientes a la terminación del plazo para la ejecución del proyecto. El plazo para ejecutar los
proyectos finaliza el 30 de junio de 2026, por lo que el periodo para presentar la documentación que se
detalla seguidamente concluirá el 30 de septiembre de 2026.
Si vencido el plazo de justificación no se presenta a través de la Sede Electrónica del Ministerio de
Cultura la correspondiente documentación justificativa o esta es insuficiente, se entenderá incumplida
la obligación de justificar, causa de reintegro de acuerdo con el artículo 37 de la Ley 38/2003, de 17 de
noviembre, General de Subvenciones (en adelante LGS).
A) DOCUMENTACIÓN A PRESENTAR PARA LA JUSTIFICACIÓN DE LA AYUDA
1. Declaración responsable, según el modelo que se inserta con este nombre en nuestra página web.
Debe presentarse debidamente cumplimentada y firmada por el autónomo o el representante legal de
la entidad, reflejando el resto de las ayudas, públicas o privadas, que hayan financiado la actividad, con
indicación del importe y su procedencia.
En aplicación del artículo 19.3 de la LGS, si las ayudas e ingresos superan los gastos realizados, deberá
aportarse la solicitud de devolución voluntaria mediante un escrito dirigido a este Centro de
Coordinación (ver punto A-5 de este manual).
2. Memoria de Actividades según el modelo que se inserta con este nombre en nuestra página web.
La Memoria, que incluirá un cronograma con la cuantificación de los gastos de las distintas fases de
ejecución de la actividad subvencionada, no podrá superar las 12 páginas y las 4.500 palabras. Debe
presentarse debidamente cumplimentada y firmada por el autónomo o el representante legal de la
entidad y reflejará el cumplimiento y desarrollo del proyecto que sirvió de base para la concesión de la
subvención. Se indicarán las actividades realizadas y los resultados obtenidos así como las incidencias
habidas en su realización. Cualquier modificación producida en el desarrollo del proyecto deberá
señalarse en la memoria de actividades. Si la modificación es de carácter sustancial esta debió ser
solicitada por escrito al menos un mes antes de la finalización del periodo de ejecución del proyecto y
autorizada por el órgano concedente (artículo 14 de la Resolución de Convocatoria). Habrá que adjuntar
a la Memoria la petición por la que se solicitó el cambio y la resolución por la que fue autorizada.
La Memoria de Actividades deberá incluir los elementos necesarios para acreditar la realización de
la actividad (enlaces, material fotográfico, videográfico, etc.). Asimismo, deberá aportarse material de
difusión de la actividad subvencionada para poder comprobar que figura el logotipo del Ministerio de
Cultura. Toda actividad subvencionada con estas ayudas deberá incorporar el siguiente texto:
«Actividad subvencionada por el Ministerio de Cultura», con la incorporación de su logotipo que permita
identificar el origen de la ayuda. Este logotipo actualizado se podrá solicitar al Centro de Coordinación
de Industrias Culturales y está disponible en la web del Ministerio de Cultura,
http://www.cultura.gob.es/cultura/industriasculturales/portada.html (apartado Imagen Institucional).
3. Memoria Económica según el modelo que se inserta con este nombre en nuestra página web. Se
trata de una relación de todos los gastos (facturas o nóminas) realizados para llevar a cabo la actividad
subvencionada, así como de los ingresos con los que ha contado el beneficiario para llevar a cabo el
17
MINISTERIO
DE CULTURA
SUBSECRETARÍA DE CULTURA
MINISTERIO
DE CULTURA CENTRO DE COORDINACIÓN DE
INDUSTRIAS CULTURALES
proyecto. Debe presentarse debidamente cumplimentada y firmada por el autónomo o el representante
legal de la entidad. Su confección será la siguiente:
Apartado de Ingresos
Se detallarán todos los ingresos con los que ha contado la entidad para realizar el proyecto, incluida la
financiación propia y las otras ayudas recibidas para el mismo proyecto. La ayuda del Ministerio de
Cultura representará el porcentaje aprobado por la Comisión de Valoración que se refleja en el
presupuesto presentado para la concesión de la ayuda. La no obtención de otras ayudas o patrocinios
estimados en ningún caso eximirá de la obligación de disponer del porcentaje de aportación ajena al
Ministerio comprometido por el beneficiario.
Apartado de Gastos
Una relación numerada y clasificada de la totalidad de los gastos e inversiones de la actividad, con
identificación del acreedor y del documento de gasto o factura, concepto, importe (IVA excluido), fecha
de emisión y fecha de pago. Esta relación debe recoger el TOTAL de los gastos del proyecto y en
ningún caso relacionar solamente los gastos del importe de la ayuda del Ministerio de Cultura. El total
de ingresos (importe de la ayuda concedida y aportaciones ajenas a esta ayuda) deberá coincidir con
el total de gastos. Asimismo, la descripción de los conceptos de gasto reflejados en el epígrafe
de gasto del presupuesto inicial.
El apartado de gastos se divide en tres secciones:
Gastos de la ayuda: son los gastos a los se ha destinado el importe de la ayuda concedida. Solo
pueden incluirse gastos subvencionables de los contemplados en el Anexo I de la convocatoria.
Otros gastos: son los gastos a los que se ha destinado las aportaciones ajenas a la ayuda. Podrán
incluirse gastos subvencionables, los gastos que excedan de los gastos subvencionables con
limitaciones y los gastos excluidos de la ayuda (ver Anexo I).
Resumen de gastos: reflejará la cuantia total de gastos de la ayuda, la cuantía total de otros
gastos, y la suma de ambas cantidades, que constituirá la cuantía total de los gastos del proyecto.
Asimismo, deberán ser tenidas en cuenta las especificaciones que se recogen en el apartado B) de
este documento.
Los desvíos que se hayan producido con respecto al presupuesto inicialmente aceptado deberán
quedar justificados y explicados en la memoria de actividades. Si los desvíos son de carácter sustancial
estos debieron ser autorizados dentro del periodo de ejecución del proyecto (artículo 14 de la
Resolución de Convocatoria) por lo que habrá que adjuntar la petición por la que se solicitó el cambio
y la resolución por la que se autorizó.
4. En los proyectos de publicaciones o ediciones deberán entregarse a este Centro de Coordinación 3
ejemplares de cada una de ellas si son unitarias y 1 si son periódicas.
5. En el caso de que estuviese de acuerdo con la devolución voluntaria de la parte no justificada de
la subvención percibida, deberá comunicarlo por escrito a este Centro de Coordinación con el fin de
que le podamos hacer llegar la documentación necesaria para hacer efectivo el reintegro de los
remanentes no aplicados, así como de los intereses derivados de los mismos.
B) CONDICIONES ESPECIFICAS PARA LA JUSTIFICACIÓN DE LA AYUDA
1. Como la subvención concedida es inferior a 60.000 euros, no será necesario aportar originales y
fotocopias de los documentos de gasto ni de la acreditación de su pago. En estos casos se
justifica mediante la cuenta justificativa simplificada regulada en el artículo 75 del RLGS (Real
Decreto 887/2006, de 21 de julio, por el que se aprueba el Reglamento de la Ley 38/2003, de 17 de
noviembre, General de Subvenciones). Será el órgano concedente el que, una vez examinada la
Memoria de Actividades y la Memoria Económica y mediante la técnica de muestreo estratificado
18
MINISTERIO
DE CULTURA
SUBSECRETARÍA DE CULTURA
MINISTERIO
DE CULTURA CENTRO DE COORDINACIÓN DE
INDUSTRIAS CULTURALES
combinado, requerirá a los beneficiarios los justificantes que estime oportunos, así como la acreditación
de su pago, a fin de obtener evidencia razonable de la adecuada aplicación de la subvención. Estos
justificantes supondrán, al menos, el 25 % de la cantidad subvencionada.
2. Los justificantes de gasto y los justificantes de pago que se envíen a este Centro de Coordinación
deberán cumplir los siguientes requisitos:
Justificante de gasto / factura:
Las personas o entidades beneficiarias han de presentar las correspondientes facturas justificativas de
gastos, que tendrán como fecha límite de emisión el 30 de junio de 2026, y contendrán los requisitos
establecidos en el Real Decreto 1619/2012, de 30 de noviembre, por el que se aprueba el Reglamento
por el que se regulan las obligaciones de facturación.
En concreto, se comprobará que las facturas o recibos reúnen los siguientes requisitos:
a) Número y, en su caso, serie.
b) La fecha de su expedición.
c) Nombre y apellidos, razón o denominación social completa, tanto del obligado a expedir factura
como del destinatario de las operaciones.
d) Número de identificación fiscal atribuido por la Administración española o, en su caso, por la de otro
Estado miembro de la Comunidad Europea, con el que ha realizado la operación el obligado a
expedir la factura.
e) Domicilio, tanto del obligado a expedir la factura como del destinatario de las operaciones.
f) Descripción de las operaciones, consignándose todos los datos necesarios para la determinación
de la base imponible del impuesto, tal y como esta se define por los artículos 78 y 79 de la Ley del
Impuesto sobre el Valor Añadido, correspondiente a aquellas y su importe, incluyendo el precio
unitario sin impuesto de dichas operaciones, así como cualquier descuento o rebaja que no esté
incluido en dicho precio unitario.
g) El tipo o tipos impositivos, en su caso, aplicados a las operaciones, según corresponda.
h) La cuota tributaria que, en su caso, se repercuta, que deberá consignarse por separado.
i) La fecha en que se hayan efectuado las operaciones que se documentan o en la que, en su caso,
se haya recibido el pago anticipado, siempre que se trate de una fecha distinta a la de expedición
de la factura.
No se admitirán como justificantes de gastos los albaranes, las notas de entrega ni las facturas
proforma.
En el caso de justificantes emitidos en moneda extranjera se indicará el tipo de cambio aplicado.
Justificante de pago:
Para la justificación del empleo de las subvenciones concedidas el beneficiario deberá acreditar la
efectividad del pago correspondiente a facturas y demás documentos de valor probatorio equivalente
en el tráfico jurídico mercantil o con eficacia administrativa, atendiendo a su forma, con la
documentación que se indica a continuación, siendo la fecha límite para efectuar el pago el 30 de
septiembre de 2026:
Si la forma de pago es una transferencia bancaria, esta se justificará mediante copia del resguardo del
cargo de la misma, debiendo figurar en el concepto de la transferencia el número de factura o, en
defecto de esta, el concepto abonado, así como del extracto bancario del mes en que figure el apunte.
Si la forma de pago es un pago con tarjeta bancaria, la documentación justificativa consistirá en:
a) Un resguardo del pago con la tarjeta bancaria, en el que se identifique al pagador.
19
MINISTERIO
DE CULTURA
SUBSECRETARÍA DE CULTURA
MINISTERIO
DE CULTURA CENTRO DE COORDINACIÓN DE
INDUSTRIAS CULTURALES
b) Extracto de la cuenta donde figure el cargo del pago con tarjeta. Deberá, en caso de necesidad, ir
acompañado de documento, emitido por la entidad bancaria, que acredite la relación de los distintos
pagos que incluye el cargo en la cuenta del pago con tarjeta.
El extracto de la cuenta podrá sustituirse por un certificado (u otro título similar) emitido por la entidad
bancaria, en el que como mínimo cons",nomina,0.667,economica|gasto|justificacion|laboral,False,True,False,,ACC-SOPORTE-TECNICO-Y--97F30C5E65,0.575,pendiente_revision,/Users/usuario/Desktop/PROFESIONAL/enGira/FINANCIACIÓN/SUBVENCIONES/MINISTERIO DE CULTURA/Industrias Culturales 25/JUSTIFICACION/datos_engira/08_JUSTIFICACION_ECONOMICA/INSTRUCCIONES_JUSTIFICACION/manual-para-la-justificaci-n.pdf
justificacion_economica,08_JUSTIFICACION_ECONOMICA/INSTRUCCIONES_JUSTIFICACION/instrucciones-para-la-justificaci-n-innovaci-n-2025.pdf,instrucciones-para-la-justificaci-n-innovaci-n-2025.pdf,.pdf,411390,documento,2026-07-24T13:05:28.054427,4,,4.50,,http://www.cultura.gob.es/cultura/industriasculturales/portada.html|https://servicios-cultura.sede.gob.es/procedimientos/portada/ida/2584/idp/19770,,"SUBSECRETARÍA DE
MINISTERIO
CULTURA
DE CULTURA
Centro de Coordinación de
Industrias Culturales
AYUDAS A PROYECTOS PROFESIONALES Y EMPRESARIALES PARA EL
FOMENTO DE LA INNOVACIÓN EN LAS INDUSTRIAS CULTURALES Y
CREATIVAS CORRESPONDIENTES AL AÑO 2025
El plazo para la presentación de las justificaciones de los beneficiarios comenzará el 1 de julio
de 2026 y finalizará el 30 de septiembre de 2026, excepto para aquellos beneficiarios que tengan
concedidas ampliaciones de plazo mediante resolución. En el caso de los beneficiarios que
tengan autorizada una ampliación del plazo para ejecutar la actividad subvencionada, el plazo
para la presentación de la justificación será el indicado en la resolución por la que se autorizó la
ampliación de plazo.
En la página web destinada a las ayudas a proyectos profesionales y empresariales para el
fomento de la innovación en las industrias culturales y creativas correspondientes al año 2025
podrán encontrar el manual de justificación, las instrucciones para la cumplimentación de la
documentación justificativa y modelos normalizados de los documentos que deben presentar
para justificarla ayuda recibida.
La documentación justificativa deberá presentarse a través de la Sede Electrónica del Ministerio
de Cultura:
https://servicios-cultura.sede.gob.es/procedimientos/portada/ida/2584/idp/19770
Dentro de la pestaña “MIS EXPEDIENTES” deben acceder al correspondiente procedimiento
19770 y adjuntar los documentos a través de la pestaña “Aportación de documentos”.
INSTRUCCIONES PARA CUMPLIMENTAR LA DOCUMENTACIÓN JUSTIFICATIVA
La documentación justificativa que deberán presentar los beneficiarios de las ayudas consta de
tres documentos.
1. Declaración Responsable (según el modelo disponible en nuestra página web)
Deberá presentarse debidamente cumplimentada y firmada por el autónomo o
representante legal de la entidad beneficiaria, reflejando las otras ayudas, públicas o privadas,
que hayan financiado la actividad, con indicación del importe y su procedencia.
2. Memoria de Actividades (según el modelo disponible en nuestra página web)
Su extensión máxima será de 12 páginas y 4.500 palabras, incluyendo imágenes.
La Memoria, que incluirá un cronograma con la cuantificación de los gastos de las distintas fases
de ejecución de la actividad subvencionada, deberá presentarse firmada por el autónomo o
1
SUBSECRETARÍA DE
MINISTERIO
CULTURA
DE CULTURA
Centro de Coordinación de
Industrias Culturales
representante legal de la entidad beneficiaria. En esta memoria se indicarán las actividades
realizadas y los resultados obtenidos, así como las incidencias ocurridas en su realización y las
modificaciones producidas en el desarrollo del proyecto.
En caso de que al beneficiario se le hubiese autorizado una modificación sustancial deberá
adjuntarse junto a la Memoria la petición por la que se solicitó el cambio y la resolución por la
que fue autorizada.
La Memoria de Actividades deberá incluir los elementos necesarios para acreditar la
realización de la actividad (enlaces, material fotográfico, videográfico, etc.).
Asimismo, deberá aportarse material de difusión de la actividad subvencionada para poder
comprobar que figura el logotipo del Ministerio de Cultura. Toda actividad subvencionada con
estas ayudas deberá incorporar el siguiente texto: «Actividad subvencionada por el
Ministerio de Cultura», con la incorporación de su logotipo que permita identificar el origen
de la ayuda. Este logotipo actualizado está disponible en la web del Ministerio de Cultura,
http://www.cultura.gob.es/cultura/industriasculturales/portada.html (apartado Imagen
Institucional).
En el caso de que el proyecto incluya nóminas de personal del beneficiario entre sus gastos, la
Memoria de Actividades deberá incorporar la siguiente información para su justificación:
• Relación de trabajadores involucrados en el proyecto con indicación de su categoría
profesional.
• Descripción pormenorizada del trabajo desarrollado por cada uno de ellos.
• Cronograma de trabajo con indicación de número de horas que cada trabajador ha
dedicado al proyecto.
3. Memoria de Económica (según el modelo disponible en nuestra página web)
Deberá presentarse firmada por el autónomo o representante legal de la entidad
beneficiaria. Además, deberá presentarse también en formato Excel para facilitar su
comprobación y el cómputo de las cuantías.
En caso de necesitar más de una hoja deberán numerarse.
Esta memoria contendrá una relación numerada de todos los ingresos y gastos realizados para
llevar a cabo la actividad subvencionada.
Apartado de Ingresos:
Se detallarán todos los ingresos con los que ha contado la entidad para realizar el proyecto,
incluida la financiación propia y el resto de las ayudas recibidas para el mismo proyecto.
Apartado de Gastos;
Se relacionarán numerados y clasificados la totalidad de los gastos de la actividad (facturas y
nóminas) divididos en tres secciones:
• Gastos de la ayuda: son los gastos a los se ha destinado el importe de la ayuda concedida.
Solo pueden incluirse gastos subvencionables de los contemplados en el Anexo I de la
convocatoria.
• Otros gastos: son los gastos a los que se ha destinado las aportaciones ajenas a la ayuda.
Podrán incluirse gastos subvencionables, los gastos que excedan de los gastos
subvencionables con limitaciones y los gastos excluidos de la ayuda (ver Anexo I de la
convocatoria).
• Resumen de gastos: reflejará la cuantia total de gastos de la ayuda, la cuantía total de
otros gastos, y la suma de ambas cantidades, que constituirá la cuantía total de los gastos
del proyecto.
Sólo se podrá incluir el mismo gasto (factura o nómina) en las dos primeras secciones en el caso
de que una parte de dicha factura o nómina se impute a las ayudas a proyectos profesionales y
empresariales para el fomento de la innovación en las industrias culturales y creativas
correspondientes al año 2025 y la otra parte se impute a otros ingresos.
2
SUBSECRETARÍA DE
MINISTERIO
CULTURA
DE CULTURA
Centro de Coordinación de
Industrias Culturales
Cada fila del apartado de gastos de la Memoria Económica deberá reflejar:
- El número de factura o el mes y año de la nómina.
- La identificación del emisor del documento.
- La denominación de las partidas en las que se agrupan los diferentes conceptos de gasto
(ambos, partidas y conceptos, deberán coincidir con los recogidos en el presupuesto inicial
o, en su caso, en el presupuesto que se haya aprobado en la modificación sustancial).
- El importe (IVA excluido).
- La fecha de emisión de la factura o de la nómina.
- La fecha de pago.
- El importe ejecutado por concepto y por partida.
- El importe presupuestado en la solicitud o en la modificación aprobada.
- El desvío resultante entre el importe presupuestado y el ejecutado por partida.
El importe de la ayuda concedida reflejado en ingresos deberá coincidir con el importe total del
cuadro de gastos financiados con cargo a la ayuda a proyectos profesionales y empresariales
para el fomento de la innovación en las industrias culturales y creativas correspondientes al año
2025.
Igualmente, el importe de los ingresos diferentes a la ayuda concedida (“otros ingresos”) deberá
ser el mismo que el de la suma de los gastos financiados con las aportaciones ajenas a las
ayudas a proyectos profesionales y empresariales para el fomento de la innovación en las
industrias culturales y creativas (“otros gastos”).
Asimismo, el importe de la cuantía total de ingresos deberá coincidir con la cantidad total de
gastos del proyecto indicada en el “Resumen de Gastos”.
Los desvíos que se hayan producido con respecto al presupuesto inicialmente aceptado deberán
quedar justificados y explicados en la memoria de actividades.
Se entiende como desvío las minoraciones en los cómputos de las partidas con respecto
al presupuesto aprobado. La suma de todas esas minoraciones en las partidas no podrá
ser más del 20% con respecto a ese presupuesto total aprobado.
Si los desvíos son de carácter sustancial éstos debieron ser autorizados dentro del periodo de
ejecución del proyecto (artículo 14 de la Convocatoria), por lo que habrá que adjuntar la petición
por la que se solicitó el cambio y la resolución por la que se autorizó la modificación.
La subvención concedida se justificará mediante cuenta justificativa simplificada, por lo que no
será necesario presentar todos los justificantes de gasto y de pago al justificar la ayuda. Será el
órgano concedente el que, una vez examinada la Memoria de Actividades y la Memoria
Económica y mediante la técnica de muestreo estratificado combinado, requerirá a los
beneficiarios los originales de los justificantes de gasto que estime oportunos, así como
la acreditación de su pago, a fin de obtener evidencia razonable de la adecuada aplicación de la
subvención. Estos justificantes supondrán, al menos, el 25 % de la cantidad subvencionada.
La partida de dietas deberá contar con una Declaración Firmada aclaratoria que incluya una
relación de los participantes y trabajadores que se beneficiaron de las mismas. Asimismo, deberá
especificarse en cada concepto el número de personas y días a los que hace referencia, cuando
se imputen dietas y alojamiento, y para la imputación de viajes, el medio de transporte (ya sea
avión, tren, taxi o automóvil) así como el número de Km si se realizara el desplazamiento en
automóvil.
4. En su caso, hoja de liquidación de dietas y gastos de viaje (según el modelo disponible
en nuestra página web)
Los gastos justificados en concepto de dietas, desplazamientos y manutenciones sólo serán
subvencionables si han sido generados por personas directamente relacionadas con la
organización y el desarrollo de la actividad. Estos gastos se justifican con la aportación de
facturas o tickets, así como el comprobante de pago correspondiente.
En caso de que el beneficiario no pague directamente los gastos generados por las dietas de los
participantes en el proyecto, siendo éstos los que adelanten el dinero para satisfacer sus
3
SUBSECRETARÍA DE
MINISTERIO
CULTURA
DE CULTURA
Centro de Coordinación de
Industrias Culturales
necesidades de viaje y manutención, será necesario cumplimentar la hoja de liquidación de
dietas y gastos de viaje, sin que ello exima de la presentación de las facturas, tickets y
comprobantes de pago correspondientes.
_________________________________
1
Este documento tiene un propósito informativo y no genera ningún efecto jurídico vinculante, debiendo remitirse los posibles
solicitantes a lo estrictamente dispuesto en la Resolución de 1 de abril de 2025 del Ministerio de Cultura, por la que se convocan a
proyectos profesionales y empresariales para el fomento de la innovación en las industrias culturales y creativas correspondientes al
año 2025.
4",nomina,0.667,economica|gasto|justificacion|laboral,False,True,False,,ACC-SOPORTE-TECNICO-Y--97F30C5E65,0.575,pendiente_revision,/Users/usuario/Desktop/PROFESIONAL/enGira/FINANCIACIÓN/SUBVENCIONES/MINISTERIO DE CULTURA/Industrias Culturales 25/JUSTIFICACION/datos_engira/08_JUSTIFICACION_ECONOMICA/INSTRUCCIONES_JUSTIFICACION/instrucciones-para-la-justificaci-n-innovaci-n-2025.pdf
justificacion_economica,08_JUSTIFICACION_ECONOMICA/JUSTIFICANTES DE PAGO/Justificante_paloma calle.pdf,Justificante_paloma calle.pdf,.pdf,51534,documento,2025-11-12T11:48:39.351613,1,51-66-0201|9051-66-02,"1.85|255,00|9.64|EUR 12112025007084300001",,,,"Fecha Oficina Moneda Número detransferencia
12-11-25 0020 EUR 12112025007084300001
Adeudo por transferencia
Ordenante Beneficiario
MARIA JOSE MORAL MORGADO Paloma Calle Alberdi
Observaciones Banco beneficiario Referencia para el beneficiario
ACTIVACIÓN PERFORMATIVA STAND MERCARTES BANCO BILBAO VIZCAYA ARGENTARIA S.A
CCC: 0182-9051-66-0201819808
Por cuenta de
Fecha emisión Importe
12-11-25 255,00 El presente documento acredita que Bankinter ha recibido la orden
de transferencia indicada.
Adeudamos en su cuenta el apunte que se detalla.
CCC Entidad Sucursal DC Nº Cuenta Nº IBAN BIC
0128 0020 60 01000****6 ES14012800206001000****6 BKBKESMM
Para cualquier información, llámenos a Banca Telefónica,91 657 88 00
F00703 R. M. MADRID,T.1.857, F220, H.9.643, N.I.F., A-28-157360
WEB 00000000 00 00000000000",transferencia,1.0,economica|gasto|justificacion|pago,False,True,True,,ACC-COMERCIALIZACION-8BC2ED0AC1,0.78,automatico,/Users/usuario/Desktop/PROFESIONAL/enGira/FINANCIACIÓN/SUBVENCIONES/MINISTERIO DE CULTURA/Industrias Culturales 25/JUSTIFICACION/datos_engira/08_JUSTIFICACION_ECONOMICA/JUSTIFICANTES DE PAGO/Justificante_paloma calle.pdf
justificacion_economica,08_JUSTIFICACION_ECONOMICA/JUSTIFICANTES DE PAGO/porfinlunes_dossier.pdf,porfinlunes_dossier.pdf,.pdf,51791,documento,2026-01-25T19:05:24.277629,1,0424-69-02|24-69-0202,"1.08|1.089,00|1.85|9.64|EUR 26012026008392400001",,,,"Fecha Oficina Moneda Número detransferencia
25-01-26 0020 EUR 26012026008392400001
Adeudo por transferencia
Ordenante Beneficiario
MARIA JOSE MORAL MORGADO POR FIN LUNES S.L.
Observaciones Banco beneficiario Referencia para el beneficiario
DISEÑO DOSSIER PATROCINIO BANCO BILBAO VIZCAYA ARGENTARIA S.A
CCC: 0182-0424-69-0202506209
Por cuenta de
Fecha emisión Importe
25-01-26 1.089,00 El presente documento acredita que Bankinter ha recibido la orden
de transferencia indicada.
Adeudamos en su cuenta el apunte que se detalla.
CCC Entidad Sucursal DC Nº Cuenta Nº IBAN BIC
0128 0020 60 01000****5 ES55012800206001000****5 BKBKESMM
Para cualquier información, llámenos a Banca Telefónica,91 657 88 00
F00703 R. M. MADRID,T.1.857, F220, H.9.643, N.I.F., A-28-157360
WEB 00000000 00 00000000000",transferencia,0.667,economica|gasto|justificacion|pago,False,True,True,,,0.26,sin_vincular,/Users/usuario/Desktop/PROFESIONAL/enGira/FINANCIACIÓN/SUBVENCIONES/MINISTERIO DE CULTURA/Industrias Culturales 25/JUSTIFICACION/datos_engira/08_JUSTIFICACION_ECONOMICA/JUSTIFICANTES DE PAGO/porfinlunes_dossier.pdf
justificacion_economica,08_JUSTIFICACION_ECONOMICA/JUSTIFICANTES DE PAGO/Justificante_operacion_291220250084483.pdf,Justificante_operacion_291220250084483.pdf,.pdf,51491,documento,2025-12-28T17:03:51.650757,1,0020-60-01|20-60-0100,"1.85|3.09|3.095,42|9.64|EUR 29122025008448300001",,,,"Fecha Oficina Moneda Número detransferencia
28-12-25 0020 EUR 29122025008448300001
Adeudo por transferencia
Ordenante Beneficiario
MARIA JOSE MORAL MORGADO MARIA JOSE MORAL MORGADO
Observaciones Banco beneficiario Referencia para el beneficiario
BOOTCAMP ADALAB - RESTO IMPORTE CCC: 0128-0020-60-0100069486
Por cuenta de
Fecha emisión Importe
28-12-25 3.095,42 El presente documento acredita que Bankinter ha recibido la orden
de transferencia indicada.
Adeudamos en su cuenta el apunte que se detalla.
CCC Entidad Sucursal DC Nº Cuenta Nº IBAN BIC
0128 0020 60 01000****5 ES55012800206001000****5 BKBKESMM
Para cualquier información, llámenos a Banca Telefónica,91 657 88 00
F00703 R. M. MADRID,T.1.857, F220, H.9.643, N.I.F., A-28-157360
WEB 00000000 00 00000000000",transferencia,1.0,economica|gasto|justificacion|pago,False,True,True,,,0.195,sin_vincular,/Users/usuario/Desktop/PROFESIONAL/enGira/FINANCIACIÓN/SUBVENCIONES/MINISTERIO DE CULTURA/Industrias Culturales 25/JUSTIFICACION/datos_engira/08_JUSTIFICACION_ECONOMICA/JUSTIFICANTES DE PAGO/Justificante_operacion_291220250084483.pdf
justificacion_economica,08_JUSTIFICACION_ECONOMICA/JUSTIFICANTES DE PAGO/Justificante pago Darlene.pdf,Justificante pago Darlene.pdf,.pdf,51580,documento,2025-11-25T13:05:06.055372,1,0417-02-00|17-02-0046,"1.85|42,69|9.64|EUR 25112025011288500001",,,,"Fecha Oficina Moneda Número detransferencia
25-11-25 0020 EUR 25112025011288500001
Adeudo por transferencia
Ordenante Beneficiario
MARIA JOSE MORAL MORGADO DARLENE RODRIGUEZ FERNANDEZ
Observaciones Banco beneficiario Referencia para el beneficiario
FINIQUITO DARLENE RODRíGUEZ ABANCA CORPORACION BANCARIA S.A.
CCC: 2080-0417-02-0046730
Por cuenta de
Fecha emisión Importe
25-11-25 42,69 El presente documento acredita que Bankinter ha recibido la orden
de transferencia indicada.
Adeudamos en su cuenta el apunte que se detalla.
CCC Entidad Sucursal DC Nº Cuenta Nº IBAN BIC
0128 0020 60 01000****5 ES55012800206001000****5 BKBKESMM
Para cualquier información, llámenos a Banca Telefónica,91 657 88 00
F00703 R. M. MADRID,T.1.857, F220, H.9.643, N.I.F., A-28-157360
WEB 00000000 00 00000000000",transferencia,1.0,economica|gasto|justificacion|pago,False,True,True,,,0.195,sin_vincular,/Users/usuario/Desktop/PROFESIONAL/enGira/FINANCIACIÓN/SUBVENCIONES/MINISTERIO DE CULTURA/Industrias Culturales 25/JUSTIFICACION/datos_engira/08_JUSTIFICACION_ECONOMICA/JUSTIFICANTES DE PAGO/Justificante pago Darlene.pdf
justificacion_economica,08_JUSTIFICACION_ECONOMICA/JUSTIFICANTES DE PAGO/justificante_stand_mercartes.pdf,justificante_stand_mercartes.pdf,.pdf,52006,documento,2025-08-29T13:15:40.012495,1,0001-21-30|01-21-3000,"1.04|1.042,80|1.85|9.64|EUR 29082025014792600001",,,,"Fecha Oficina Moneda Número detransferencia
29-08-25 0020 EUR 29082025014792600001
Adeudo por transferencia
Ordenante Beneficiario
MARIA JOSE MORAL MORGADO FEDEREACION ESTATAL DE ASOCIACIONES DE TEATRO Y DANZA (FAETEDA)
Observaciones Banco beneficiario Referencia para el beneficiario
RESERVA STAND MERCARTES TRIODOS BANK NV SE
CCC: 1491-0001-21-3000100889
Por cuenta de
Fecha emisión Importe
29-08-25 1.042,80 El presente documento acredita que Bankinter ha recibido la orden
de transferencia indicada.
Adeudamos en su cuenta el apunte que se detalla.
CCC Entidad Sucursal DC Nº Cuenta Nº IBAN BIC
0128 0020 60 01000****5 ES55012800206001000****5 BKBKESMM
Para cualquier información, llámenos a Banca Telefónica,91 657 88 00
F00703 R. M. MADRID,T.1.857, F220, H.9.643, N.I.F., A-28-157360
WEB 00000000 00 00000000000",transferencia,1.0,economica|gasto|justificacion|pago,False,True,True,,ACC-COMERCIALIZACION-8BC2ED0AC1,0.78,automatico,/Users/usuario/Desktop/PROFESIONAL/enGira/FINANCIACIÓN/SUBVENCIONES/MINISTERIO DE CULTURA/Industrias Culturales 25/JUSTIFICACION/datos_engira/08_JUSTIFICACION_ECONOMICA/JUSTIFICANTES DE PAGO/justificante_stand_mercartes.pdf
justificacion_economica,08_JUSTIFICACION_ECONOMICA/JUSTIFICANTES DE PAGO/Justificante_operacion_201220250038589.pdf,Justificante_operacion_201220250038589.pdf,.pdf,51957,documento,2025-12-20T09:09:25.870956,1,1876-81-02|76-81-0201,"1.85|423,50|9.64|EUR 20122025003858900001",,,,"Fecha Oficina Moneda Número detransferencia
20-12-25 0020 EUR 20122025003858900001
Adeudo por transferencia
Ordenante Beneficiario
MARIA JOSE MORAL MORGADO Víctor García Martín
Observaciones Banco beneficiario Referencia para el beneficiario
GESTORÍA JULIO - DICIEMBRE BANCO BILBAO VIZCAYA ARGENTARIA S.A
CCC: 0182-1876-81-0201944765
Por cuenta de
Fecha emisión Importe
20-12-25 423,50 El presente documento acredita que Bankinter ha recibido la orden
de transferencia indicada.
Adeudamos en su cuenta el apunte que se detalla.
CCC Entidad Sucursal DC Nº Cuenta Nº IBAN BIC
0128 0020 60 01000****5 ES55012800206001000****5 BKBKESMM
Para cualquier información, llámenos a Banca Telefónica,91 657 88 00
F00703 R. M. MADRID,T.1.857, F220, H.9.643, N.I.F., A-28-157360
WEB 00000000 00 00000000000",transferencia,1.0,economica|gasto|justificacion|pago,False,True,True,,ACC-GESTORIA-6F82F39FEF,1.0,automatico,/Users/usuario/Desktop/PROFESIONAL/enGira/FINANCIACIÓN/SUBVENCIONES/MINISTERIO DE CULTURA/Industrias Culturales 25/JUSTIFICACION/datos_engira/08_JUSTIFICACION_ECONOMICA/JUSTIFICANTES DE PAGO/Justificante_operacion_201220250038589.pdf
justificacion_economica,08_JUSTIFICACION_ECONOMICA/JUSTIFICANTES DE PAGO/Justificante_operacion_201220250038229.pdf,Justificante_operacion_201220250038229.pdf,.pdf,51551,documento,2025-12-20T09:05:15.531904,1,1876-81-02|76-81-0201,"1.85|133,10|9.64|EUR 20122025003822900001",,,,"Fecha Oficina Moneda Número detransferencia
20-12-25 0020 EUR 20122025003822900001
Adeudo por transferencia
Ordenante Beneficiario
MARIA JOSE MORAL MORGADO Víctor García Martín
Observaciones Banco beneficiario Referencia para el beneficiario
GESTORÍA ABRIL - JUNIO BANCO BILBAO VIZCAYA ARGENTARIA S.A
CCC: 0182-1876-81-0201944765
Por cuenta de
Fecha emisión Importe
20-12-25 133,10 El presente documento acredita que Bankinter ha recibido la orden
de transferencia indicada.
Adeudamos en su cuenta el apunte que se detalla.
CCC Entidad Sucursal DC Nº Cuenta Nº IBAN BIC
0128 0020 60 01000****5 ES55012800206001000****5 BKBKESMM
Para cualquier información, llámenos a Banca Telefónica,91 657 88 00
F00703 R. M. MADRID,T.1.857, F220, H.9.643, N.I.F., A-28-157360
WEB 00000000 00 00000000000",transferencia,1.0,economica|gasto|justificacion|pago,False,True,True,,ACC-GESTORIA-6F82F39FEF,1.0,automatico,/Users/usuario/Desktop/PROFESIONAL/enGira/FINANCIACIÓN/SUBVENCIONES/MINISTERIO DE CULTURA/Industrias Culturales 25/JUSTIFICACION/datos_engira/08_JUSTIFICACION_ECONOMICA/JUSTIFICANTES DE PAGO/Justificante_operacion_201220250038229.pdf
justificacion_economica,08_JUSTIFICACION_ECONOMICA/JUSTIFICANTES DE PAGO/Justificante_nómina_carles_septiembre.pdf,Justificante_nómina_carles_septiembre.pdf,.pdf,52276,documento,2025-09-29T12:13:41.560165,1,27-53-0200|8727-53-02,"1.30|1.309,28|1.85|9.64|EUR 29092025038857000001",,,,"Fecha Oficina Moneda Número detransferencia
29-09-25 0020 EUR 29092025038857000001
Adeudo por transferencia
Ordenante Beneficiario
MARIA JOSE MORAL MORGADO Carles Harillo Magnet
Observaciones Banco beneficiario Referencia para el beneficiario
NÓMINA SEPTIEMBRE BANCO BILBAO VIZCAYA ARGENTARIA S.A
CCC: 0182-8727-53-0200547121
Por cuenta de
Fecha emisión Importe
29-09-25 1.309,28 El presente documento acredita que Bankinter ha recibido la orden
de transferencia indicada.
Adeudamos en su cuenta el apunte que se detalla.
CCC Entidad Sucursal DC Nº Cuenta Nº IBAN BIC
0128 0020 60 01000****5 ES55012800206001000****5 BKBKESMM
Para cualquier información, llámenos a Banca Telefónica,91 657 88 00
F00703 R. M. MADRID,T.1.857, F220, H.9.643, N.I.F., A-28-157360
WEB 00000000 00 00000000000",transferencia,1.0,economica|gasto|justificacion|pago,False,True,True,,,0.195,sin_vincular,/Users/usuario/Desktop/PROFESIONAL/enGira/FINANCIACIÓN/SUBVENCIONES/MINISTERIO DE CULTURA/Industrias Culturales 25/JUSTIFICACION/datos_engira/08_JUSTIFICACION_ECONOMICA/JUSTIFICANTES DE PAGO/Justificante_nómina_carles_septiembre.pdf
justificacion_economica,08_JUSTIFICACION_ECONOMICA/JUSTIFICANTES DE PAGO/alvaro_caboalles.pdf,alvaro_caboalles.pdf,.pdf,54640,documento,2026-06-11T18:56:47.786262,1,40-02-0201|5140-02-02,"1.85|408,00|9.64|EUR 11062026015992000001",,,,"Fecha Oficina Moneda Número detransferencia
11-06-26 0020 EUR 11062026015992000001
Adeudo por transferencia
Ordenante Beneficiario
MARIA JOSE MORAL MORGADO ALVARO FERNANDEZ CABOALLES
Observaciones Banco beneficiario Referencia para el beneficiario
ARTÍCULO IMPRESIONES Y PAISAJES BANCO BILBAO VIZCAYA ARGENTARIA S.A
CCC: 0182-5140-02-0201549827
Por cuenta de
Fecha emisión Importe
11-06-26 408,00 El presente documento acredita que Bankinter ha recibido la orden
de transferencia indicada.
Adeudamos en su cuenta el apunte que se detalla.
CCC Entidad Sucursal DC Nº Cuenta Nº IBAN BIC
0128 0020 60 01000****5 ES55012800206001000****5 BKBKESMM
Para cualquier información, llámenos a Banca Telefónica,91 657 88 00
F00703 R. M. MADRID,T.1.857, F220, H.9.643, N.I.F., A-28-157360
WEB 00000000 00 00000000000",transferencia,0.667,economica|gasto|justificacion|pago,False,True,True,,,0.195,sin_vincular,/Users/usuario/Desktop/PROFESIONAL/enGira/FINANCIACIÓN/SUBVENCIONES/MINISTERIO DE CULTURA/Industrias Culturales 25/JUSTIFICACION/datos_engira/08_JUSTIFICACION_ECONOMICA/JUSTIFICANTES DE PAGO/alvaro_caboalles.pdf
justificacion_economica,08_JUSTIFICACION_ECONOMICA/JUSTIFICANTES DE PAGO/gestoria 2sem26.pdf,gestoria 2sem26.pdf,.pdf,55094,documento,2026-07-07T11:37:01.164252,1,1876-81-02|76-81-0201,"1.85|9.64|943,80|EUR 07072026008483600001",,,,"Fecha Oficina Moneda Número detransferencia
07-07-26 0020 EUR 07072026008483600001
Adeudo por transferencia
Ordenante Beneficiario
MARIA JOSE MORAL MORGADO Víctor Garcia Martín
Observaciones Banco beneficiario Referencia para el beneficiario
GESTORÍA PRIMER SEMESTRE 26 BANCO BILBAO VIZCAYA ARGENTARIA S.A
CCC: 0182-1876-81-0201944765
Por cuenta de
Fecha emisión Importe
07-07-26 943,80 El presente documento acredita que Bankinter ha recibido la orden
de transferencia indicada.
Adeudamos en su cuenta el apunte que se detalla.
CCC Entidad Sucursal DC Nº Cuenta Nº IBAN BIC
0128 0020 60 01000****5 ES55012800206001000****5 BKBKESMM
Para cualquier información, llámenos a Banca Telefónica,91 657 88 00
F00703 R. M. MADRID,T.1.857, F220, H.9.643, N.I.F., A-28-157360
WEB 00000000 00 00000000000",transferencia,0.667,economica|gasto|justificacion|pago,False,True,True,,ACC-GESTORIA-6F82F39FEF,1.0,automatico,/Users/usuario/Desktop/PROFESIONAL/enGira/FINANCIACIÓN/SUBVENCIONES/MINISTERIO DE CULTURA/Industrias Culturales 25/JUSTIFICACION/datos_engira/08_JUSTIFICACION_ECONOMICA/JUSTIFICANTES DE PAGO/gestoria 2sem26.pdf
justificacion_economica,08_JUSTIFICACION_ECONOMICA/JUSTIFICANTES DE PAGO/Justificante_operacion_211120250104897.pdf,Justificante_operacion_211120250104897.pdf,.pdf,51707,documento,2025-11-21T13:39:17.923664,1,11-10-0003|7011-10-00,"1.85|134,58|9.64|EUR 21112025010489700001",,,,"Fecha Oficina Moneda Número detransferencia
21-11-25 0020 EUR 21112025010489700001
Adeudo por transferencia
Ordenante Beneficiario
MARIA JOSE MORAL MORGADO QUOTANDA LOANS SL
Observaciones Banco beneficiario Referencia para el beneficiario
ADALAB - NOVIEMBRE BANCO DE SABADELL S.A.
CCC: 0081-7011-10-0003225433
Por cuenta de
Fecha emisión Importe
21-11-25 134,58 El presente documento acredita que Bankinter ha recibido la orden
de transferencia indicada.
Adeudamos en su cuenta el apunte que se detalla.
CCC Entidad Sucursal DC Nº Cuenta Nº IBAN BIC
0128 0020 64 01000****3 ES62012800206401000****3 BKBKESMM
Para cualquier información, llámenos a Banca Telefónica,91 657 88 00
F00703 R. M. MADRID,T.1.857, F220, H.9.643, N.I.F., A-28-157360
WEB 00000000 00 00000000000",transferencia,1.0,economica|gasto|justificacion|pago,False,True,True,,,0.195,sin_vincular,/Users/usuario/Desktop/PROFESIONAL/enGira/FINANCIACIÓN/SUBVENCIONES/MINISTERIO DE CULTURA/Industrias Culturales 25/JUSTIFICACION/datos_engira/08_JUSTIFICACION_ECONOMICA/JUSTIFICANTES DE PAGO/Justificante_operacion_211120250104897.pdf
justificacion_economica,08_JUSTIFICACION_ECONOMICA/JUSTIFICANTES DE PAGO/Justificante_operacion_031120250065659.pdf,Justificante_operacion_031120250065659.pdf,.pdf,52498,documento,2025-11-01T10:39:00.979887,1,27-53-0200|8727-53-02,"1.56|1.562,43|1.85|9.64|EUR 03112025006565900001",,,,"Fecha Oficina Moneda Número detransferencia
01-11-25 0020 EUR 03112025006565900001
Adeudo por transferencia
Ordenante Beneficiario
MARIA JOSE MORAL MORGADO Carles Harillo Magnet
Observaciones Banco beneficiario Referencia para el beneficiario
NÓMINA Y FINIQUITO CARLES HARILLO BANCO BILBAO VIZCAYA ARGENTARIA S.A
CCC: 0182-8727-53-0200547121
Por cuenta de
Fecha emisión Importe
01-11-25 1.562,43 El presente documento acredita que Bankinter ha recibido la orden
de transferencia indicada.
Adeudamos en su cuenta el apunte que se detalla.
CCC Entidad Sucursal DC Nº Cuenta Nº IBAN BIC
0128 0020 60 01000****5 ES55012800206001000****5 BKBKESMM
Para cualquier información, llámenos a Banca Telefónica,91 657 88 00
F00703 R. M. MADRID,T.1.857, F220, H.9.643, N.I.F., A-28-157360
WEB 00000000 00 00000000000",transferencia,1.0,economica|gasto|justificacion|pago,False,True,True,,,0.195,sin_vincular,/Users/usuario/Desktop/PROFESIONAL/enGira/FINANCIACIÓN/SUBVENCIONES/MINISTERIO DE CULTURA/Industrias Culturales 25/JUSTIFICACION/datos_engira/08_JUSTIFICACION_ECONOMICA/JUSTIFICANTES DE PAGO/Justificante_operacion_031120250065659.pdf
justificacion_economica,08_JUSTIFICACION_ECONOMICA/JUSTIFICANTES DE PAGO/72121899-f19f-4963-bce2-a525b5ac25be.pdf,72121899-f19f-4963-bce2-a525b5ac25be.pdf,.pdf,52500,documento,2025-12-13T21:15:07.308713,1,0020-60-01|20-60-0100,"0,00|1.85|255,00|9.64|EUR 202512120017986",,,,"Data Oficina Moneda Número detransferencia
12-12-25 0020 -MADRID AG.10 EUR 202512120017986
Càrrec per transfèrencia
Ordenant Beneficiari
MARIA JOSE MORAL MORGADO MARIA JOSE MORAL MORGADO
Observacions Banc beneficiari
PAGO PALOMA CALLE BANKINTER S.A.
PASEO DE LAS DELICIAS,31
MADRID
CCC : 0128-0020-60-0100069486
Per compte de Nominal: Comissió: Correu: Sms-mail: Total despeses
255,00 0,00 0,00 0,00 0,00
Despeses: Compartides
Data emissió Data valor Import carregat
12-12-25 11-12-25 255,00
Carreguem en el vostre compte l'apunt detallat.
CCC Entidad Sucursal DC Nº Cuenta Nº IBAN BIC
0128 0020 60 0100076605 ES55 0128 0020 6001 0007 6605 BKBKESMM
Titulars Per a qualsevol informació, truqui'ns a Banca Telefònica93 410 84 85
MARIA JOSE MORAL MORGADO F00704 R. M. MADRID,T.1.857, F220, H.9.643, N.I.F., A-28-157360
A04 01 20251212 50 00002941301",transferencia,0.4,economica|gasto|justificacion|pago,False,True,True,,ACC-COMERCIALIZACION-B951E5B6AC,0.39,pendiente_revision,/Users/usuario/Desktop/PROFESIONAL/enGira/FINANCIACIÓN/SUBVENCIONES/MINISTERIO DE CULTURA/Industrias Culturales 25/JUSTIFICACION/datos_engira/08_JUSTIFICACION_ECONOMICA/JUSTIFICANTES DE PAGO/72121899-f19f-4963-bce2-a525b5ac25be.pdf
justificacion_economica,08_JUSTIFICACION_ECONOMICA/JUSTIFICANTES DE PAGO/Justificante_operacion_151220250002633.pdf,Justificante_operacion_151220250002633.pdf,.pdf,50396,documento,2025-12-13T21:22:18.564729,1,0020-60-01|20-60-0100,"1.85|554,58|9.64|EUR 15122025000263300001",,,,"Fecha Oficina Moneda Número detransferencia
13-12-25 0020 EUR 15122025000263300001
Adeudo por transferencia
Ordenante Beneficiario
MARIA JOSE MORAL MORGADO MARIA JOSE MORAL MORGADO
Observaciones Banco beneficiario Referencia para el beneficiario
REGRESO MATRÍCULA + QUOTA ADALAB CCC: 0128-0020-60-0100069486
Por cuenta de
Fecha emisión Importe
13-12-25 554,58 El presente documento acredita que Bankinter ha recibido la orden
de transferencia indicada.
Adeudamos en su cuenta el apunte que se detalla.
CCC Entidad Sucursal DC Nº Cuenta Nº IBAN BIC
0128 0020 60 01000****5 ES55012800206001000****5 BKBKESMM
Para cualquier información, llámenos a Banca Telefónica,91 657 88 00
F00703 R. M. MADRID,T.1.857, F220, H.9.643, N.I.F., A-28-157360
WEB 00000000 00 00000000000",transferencia,1.0,economica|gasto|justificacion|pago,False,True,True,,,0.195,sin_vincular,/Users/usuario/Desktop/PROFESIONAL/enGira/FINANCIACIÓN/SUBVENCIONES/MINISTERIO DE CULTURA/Industrias Culturales 25/JUSTIFICACION/datos_engira/08_JUSTIFICACION_ECONOMICA/JUSTIFICANTES DE PAGO/Justificante_operacion_151220250002633.pdf
justificacion_economica,08_JUSTIFICACION_ECONOMICA/JUSTIFICANTES DE PAGO/MKT 50%.pdf,MKT 50%.pdf,.pdf,54605,documento,2026-06-22T09:38:49.459048,1,15-11-0002|7115-11-00,"1.85|2.66|2.660,00|9.64|EUR 22062026028492700001",,,,"Fecha Oficina Moneda Número detransferencia
22-06-26 0020 EUR 22062026028492700001
Adeudo por transferencia
Ordenante Beneficiario
MARIA JOSE MORAL MORGADO ASOC CULTURAL ZEENA PRODUCCIONES TEATRALES
Observaciones Banco beneficiario Referencia para el beneficiario
CAMPAÑA MKT 50% BANCO DE SABADELL S.A.
CCC: 0081-7115-11-0002238130
Por cuenta de
Fecha emisión Importe
22-06-26 2.660,00 El presente documento acredita que Bankinter ha recibido la orden
de transferencia indicada.
Adeudamos en su cuenta el apunte que se detalla.
CCC Entidad Sucursal DC Nº Cuenta Nº IBAN BIC
0128 0020 60 01000****5 ES55012800206001000****5 BKBKESMM
Para cualquier información, llámenos a Banca Telefónica,91 657 88 00
F00703 R. M. MADRID,T.1.857, F220, H.9.643, N.I.F., A-28-157360
WEB 00000000 00 00000000000",transferencia,0.667,economica|gasto|justificacion|pago,False,True,True,,,0.195,sin_vincular,/Users/usuario/Desktop/PROFESIONAL/enGira/FINANCIACIÓN/SUBVENCIONES/MINISTERIO DE CULTURA/Industrias Culturales 25/JUSTIFICACION/datos_engira/08_JUSTIFICACION_ECONOMICA/JUSTIFICANTES DE PAGO/MKT 50%.pdf
justificacion_economica,08_JUSTIFICACION_ECONOMICA/JUSTIFICANTES DE PAGO/Justificante_operacion_270220260145618.pdf,Justificante_operacion_270220260145618.pdf,.pdf,54651,documento,2026-04-02T12:52:07.709750,1,0022-53-01|22-53-0100,"1.80|1.800,00|1.85|9.64|EUR 27022026014561800001",,,,"Fecha Oficina Moneda Número detransferencia
27-02-26 0020 EUR 27022026014561800001
Adeudo por transferencia
Ordenante Beneficiario
MARIA JOSE MORAL MORGADO ASOC CULTURAL ZEENA PRODUCCIONES TEATRALES
Observaciones Banco beneficiario Referencia para el beneficiario
SERVICIO DE DATA ANALYTICS PARA CONVERSIÓN DE USUARIOSBANKINTER S.A.
A PREMIUM CCC: 0128-0022-53-0100066534
Por cuenta de
Fecha emisión Importe
27-02-26 1.800,00 El presente documento acredita que Bankinter ha recibido la orden
de transferencia indicada.
Adeudamos en su cuenta el apunte que se detalla.
CCC Entidad Sucursal DC Nº Cuenta Nº IBAN BIC
0128 0020 60 01000****5 ES55012800206001000****5 BKBKESMM
Para cualquier información, llámenos a Banca Telefónica,91 657 88 00
F00703 R. M. MADRID,T.1.857, F220, H.9.643, N.I.F., A-28-157360
WEB 00000000 00 00000000000",transferencia,1.0,economica|gasto|justificacion|pago,False,True,True,,,0.26,sin_vincular,/Users/usuario/Desktop/PROFESIONAL/enGira/FINANCIACIÓN/SUBVENCIONES/MINISTERIO DE CULTURA/Industrias Culturales 25/JUSTIFICACION/datos_engira/08_JUSTIFICACION_ECONOMICA/JUSTIFICANTES DE PAGO/Justificante_operacion_270220260145618.pdf
justificacion_economica,08_JUSTIFICACION_ECONOMICA/JUSTIFICANTES DE PAGO/Justificante_operacion_291220250085625.pdf,Justificante_operacion_291220250085625.pdf,.pdf,51500,documento,2025-12-28T17:12:39.964690,1,0001-29-20|01-29-2065,"1.85|508,80|9.64|EUR 29122025008562500001",,,,"Fecha Oficina Moneda Número detransferencia
28-12-25 0020 EUR 29122025008562500001
Adeudo por transferencia
Ordenante Beneficiario
MARIA JOSE MORAL MORGADO Cadí Tuset
Observaciones Banco beneficiario Referencia para el beneficiario
MANTENIMIENTO TÉCNICO Y MEJORAS PLATAFORMA ENGIRA TRIODOS BANK NV SE
CCC: 1491-0001-29-2065841021
Por cuenta de
Fecha emisión Importe
28-12-25 508,80 El presente documento acredita que Bankinter ha recibido la orden
de transferencia indicada.
Adeudamos en su cuenta el apunte que se detalla.
CCC Entidad Sucursal DC Nº Cuenta Nº IBAN BIC
0128 0020 60 01000****5 ES55012800206001000****5 BKBKESMM
Para cualquier información, llámenos a Banca Telefónica,91 657 88 00
F00703 R. M. MADRID,T.1.857, F220, H.9.643, N.I.F., A-28-157360
WEB 00000000 00 00000000000",transferencia,1.0,economica|gasto|justificacion|pago,False,True,True,,ACC-SOPORTE-TECNICO-Y--68F07784A8,0.315,pendiente_revision,/Users/usuario/Desktop/PROFESIONAL/enGira/FINANCIACIÓN/SUBVENCIONES/MINISTERIO DE CULTURA/Industrias Culturales 25/JUSTIFICACION/datos_engira/08_JUSTIFICACION_ECONOMICA/JUSTIFICANTES DE PAGO/Justificante_operacion_291220250085625.pdf
justificacion_economica,08_JUSTIFICACION_ECONOMICA/JUSTIFICANTES DE PAGO/QUOTANDA.pdf,QUOTANDA.pdf,.pdf,54280,documento,2026-05-12T10:41:14.433865,1,11-10-0003|7011-10-00,"1.85|2.42|2.422,52|9.64|EUR 12052026005967800001",,,,"Fecha Oficina Moneda Número detransferencia
12-05-26 0020 EUR 12052026005967800001
Adeudo por transferencia
Ordenante Beneficiario
MARIA JOSE MORAL MORGADO QUOTANDA LOANS SL
Observaciones Banco beneficiario Referencia para el beneficiario
QLAI-00087693 BANCO DE SABADELL S.A.
CCC: 0081-7011-10-0003225433
Por cuenta de
Fecha emisión Importe
12-05-26 2.422,52 El presente documento acredita que Bankinter ha recibido la orden
de transferencia indicada.
Adeudamos en su cuenta el apunte que se detalla.
CCC Entidad Sucursal DC Nº Cuenta Nº IBAN BIC
0128 0020 60 01000****6 ES14012800206001000****6 BKBKESMM
Para cualquier información, llámenos a Banca Telefónica,91 657 88 00
F00703 R. M. MADRID,T.1.857, F220, H.9.643, N.I.F., A-28-157360
WEB 00000000 00 00000000000",transferencia,0.667,economica|gasto|justificacion|pago,False,True,True,,,0.195,sin_vincular,/Users/usuario/Desktop/PROFESIONAL/enGira/FINANCIACIÓN/SUBVENCIONES/MINISTERIO DE CULTURA/Industrias Culturales 25/JUSTIFICACION/datos_engira/08_JUSTIFICACION_ECONOMICA/JUSTIFICANTES DE PAGO/QUOTANDA.pdf
justificacion_economica,08_JUSTIFICACION_ECONOMICA/JUSTIFICANTES DE PAGO/Justificante_operacion_161220250060976.pdf,Justificante_operacion_161220250060976.pdf,.pdf,51375,documento,2025-12-16T10:27:00.853910,1,0020-60-01|20-60-0100,"1.80|1.800,00|1.85|9.64|EUR 16122025006097600001",,,,"Fecha Oficina Moneda Número detransferencia
16-12-25 0020 EUR 16122025006097600001
Adeudo por transferencia
Ordenante Beneficiario
MARIA JOSE MORAL MORGADO MARIA JOSE MORAL MORGADO
Observaciones Banco beneficiario Referencia para el beneficiario
SERVICIOS DE COMUNICACIÓN REALIZADOS POR EL AUTÓNOMO CCC: 0128-0020-60-0100069486
BENEFICIARIO DE LA SUBVENCIÓN
Por cuenta de
Fecha emisión Importe
16-12-25 1.800,00 El presente documento acredita que Bankinter ha recibido la orden
de transferencia indicada.
Adeudamos en su cuenta el apunte que se detalla.
CCC Entidad Sucursal DC Nº Cuenta Nº IBAN BIC
0128 0020 60 01000****5 ES55012800206001000****5 BKBKESMM
Para cualquier información, llámenos a Banca Telefónica,91 657 88 00
F00703 R. M. MADRID,T.1.857, F220, H.9.643, N.I.F., A-28-157360
WEB 00000000 00 00000000000",transferencia,1.0,economica|gasto|justificacion|pago,False,True,True,,ACC-COMERCIALIZACION-396ABB13E0,0.39,pendiente_revision,/Users/usuario/Desktop/PROFESIONAL/enGira/FINANCIACIÓN/SUBVENCIONES/MINISTERIO DE CULTURA/Industrias Culturales 25/JUSTIFICACION/datos_engira/08_JUSTIFICACION_ECONOMICA/JUSTIFICANTES DE PAGO/Justificante_operacion_161220250060976.pdf
justificacion_economica,08_JUSTIFICACION_ECONOMICA/CONTABILIDAD/INGRESOS/engira_09_la_pera_del_olmo.pdf,engira_09_la_pera_del_olmo.pdf,.pdf,183096,documento,2026-02-03T17:20:07.820921,1,,"382,50|382,50 €|450,00|450,00 €|67,50|67,50 €",46943079X|G88150479,,,"Maria Jose Moral Morgado
Calle Dr. Bellido 3 2ª planta
28018 Madrid
NIF 46943079X
Asociacion Cultural La Travesía de Galván
Calle José Maria Galvan, N°3 bajo Derecha
CIF: G88150479
CP: 28019
Factura
Nº Factura 2025/09
Fecha Factura 20/12/25
Descripción Can,dad Unidad Precio (€) Importe
Programa formaKvo de acompañamiento semestral en la distribución
de espectáculos a la compañía La Pera del Olmo. 1 1 450,00 450,00 €
Descuento promocional -15 % - 67,50 €
Subtotal 382,50 €
“AcKvidad formaKva exenta de IVA según el ar^culo 20.Uno.9º de IVA 0%
la Ley 37/1992 del IVA.”
TOTAL 382,50 €
PAGO Transferencia bancaria
IBAN ES55 0128 0020 6001 0007 6605
¡Gracias!
www.engira.art",presupuesto,0.533,administracion|economica|gasto|justificacion,False,True,False,,ACC-ADMINISTRACION-A0CC1B65E1,0.78,automatico,/Users/usuario/Desktop/PROFESIONAL/enGira/FINANCIACIÓN/SUBVENCIONES/MINISTERIO DE CULTURA/Industrias Culturales 25/JUSTIFICACION/datos_engira/08_JUSTIFICACION_ECONOMICA/CONTABILIDAD/INGRESOS/engira_09_la_pera_del_olmo.pdf
justificacion_economica,08_JUSTIFICACION_ECONOMICA/CONTABILIDAD/INGRESOS/01_di_art_engira.pdf,01_di_art_engira.pdf,.pdf,172962,documento,2026-01-07T16:58:29.792962,1,,"332,50|332,50 €|450,00|450,00 €|50,00|50,00 €|67,50|67,50 €",46943079X|G16646564,,,"Maria Jose Moral Morgado
Calle Dr. Bellido 3 2ª planta
28018 Madrid
NIF 46943079X
Associació Diàlegs d'Art
Carrer Escorpí 37
CIF: G16646564
CP: 07710 Sant Lluís (Illes Balears)
Factura
Nº Factura 2026/01
Fecha Factura 07/01/26
Descripción Can,dad Unidad Precio (€) Importe
Programa formaWvo de acompañamiento semestral en la distribución
del espectáculo H2O. 1 1 450,00 450,00 €
Descuento promocional -15 % - 67,50 €
Reserva ya abonada - 50,00 €
Subtotal 332,50 €
“AcWvidad formaWva exenta de IVA según el arhculo 20.Uno.9º de IVA 0%
la Ley 37/1992 del IVA.”
TOTAL 332,50 €
PAGO Transferencia bancaria
IBAN ES55 0128 0020 6001 0007 6605
¡Gracias!
www.engira.art",presupuesto,0.533,administracion|economica|gasto|justificacion,False,True,False,,ACC-ADMINISTRACION-A0CC1B65E1,0.78,automatico,/Users/usuario/Desktop/PROFESIONAL/enGira/FINANCIACIÓN/SUBVENCIONES/MINISTERIO DE CULTURA/Industrias Culturales 25/JUSTIFICACION/datos_engira/08_JUSTIFICACION_ECONOMICA/CONTABILIDAD/INGRESOS/01_di_art_engira.pdf
justificacion_economica,08_JUSTIFICACION_ECONOMICA/CONTABILIDAD/GASTOS/1TR2026/ALIANZAS /F260009 -Zeena - Dossier EnGira.pdf,F260009 -Zeena - Dossier EnGira.pdf,.pdf,28114,documento,2026-04-02T10:52:24,1,20/01/2026,"1.08|1.089,00|1.089,000€|1.089,00€|189,00|189,000€|900,00|900,000€|900,00€|€
46943079|€
900,00|€ 1|€ 1.089,00|€ 1.089,000|€ 21",46943079X|B56029531,,,"POR FIN LUNES S.L.
B56029531
C/ Platero Bernabé de los Reyes 2 Local 2
Córdoba (14006), Córdoba, España
admin@porfinlunes.es
+34957326900
Factura #F260009 Fecha: 20/01/2026
Maria José Moral Morgado Total 1.089,00€
46943079X
680 557 163
Calle Dr. Bellido 3, 2ª planta
Madrid (28018), Madrid, España
CONCEPTO PRECIO UNIDADES DTO. SUBTOTAL IVA TOTAL
Dossier 900,000€ 1 0% 900,000€ 21% 1.089,000€
Diseño de dossier A4 16-24 páginas.
Incluye compra de fotos de stock.
Entrega de editable adobe.
BASE IMPONIBLE IMPUESTO TOTAL IMPUESTO TOTAL
900,000€ IVA 21% 189,000€ 1.089,000€
900,00€ 1.089,00€
Presupuesto: E260016
Pagar por transferencia bancaria al siguiente número de cuenta:
BBVA: ES14 0182 0424 6902 0250 6209
Responsable: POR FIN LUNES SL - CIF: B56029531 Dir. postal: Calle Bernabé de los Reyes, 2 Local 2 - 14006, de Córdoba. Teléfono: 957326900 E-mail:
admin@porfinlunes.es. Tratamos la información que nos facilita con el fin de prestarles el servicio solicitado y realizar su facturación. Los datos
proporcionados se conservarán mientras se mantenga la relación comercial o durante el tiempo necesario para cumplir con las obligaciones legales y
atender las posibles responsabilidades que pudieran derivar del cumplimiento de la finalidad para la que los datos fueron recabados. Los datos no se
cederán a terceros salvo en los casos en que exista una obligación legal. Usted tiene derecho a obtener información sobre si estamos tratando sus
datos personales, por lo que puede ejercer sus derechos de acceso, rectificación, supresión y portabilidad de datos y oposición y
limitación a su tratamiento en la dirección postal o correo electrónico facilitados, adjuntando copia de su DNI o documento equivalente. Asimismo, y
especialmente si considera que no ha obtenido satisfacción plena en el ejercicio de sus derechos, podrá presentar una reclamación ante la autoridad
nacional de control dirigiéndose a estos efectos a la Agencia Española de Protección de Datos, C/ Jorge Juan, 6 - 28001 Madrid.
1/1",presupuesto,0.533,administracion|economica|gasto|justificacion,False,True,False,alianzas,ACC-ADMINISTRACION-A0CC1B65E1,0.78,automatico,/Users/usuario/Desktop/PROFESIONAL/enGira/FINANCIACIÓN/SUBVENCIONES/MINISTERIO DE CULTURA/Industrias Culturales 25/JUSTIFICACION/datos_engira/08_JUSTIFICACION_ECONOMICA/CONTABILIDAD/GASTOS/1TR2026/ALIANZAS /F260009 -Zeena - Dossier EnGira.pdf
justificacion_economica,08_JUSTIFICACION_ECONOMICA/CONTABILIDAD/GASTOS/1TR2026/SERVIDOR/Factura_2026-03-25_202785955106_V99933615.pdf,Factura_2026-03-25_202785955106_V99933615.pdf,.pdf,75146,documento,2026-04-02T12:51:09.975878,1,,"0,00|14,00|14.00|19,00|22,99|23.04|24.03|3,99|5,00|5.00",46943079X,,,"IONOS Cloud S.L.U.
Avenida de La Vega, 1
Edificio Veganova (Edificio 3, 5º-C)
28108 Alcobendas (Madrid)
N.° de factura: 202785955106
IONOS Cloud S.L.U. · Avenida de La Vega, 1 Fecha de facturación: 25/03/26
Edificio Veganova · 28108 Alcobendas (Madrid)
ID de cliente: 953748520
Maria José Moral Morgado
N.° de contrato: 99933615
Maria José Moral Morgado
NIF/CIF: 46943079X
2
C/ Doctor Bellido 3 Consultas: www.ionos.es/ayuda
28018 Madrid My IONOS: my.ionos.es/invoices
ESPAÑA
Teléfono: 91 136 0000
Horario de atención al cliente: 24/7
Por favor, tenga a mano su PIN telefónico para
autentificarse de una forma rápida y segura cuando desee
contactar con el departamento de soporte. Puede generar y
administrar su PIN telefónico desde my.ionos.es.
Factura
Inicio de facturación: 24/03/26
Consumo
Con. Servicios facturados Tarifa Cantidad Importe (EUR) IVA
medio
Contrato: 99933615 - IONOS VPS Linux L
Cuota (14,00 EUR)
1 Cuota mensual 14.00 EUR al 1 m. 14,00 21,0 %
mes
24.03.2026-23.04.2026
Servidor <EnGira> (5,00 EUR)
2 IP adicional 5.00 EUR / IP / 1 uds. 100% (1M) 0,00 21,0 %
mes
3 Plesk (dominios ilimitados) 5.00 EUR / 1 uds. 100% (1M) 5,00 21,0 %
licencia / mes
Total (base imponible) 19,00 EUR
+ IVA (21,0 %) 3,99 EUR
Total a pagar 22,99 EUR
El importe total a pagar será cargado en su tarjeta de crédito durante los próximos siete días. Gracias.
¿Tiene dudas o preguntas sobre esta factura?
Encontrará información adicional en my.ionos.es o en nuestro Centro de Ayuda.
IONOS Cloud S.L.U., NIF B-85049435, Madre de Dios nº 21, 26004-Logroño (La Rioja) Spain, Inscrita en el Registro Mercantil de La Rioja,
Tomo y Folio electrónico, Hoja LO-21627,
Commerzbank Frankfurt, IBAN: DE93500400000589486002 Página 1 de 1",factura,1.0,economica|gasto|justificacion,False,True,False,,ACC-SOPORTE-TECNICO-Y--F45DA80C53,0.835,automatico,/Users/usuario/Desktop/PROFESIONAL/enGira/FINANCIACIÓN/SUBVENCIONES/MINISTERIO DE CULTURA/Industrias Culturales 25/JUSTIFICACION/datos_engira/08_JUSTIFICACION_ECONOMICA/CONTABILIDAD/GASTOS/1TR2026/SERVIDOR/Factura_2026-03-25_202785955106_V99933615.pdf
justificacion_economica,08_JUSTIFICACION_ECONOMICA/CONTABILIDAD/GASTOS/1TR2026/SERVIDOR/Factura_2026-02-25_202785665358_V99933615.pdf,Factura_2026-02-25_202785665358_V99933615.pdf,.pdf,75312,documento,2026-04-02T12:52:14.792686,1,,"0,00|14,00|14.00|19,00|22,99|23.03|24.02|24.23|3,99|5,00|5.00",46943079X|B85049435,,,"IONOS Cloud S.L.U.
Avenida de La Vega, 1
Edificio Veganova (Edificio 3, 5º-C)
28108 Alcobendas (Madrid)
N.° de factura: 202785665358
IONOS Cloud S.L.U. · Avenida de La Vega, 1 Fecha de facturación: 25/02/26
Edificio Veganova · 28108 Alcobendas (Madrid)
ID de cliente: 953748520
Maria José Moral Morgado
N.° de contrato: 99933615
Maria José Moral Morgado
NIF/CIF: 46943079X
2
C/ Doctor Bellido 3 Consultas: www.ionos.es/ayuda
28018 Madrid My IONOS: my.ionos.es/invoices
ESPAÑA
Teléfono: 91 136 0000
Horario de atención al cliente: 24/7
Por favor, tenga a mano su PIN telefónico para
autentificarse de una forma rápida y segura cuando desee
contactar con el departamento de soporte. Puede generar y
administrar su PIN telefónico desde my.ionos.es.
Factura
Inicio de facturación: 24/02/26
Consumo
Con. Servicios facturados Tarifa Cantidad Importe (EUR) IVA
medio
Contrato: 99933615 - IONOS VPS Linux L
Cuota (14,00 EUR)
1 Cuota mensual 14.00 EUR al 1 m. 14,00 21,0 %
mes
24.02.2026-23.03.2026
Servidor <EnGira> (5,00 EUR)
2 IP adicional 5.00 EUR / IP / 1 uds. 100% (1M) 0,00 21,0 %
mes
3 Plesk (dominios ilimitados) 5.00 EUR / 1 uds. 100% (1M) 5,00 21,0 %
licencia / mes
Total (base imponible) 19,00 EUR
+ IVA (21,0 %) 3,99 EUR
Total a pagar 22,99 EUR
El importe total a pagar será cargado en su tarjeta de crédito durante los próximos siete días. Gracias.
¿Tiene dudas o preguntas sobre esta factura?
Encontrará información adicional en my.ionos.es o en nuestro Centro de Ayuda.
IONOS Cloud S.L.U., NIF B85049435, Avenida de La Vega, 1 - Edificio Veganova (Edif.3 planta 5° puerta C),
28108 Alcobendas (Madrid), España, Inscrita en el Registro Mercantil de Madrid,
Tomo: 24.232, Libro 0, Folio 73, Sección 8, Hoja M-435500, Inscripción 1
Commerzbank Frankfurt, IBAN: DE93500400000589486002 Página 1 de 1",factura,1.0,economica|gasto|justificacion,False,True,False,,ACC-SOPORTE-TECNICO-Y--F45DA80C53,0.835,automatico,/Users/usuario/Desktop/PROFESIONAL/enGira/FINANCIACIÓN/SUBVENCIONES/MINISTERIO DE CULTURA/Industrias Culturales 25/JUSTIFICACION/datos_engira/08_JUSTIFICACION_ECONOMICA/CONTABILIDAD/GASTOS/1TR2026/SERVIDOR/Factura_2026-02-25_202785665358_V99933615.pdf
justificacion_economica,08_JUSTIFICACION_ECONOMICA/CONTABILIDAD/GASTOS/1TR2026/SERVIDOR/Factura_2026-01-25_202785368394_V99933615.pdf,Factura_2026-01-25_202785368394_V99933615.pdf,.pdf,86089,documento,2026-04-02T12:52:28.418840,2,,"0,00|0.14|14,00|14.00|23.02|24.01|24.23|25,00|25.00|25.01|44,00|5,00|5.00|53,24|9,24",46943079X|B85049435,,,"IONOS Cloud S.L.U.
Avenida de La Vega, 1
Edificio Veganova (Edificio 3, 5º-C)
28108 Alcobendas (Madrid)
N.° de factura: 202785368394
IONOS Cloud S.L.U. · Avenida de La Vega, 1 Fecha de facturación: 25/01/26
Edificio Veganova · 28108 Alcobendas (Madrid)
ID de cliente: 953748520
Maria José Moral Morgado
N.° de contrato: 99933615
Maria José Moral Morgado
NIF/CIF: 46943079X
2
C/ Doctor Bellido 3 Consultas: www.ionos.es/ayuda
28018 Madrid My IONOS: my.ionos.es/invoices
ESPAÑA
Teléfono: 91 136 0000
Horario de atención al cliente: 24/7
Por favor, tenga a mano su PIN telefónico para
autentificarse de una forma rápida y segura cuando desee
contactar con el departamento de soporte. Puede generar y
administrar su PIN telefónico desde my.ionos.es.
Factura
Inicio de facturación: 24/01/26
Consumo
Con. Servicios facturados Tarifa Cantidad Importe (EUR) IVA
medio
Contrato: 99933615 - IONOS VPS Linux L
Cuota (14,00 EUR)
1 Cuota mensual 14.00 EUR al mes 1 m. 14,00 21,0 %
24.01.2026-23.02.2026
Servidor <EnGira> (5,00 EUR)
2 IP adicional 5.00 EUR / IP / 1 uds. 100% (1M) 0,00 21,0 %
mes
3 Plesk (dominios ilimitados) 5.00 EUR / 1 uds. 100% (1M) 5,00 21,0 %
licencia / mes
Servicios adicionales (25,00 EUR)
4 Domain .art 25.00 EUR al año 12 m. 25,00 21,0 %
(incl. 0.14 EUR
ICANN Fee)
25.01.2026-24.01.2027 engira.art
Total (base imponible) 44,00 EUR
+ IVA (21,0 %) 9,24 EUR
Total a pagar 53,24 EUR
El importe total a pagar será cargado en su tarjeta de crédito durante los próximos siete días. Gracias.
IONOS Cloud S.L.U., NIF B85049435, Avenida de La Vega, 1 - Edificio Veganova (Edif.3 planta 5° puerta C),
28108 Alcobendas (Madrid), España, Inscrita en el Registro Mercantil de Madrid,
Tomo: 24.232, Libro 0, Folio 73, Sección 8, Hoja M-435500, Inscripción 1
Commerzbank Frankfurt, IBAN: DE93500400000589486002 Página 1 de 2
Maria José Moral Morgado
Maria José Moral Morgado N.° de factura: 202785368394
2 Fecha de facturación: 25/01/26
C/ Doctor Bellido 3 ID de cliente: 953748520
¿Tiene dudas o preguntas sobre esta factura?
Encontrará información adicional en my.ionos.es o en nuestro Centro de Ayuda.
IONOS Cloud S.L.U., NIF B85049435, Avenida de La Vega, 1 - Edificio Veganova (Edif.3 planta 5° puerta C),
28108 Alcobendas (Madrid), España, Inscrita en el Registro Mercantil de Madrid,
Tomo: 24.232, Libro 0, Folio 73, Sección 8, Hoja M-435500, Inscripción 1
Commerzbank Frankfurt, IBAN: DE93500400000589486002 Página 2 de 2",factura,1.0,economica|gasto|justificacion,False,True,False,,ACC-SOPORTE-TECNICO-Y--F45DA80C53,0.835,automatico,/Users/usuario/Desktop/PROFESIONAL/enGira/FINANCIACIÓN/SUBVENCIONES/MINISTERIO DE CULTURA/Industrias Culturales 25/JUSTIFICACION/datos_engira/08_JUSTIFICACION_ECONOMICA/CONTABILIDAD/GASTOS/1TR2026/SERVIDOR/Factura_2026-01-25_202785368394_V99933615.pdf
justificacion_economica,08_JUSTIFICACION_ECONOMICA/CONTABILIDAD/GASTOS/1TR2026/SERVICIO DATA/factura_1_servicio_data.pdf,factura_1_servicio_data.pdf,.pdf,147049,documento,2026-04-03T10:12:37.508404,1,,"2.00|2.000,00|2.000,00 €|€ 2.000,00",46943079X|G87019253,,,"A.C. ZEENA PRODUCCIONES TEATRALES
Calle Dr. Bellido 3
28018 Madrid
CIF G87019253
enGira!
Maria José Moral Morgado
Calle Almaden 14 2c
28014 Madrid
NIF 46943079X
Factura
Nº Factura 2026/01
Fecha Factura 10/2/26
Descripción CanUdad Unidad Precio Importe
IG Audience Data AnalyUcs para campaña de markeUng 1 1 2.000,00 € 2.000,00 €
Subtotal sin IVA 2.000,00 €
IVA 0%
TOTAL Eur 2.000,00 €
PAGO Transferencia bancaria
IBAN ES4601280022530100066534
www.zeenaproducciones.com",factura,1.0,economica|gasto|justificacion,False,True,False,,ACC-ADMINISTRACION-A0CC1B65E1,0.78,automatico,/Users/usuario/Desktop/PROFESIONAL/enGira/FINANCIACIÓN/SUBVENCIONES/MINISTERIO DE CULTURA/Industrias Culturales 25/JUSTIFICACION/datos_engira/08_JUSTIFICACION_ECONOMICA/CONTABILIDAD/GASTOS/1TR2026/SERVICIO DATA/factura_1_servicio_data.pdf
justificacion_economica,08_JUSTIFICACION_ECONOMICA/CONTABILIDAD/GASTOS/1TR2026/SUMINISTROS/INV337023537.pdf,INV337023537.pdf,.pdf,530169,documento,2026-04-02T12:52:01.240615,3,08/02/2026|09/01/2026,"0,00|0,50|13,59|15,00|15,99|16,45|19,35|2,40|2,86|2,90|21.00|3,36|EUR 19,35|EUR 3,36",,,,"Factura
Zoom Communications, Inc.
55 Almaden Blvd, 6th Floor
San Jose, CA 95113
Fecha de la factura: 09/01/2026
Núm. de factura: INV337023537 Número de orden de compra:
Condiciones de pago: Pagadero al momento de la recepción
Fecha de vencimiento: 09/01/2026 Número de IVA/identificación fiscal del cliente:
Número de cuenta: 5106660991
Moneda: EUR
Forma de pago: MasterCard *******     7592
Información de la cuenta: MARÍA JOSÉ MORAL MORGADO Zoom W 9
Dirección del solicitante: CALLE DR. BELLIDO 3 2 PLANTA,
MADRID, ESPAÑA 28018
Spain
info@engira.art
Dirección de facturación: CALLE DR. BELLIDO 3 2 PLANTA,
MADRID, ESPAÑA 28018
Spain
info@engira.art
Detalles del cargo
Impuestos, tasas y
Descripción del cargo Período de facturación Subtotal Total
recargos
Nombre del cargo: Zoom
Workplace Pro - Discount
09/01/2026   08/02/2026  2,40 EUR  0,50 EUR  2,90 EUR
Descuento: 15,00%
Notas: El crédito prorrateado de los productos se aplica al precio de venta al público sugerido por el fabricante  MSRP , por lo que verá
este cargo de descuento prorrateado para proporcionar un crédito neto.
Nombre del cargo: Zoom
Workplace Pro Monthly
09/01/2026   08/02/2026 15,99 EUR 3,36 EUR 19,35 EUR
Cantidad: 1
Precio unitario: 15,99
Subtotal 13,59 EUR
Total (incluidos impuestos, tasas y recargos) 16,45 EUR
Saldo de la factura 0,00 EUR
Detalles de impuestos, tasas y cargos
Nombre del
Monto del impuesto, tasa
Nombre del cargo impuesto, tasa o Jurisdicción Monto del cargo
o recargo
recargo
Value Added Tax
Discount Federal  2,40 EUR  0,50 EUR
 VAT  21.000 %
Value Added Tax
Zoom Workplace Pro Monthly Federal 15,99 EUR 3,36 EUR
 VAT  21.000 %
Total de impuestos, tasas y recargos 2,86 EUR
Transacciones
Total de la factura 16,45 EUR
Fecha de la
Número de transacción Tipo de transacción Descripción Importe aplicado
transacción
09/01/2026 P 396401094 Payment - 16,45 EUR
Saldo de la factura 0,00 EUR
¿Necesita ayuda para entender su factura? Haga clic aquí
Zoom One cambia su marca a Zoom Workplace. Este nuevo nombre no afecta sus servicios.
Tenga en cuenta que ZoomIQ for Sales ahora se llama Zoom Revenue Accelerator. Sus servicios seguirán siendo los
mismos y este cambio de nombre no modifica el precio de su suscripción actual.
Los planes recurrentes se renovarán automáticamente, con cargo al método de pago registrado. El período de
facturación de cada plan y el cargo total (más los impuestos y las tasas reglamentarias aplicables) por período
de facturación para ese producto se indican más arriba en la sección Detalles del cargo. Puede cancelar en
cualquier momento hasta el día anterior a la fecha de renovación en zoom.us/billing. La cancelación se hará
efectiva al finalizar el período de suscripción.",factura,0.533,economica|gasto|justificacion,False,True,False,,ACC-ADMINISTRACION-A0CC1B65E1,0.78,automatico,/Users/usuario/Desktop/PROFESIONAL/enGira/FINANCIACIÓN/SUBVENCIONES/MINISTERIO DE CULTURA/Industrias Culturales 25/JUSTIFICACION/datos_engira/08_JUSTIFICACION_ECONOMICA/CONTABILIDAD/GASTOS/1TR2026/SUMINISTROS/INV337023537.pdf
justificacion_economica,08_JUSTIFICACION_ECONOMICA/CONTABILIDAD/GASTOS/1TR2026/SUMINISTROS/INV345039957_A23333533_03092026.pdf,INV345039957_A23333533_03092026.pdf,.pdf,481953,documento,2026-04-02T12:51:52.175583,2,08/04/2026|09/03/2026,"0,00|15,99|19,35|21.00|3,36|EUR 19,35|EUR 3,36",,,,"Factura
Zoom Communications, Inc.
55 Almaden Blvd, 6th Floor
San Jose, CA 95113
Fecha de la factura: 09/03/2026
Núm. de factura: INV345039957 Número de orden de compra:
Condiciones de pago: Pagadero al momento de la recepción
Fecha de vencimiento: 09/03/2026 Número de IVA/identificación fiscal del cliente:
Número de cuenta: 5106660991
Moneda: EUR
Forma de pago: MasterCard *******     7592
Información de la cuenta: MARÍA JOSÉ MORAL MORGADO Zoom W 9
Dirección del solicitante: CALLE DR. BELLIDO 3 2 PLANTA,
MADRID, ESPAÑA 28018
Spain
info@engira.art
Dirección de facturación: CALLE DR. BELLIDO 3 2 PLANTA,
MADRID, ESPAÑA 28018
Spain
info@engira.art
Detalles del cargo
Impuestos, tasas y
Descripción del cargo Período de facturación Subtotal Total
recargos
Nombre del cargo: Zoom
Workplace Pro Monthly
09/03/2026   08/04/2026 15,99 EUR 3,36 EUR 19,35 EUR
Cantidad: 1
Precio unitario: 15,99
Subtotal 15,99 EUR
Total (incluidos impuestos, tasas y recargos) 19,35 EUR
Saldo de la factura 0,00 EUR
Detalles de impuestos, tasas y cargos
Nombre del
Monto del impuesto, tasa
Nombre del cargo impuesto, tasa o Jurisdicción Monto del cargo
o recargo
recargo
Value Added Tax
Zoom Workplace Pro Monthly Federal 15,99 EUR 3,36 EUR
 VAT  21.000 %
Total de impuestos, tasas y recargos 3,36 EUR
Transacciones
Total de la factura 19,35 EUR
Fecha de la
Número de transacción Tipo de transacción Descripción Importe aplicado
transacción
09/03/2026 P 406062573 Payment - 19,35 EUR
Saldo de la factura 0,00 EUR
¿Necesita ayuda para entender su factura? Haga clic aquí
Zoom One cambia su marca a Zoom Workplace. Este nuevo nombre no afecta sus servicios.
Tenga en cuenta que ZoomIQ for Sales ahora se llama Zoom Revenue Accelerator. Sus servicios seguirán siendo los
mismos y este cambio de nombre no modifica el precio de su suscripción actual.
Los planes recurrentes se renovarán automáticamente, con cargo al método de pago registrado. El período de
facturación de cada plan y el cargo total (más los impuestos y las tasas reglamentarias aplicables) por período
de facturación para ese producto se indican más arriba en la sección Detalles del cargo. Puede cancelar en
cualquier momento hasta el día anterior a la fecha de renovación en zoom.us/billing. La cancelación se hará
efectiva al finalizar el período de suscripción.",factura,0.533,economica|gasto|justificacion,False,True,False,,ACC-ADMINISTRACION-A0CC1B65E1,0.78,automatico,/Users/usuario/Desktop/PROFESIONAL/enGira/FINANCIACIÓN/SUBVENCIONES/MINISTERIO DE CULTURA/Industrias Culturales 25/JUSTIFICACION/datos_engira/08_JUSTIFICACION_ECONOMICA/CONTABILIDAD/GASTOS/1TR2026/SUMINISTROS/INV345039957_A23333533_03092026.pdf
justificacion_economica,08_JUSTIFICACION_ECONOMICA/CONTABILIDAD/GASTOS/1TR2026/SUMINISTROS/Factura_FMPVAAJ001XXXX.pdf,Factura_FMPVAAJ001XXXX.pdf,.pdf,71829,documento,2026-04-02T13:00:34.582794,2,10-09-2029|28-11-2025,",071.31|0,00|0,0000 €|0,0000€|0,01|0,01€|0,15|0.27|0.27 €|10,93|10,9339 €|21.00|3,55|3,5500 €|3.28|3.28 €|45,45|52,06|52,0661 €|63,00|63,00 €|63,0000 €|66,55|66,55 €|€
0,0000|€
676953|€
6805|€
9121|€ 0,0000|€ 10,9339|€.",,,,"25 de Enero de 2026 Página 1 de 3
Factura núm: FMPVAAJ001**** (10 Dic - 09 Ene) Identificador único de acceso: 928508036505
Maria Jose *************
Calle Doctor *************************************
Titular: Maria Jose ************* 28018 Madrid
46***079X FMPVAAJ001*****260125-004-E0-011-013443
CTA- 07
Calle Doctor *************************************
28018 Madrid
Total a pagar 66,55 €
miMovistar 63,0000 €
miConectividad 63,0000 € Mejor es cuando
todo está pensado para
Otras cuotas 3,5500 € hacer tu vida mejor.
Cuotas mensuales 3,5500 €
Consumos 0,0000 €
SPKC0001
Mandaremos el recibo a tu cuenta de BANKINTER, S.A. a partir del 25 de
Enero de 2026
Base imponible 52,0661 €
IVA(21.00 %)sobre 52,0661 € 10,9339 €
Total impuestos 10,9339 €
Total factura 63,00 €
Fuera de base imponible 3,5500 €
Total a pagar 66,55 €
Estamos a tu disposición,
App Mi Movistar movistar.es 638 10 1004 1004 gratuito movistar.es/citaprevia
estés donde estés
Partners tecnológicos de conectividad de Movistar
.47481028-A
.FIC
-ª1L
,071.31ºT
,6F
,081312-MªH
,dirdaM
ed
.M
.R
-dirdaM
31082
,82
aíV
narG
.U,A.S
,añapsE
ed
acinófeleT
25 de Enero de 2026 260125-004-E0-011-013443-000002 Página 2 de 3
Factura núm: FMPVAAJ001**** (10 Dic - 09 Ene) Identificador único de acceso: 928508036505
Resumen General sin Impuestos
miMovistar
miConectividad 52,0661 €
9121***05- Movistar Max (10 Dic a 09 Ene) 52,0661 €
676953***- Fibra 1 Gb con llamadas ilimitadas a fijos
6805***63 Línea 5G+ con llamadas, SMS y GB ilimitados**
Línea 5G+ con 0 cts./min (45,455 cts. establ.) y GB ilimitados (5 GB
ultrarrápidos)** y 50 SMS
Por ser de Movistar: Movistar Plus+ Inicia, 1 dispositivo, Cloud ilimitado y
Protección Digital
Roaming en UE, Islandia, Liechtenstein, Noruega y Reino Unido (límite *58 GB|**8 GB)
misDispositivos
SAMSUNG Galaxy S21 FE 5G 128GB. Dispositivo Nivel RAT . Hasta el 10-09-2029 (10 Dic a 09
Ene)
Incluido de serie con miConectividad
Otras cuotas
Cuotas mensuales 3,5500 €
Seguro Móvil cuota mensual Póliza 2147279 APPLE IPHONE 13 MINI 128GB 28-11-2025. 3,5500 €
Prima neta de impuestos 3.28 €. Impuestos aplicados 0.27 € (IPS: 8% sobre Prima Neta. LEA:
0,15% sobre Prima Neta. CCS: 0,018% sobre capital máximo asegurado: 0,01€) (28 Nov)
*Este importe se computa fuera de la base imponible de esta factura
Consumos
Consumos dentro de base imponible 0,0000 €
Llamadas Mensajes Internet Contenidos
676953*** 0,0000€ - - - 0,0000€
6805***63 0,0000€ 0,0000€ 0,0000€ - 0,0000€
0,0000€ 0,0000€ 0,0000€ -",factura,0.8,economica|gasto|justificacion,False,True,False,,ACC-ADMINISTRACION-A0CC1B65E1,0.78,automatico,/Users/usuario/Desktop/PROFESIONAL/enGira/FINANCIACIÓN/SUBVENCIONES/MINISTERIO DE CULTURA/Industrias Culturales 25/JUSTIFICACION/datos_engira/08_JUSTIFICACION_ECONOMICA/CONTABILIDAD/GASTOS/1TR2026/SUMINISTROS/Factura_FMPVAAJ001XXXX.pdf
justificacion_economica,08_JUSTIFICACION_ECONOMICA/CONTABILIDAD/GASTOS/1TR2026/SUMINISTROS/factura monitor.pdf,factura monitor.pdf,.pdf,89869,documento,2026-04-02T12:52:21.132663,2,,"12.01|13,43|13,43 €|14.01|3,30|3,30 €|3,99|3,99 €|37.50|63,94|63,94 €|77,37|77,37 €|€ 13,43|€ 21|€ 3,99|€ 77,37",46943079X,https://www.amazon.es/contacto,,"Factura
Pagado
Nº de referencia de pago JM7ATHIUGPRH
Vendido por
ShenZhenShiNanQingYanDianZiShangWuYouXianGongSi
Fecha de la factura/Fecha de la entrega 14.01.2026
MARIA JOSE MORAL MORGADO
Número de la factura ES63OZGAAEUD
CALLE DEL DOCTOR BELLIDO 3, 2ª PLANTA, SAN
Total pendiente 77,37 €
DIEGO
MADRID, COMUNIDAD DE MADRID, 28018
ES
El IVA ha sido declarado por Amazon EU S.a.r.L.
IVA LU20260743
Si tienes preguntas sobre tus pedidos, visita https://www.amazon.es/contacto
Dirección comercial Dirección de envío Vendido por
Maria Jose Moral Morgado Maria Jose Moral Morgado ShenZhenShiNanQingYanDianZiShangWuYouXianGongSi
Calle del Doctor Bellido 3, 2ª planta, San Calle del Doctor Bellido 3, 2ª planta, San Xin 'an Street, Haiwang Community
Diego Diego Baoxing Road, No. 88, Xingtong Building, 1608
Madrid, Comunidad de Madrid, 28018 Madrid, Comunidad de Madrid, 28018 Shenzhen, Bao 'an District, Guangdong, 518101
ES ES CN
NIF persona jurídica 46943079X
Información del pedido
Fecha del pedido 12.01.2026
Número del pedido 403-5904650-2926747
Pedido por Maria Jose Moral Morgado
Detalles de la factura
Descripción Cant. P. Unitario IVA % P. Unitario Precio total
(IVA excluido) (IVA incluido) (IVA incluido)
ARZOPA Monitor portátil, Monitor Portátil IPS FHD de 15,6"" 1920 × 1080 1 63,94 € 21% 77,37 € 77,37 €
con Soporte, Segunda Pantalla Ultradelgada para Computadora
Portátil/PC/Mac/PS3/4/5/Xbox - A1 | B0CJCCDV65
ASIN: B0CJCCDV65
Envío 3,30 € 3,99 € 3,99 €
Promociones -3,30 € -3,99 € -3,99 €
Total 77,37 €
Nº Registro Integrado Industrial 6297 (AEE) / 1762 (Pilas y Acumuladores)
LU-BIO-04
Amazon EU S.à r.l. - 38 avenue John F. Kennedy, L-1855 Luxemburgo
R.C.S. Luxemburgo: B 101818 • Capital Social: 37.500 EUR • Número de Registro de IVA: LU20260743
El IVA ha sido declarado por Amazon en el país de entrega
Página 1 de 2
Factura
Número de la factura ES63OZGAAEUD
IVA % Precio total IVA
(IVA excluido)
21% 63,94 € 13,43 €
Total 63,94 € 13,43 €
Nº Registro Integrado Industrial 6297 (AEE) / 1762 (Pilas y Acumuladores)
LU-BIO-04
Amazon EU S.à r.l. - 38 avenue John F. Kennedy, L-1855 Luxemburgo
R.C.S. Luxemburgo: B 101818 • Capital Social: 37.500 EUR • Número de Registro de IVA: LU20260743
El IVA ha sido declarado por Amazon en el país de entrega
Página 2 de 2",factura,0.667,economica|gasto|justificacion,False,True,False,,ACC-ADMINISTRACION-A0CC1B65E1,0.78,automatico,/Users/usuario/Desktop/PROFESIONAL/enGira/FINANCIACIÓN/SUBVENCIONES/MINISTERIO DE CULTURA/Industrias Culturales 25/JUSTIFICACION/datos_engira/08_JUSTIFICACION_ECONOMICA/CONTABILIDAD/GASTOS/1TR2026/SUMINISTROS/factura monitor.pdf
justificacion_economica,08_JUSTIFICACION_ECONOMICA/CONTABILIDAD/GASTOS/1TR2026/SUMINISTROS/INV341096775.pdf,INV341096775.pdf,.pdf,529940,documento,2026-04-02T12:51:58.919127,3,08/03/2026|09/02/2026,"0,00|0,50|13,59|15,00|15,99|16,45|19,35|2,40|2,86|2,90|21.00|3,36|EUR 19,35|EUR 3,36",,,,"Factura
Zoom Communications, Inc.
55 Almaden Blvd, 6th Floor
San Jose, CA 95113
Fecha de la factura: 09/02/2026
Núm. de factura: INV341096775 Número de orden de compra:
Condiciones de pago: Pagadero al momento de la recepción
Fecha de vencimiento: 09/02/2026 Número de IVA/identificación fiscal del cliente:
Número de cuenta: 5106660991
Moneda: EUR
Forma de pago: MasterCard *******     7592
Información de la cuenta: MARÍA JOSÉ MORAL MORGADO Zoom W 9
Dirección del solicitante: CALLE DR. BELLIDO 3 2 PLANTA,
MADRID, ESPAÑA 28018
Spain
info@engira.art
Dirección de facturación: CALLE DR. BELLIDO 3 2 PLANTA,
MADRID, ESPAÑA 28018
Spain
info@engira.art
Detalles del cargo
Impuestos, tasas y
Descripción del cargo Período de facturación Subtotal Total
recargos
Nombre del cargo: Zoom
Workplace Pro Monthly
09/02/2026   08/03/2026 15,99 EUR 3,36 EUR 19,35 EUR
Cantidad: 1
Precio unitario: 15,99
Nombre del cargo: Zoom
Workplace Pro - Discount
09/02/2026   08/03/2026  2,40 EUR  0,50 EUR  2,90 EUR
Descuento: 15,00%
Notas: El crédito prorrateado de los productos se aplica al precio de venta al público sugerido por el fabricante  MSRP , por lo que verá
este cargo de descuento prorrateado para proporcionar un crédito neto.
Subtotal 13,59 EUR
Total (incluidos impuestos, tasas y recargos) 16,45 EUR
Saldo de la factura 0,00 EUR
Detalles de impuestos, tasas y cargos
Nombre del
Monto del impuesto, tasa
Nombre del cargo impuesto, tasa o Jurisdicción Monto del cargo
o recargo
recargo
Value Added Tax
Zoom Workplace Pro Monthly Federal 15,99 EUR 3,36 EUR
 VAT  21.000 %
Value Added Tax
Discount Federal  2,40 EUR  0,50 EUR
 VAT  21.000 %
Total de impuestos, tasas y recargos 2,86 EUR
Transacciones
Total de la factura 16,45 EUR
Fecha de la
Número de transacción Tipo de transacción Descripción Importe aplicado
transacción
09/02/2026 P 401396870 Payment - 16,45 EUR
Saldo de la factura 0,00 EUR
¿Necesita ayuda para entender su factura? Haga clic aquí
Zoom One cambia su marca a Zoom Workplace. Este nuevo nombre no afecta sus servicios.
Tenga en cuenta que ZoomIQ for Sales ahora se llama Zoom Revenue Accelerator. Sus servicios seguirán siendo los
mismos y este cambio de nombre no modifica el precio de su suscripción actual.
Los planes recurrentes se renovarán automáticamente, con cargo al método de pago registrado. El período de
facturación de cada plan y el cargo total (más los impuestos y las tasas reglamentarias aplicables) por período
de facturación para ese producto se indican más arriba en la sección Detalles del cargo. Puede cancelar en
cualquier momento hasta el día anterior a la fecha de renovación en zoom.us/billing. La cancelación se hará
efectiva al finalizar el período de suscripción.",factura,0.533,economica|gasto|justificacion,False,True,False,,ACC-ADMINISTRACION-A0CC1B65E1,0.78,automatico,/Users/usuario/Desktop/PROFESIONAL/enGira/FINANCIACIÓN/SUBVENCIONES/MINISTERIO DE CULTURA/Industrias Culturales 25/JUSTIFICACION/datos_engira/08_JUSTIFICACION_ECONOMICA/CONTABILIDAD/GASTOS/1TR2026/SUMINISTROS/INV341096775.pdf
justificacion_economica,08_JUSTIFICACION_ECONOMICA/CONTABILIDAD/GASTOS/1TR2026/SUMINISTROS/Factura_FMPVACJ007XXXX.pdf,Factura_FMPVACJ007XXXX.pdf,.pdf,69531,documento,2026-04-02T12:51:44.997750,2,10-09-2029|28-01-2026,",071.31|0,00|0,00 €|0,0000 €|0,0000€|0,01|0,01€|0,15|0.27|0.27 €|11,28|11,28 €|21.00|3,55|3,55 €|3,5500 €|3.28|3.28 €|45,45|53,71|53,7190 €|53,72|53,72 €|65,00|65,00 €|68,55|68,55 €|€
0,0000|€
676953|€
9121|€ 11,28|€.",,,,"25 de Marzo de 2026 Página 1 de 5
Factura núm: FMPVACJ007**** (10 Feb - 09 Mar) Identificador único de acceso: 928508036505
Maria Jose *************
Calle Doctor *************************************
Titular: Maria Jose ************* 28018 Madrid
46***079X FMPVACJ007*****260325-004-E0-021-009714
CTA- 07
Calle Doctor *************************************
28018 Madrid
Total a pagar 68,55 €
miMovistar 65,00 €
miConectividad 65,00 € Mejor es cuando
todo está pensado para
Otras cuotas 3,55 € hacer tu vida mejor.
Cuotas mensuales 3,55 €
Consumos 0,00 €
SPKC0001
Mandaremos el recibo a tu cuenta de BANKINTER, S.A. a partir del 25 de
Marzo de 2026
Base imponible 53,72 €
IVA(21.00 %)sobre 53,72 € 11,28 €
Total impuestos 11,28 €
Total factura 65,00 €
Fuera de base imponible 3,55 €
Total a pagar 68,55 €
Estamos a tu disposición,
App Mi Movistar movistar.es 638 10 1004 1004 gratuito movistar.es/citaprevia
estés donde estés
Solo por ser cliente Movistar, 6 meses sin coste de ChatGPT Plus
.47481028-A
.FIC
-ª1L
,071.31ºT
,6F
,081312-MªH
,dirdaM
ed
.M
.R
-dirdaM
31082
,82
aíV
narG
.U,A.S
,añapsE
ed
acinófeleT
25 de Marzo de 2026 260325-004-E0-021-009714-000002 Página 2 de 5
Factura núm: FMPVACJ007**** (10 Feb - 09 Mar) Identificador único de acceso: 928508036505
Resumen General sin Impuestos
miMovistar
miConectividad 53,7190 €
9121***05- Movistar Max (10 Feb a 09 Mar) 53,7190 €
676953***- Fibra 1 Gb con llamadas ilimitadas a fijos
6805***63 Línea 5G+ con llamadas, SMS y GB ilimitados**
Línea 5G+ con 0 cts./min (45,455 cts. establ.) y GB ilimitados (5 GB
ultrarrápidos)** y 50 SMS
Por ser de Movistar: Movistar Plus+ Inicia, 1 dispositivo, Cloud ilimitado y
Protección Digital
Roaming en UE, Islandia, Liechtenstein, Noruega, Reino Unido, Moldavia y Ucrania (límite
*61 GB|**8 GB)
misDispositivos
SAMSUNG Galaxy S21 FE 5G 128GB. Dispositivo Nivel RAT . Hasta el 10-09-2029 (10 Feb a
09 Mar)
Incluido de serie con miConectividad
Otras cuotas
Cuotas mensuales 3,5500 €
Seguro Móvil cuota mensual Póliza 2147279 APPLE IPHONE 13 MINI 128GB 28-01-2026. 3,5500 €
Prima neta de impuestos 3.28 €. Impuestos aplicados 0.27 € (IPS: 8% sobre Prima Neta. LEA:
0,15% sobre Prima Neta. CCS: 0,018% sobre capital máximo asegurado: 0,01€) (28 Ene)
*Este importe se computa fuera de la base imponible de esta factura
Consumos
Consumos dentro de base imponible 0,0000 €
Llamadas Mensajes Internet Contenidos
6805***63 0,0000€ - 0,0000€ - 0,0000€
0,0000€ - 0,0000€ -",factura,0.933,economica|gasto|justificacion,False,True,False,,ACC-ADMINISTRACION-A0CC1B65E1,0.78,automatico,/Users/usuario/Desktop/PROFESIONAL/enGira/FINANCIACIÓN/SUBVENCIONES/MINISTERIO DE CULTURA/Industrias Culturales 25/JUSTIFICACION/datos_engira/08_JUSTIFICACION_ECONOMICA/CONTABILIDAD/GASTOS/1TR2026/SUMINISTROS/Factura_FMPVACJ007XXXX.pdf
justificacion_economica,08_JUSTIFICACION_ECONOMICA/CONTABILIDAD/GASTOS/1TR2026/SUMINISTROS/Factura_FMPVABJ005XXXX.pdf,Factura_FMPVABJ005XXXX.pdf,.pdf,69586,documento,2026-04-02T12:52:11.240432,2,10-09-2029|28-12-2025,",071.31|0,00|0,00 €|0,0000 €|0,0000€|0,01|0,01€|0,15|0.27|0.27 €|11,25|11,25 €|21.00|3,55|3,55 €|3,5500 €|3.28|3.28 €|45,45|48,52|48,5204 €|5,03|5,0387 €|53,55|53,5591 €|53,56|53,56 €|64,81|64,81 €|68,36|68,36 €|€
0,0000|€
676953|€
9121|€ 0,0000|€ 11,25|€.",,,,"25 de Febrero de 2026 Página 1 de 3
Factura núm: FMPVABJ005**** (10 Ene - 09 Feb) Identificador único de acceso: 928508036505
Maria Jose *************
Calle Doctor *************************************
Titular: Maria Jose ************* 28018 Madrid
46***079X FMPVABJ005*****260225-004-E0-007-005452
CTA- 07
Calle Doctor *************************************
28018 Madrid
Total a pagar 68,36 €
miMovistar 64,81 €
miConectividad 64,81 € Mejor es cuando
todo está pensado para
Otras cuotas 3,55 € hacer tu vida mejor.
Cuotas mensuales 3,55 €
Consumos 0,00 €
SPKC0001
Mandaremos el recibo a tu cuenta de BANKINTER, S.A. a partir del 25 de
Febrero de 2026
Base imponible 53,56 €
IVA(21.00 %)sobre 53,56 € 11,25 €
Total impuestos 11,25 €
Total factura 64,81 €
Fuera de base imponible 3,55 €
Total a pagar 68,36 €
Estamos a tu disposición,
App Mi Movistar movistar.es 638 10 1004 1004 gratuito movistar.es/citaprevia
estés donde estés
Solo por ser cliente Movistar, 6 meses sin coste de ChatGPT Plus
.47481028-A
.FIC
-ª1L
,071.31ºT
,6F
,081312-MªH
,dirdaM
ed
.M
.R
-dirdaM
31082
,82
aíV
narG
.U,A.S
,añapsE
ed
acinófeleT
25 de Febrero de 2026 260225-004-E0-007-005452-000002 Página 2 de 3
Factura núm: FMPVABJ005**** (10 Ene - 09 Feb) Identificador único de acceso: 928508036505
Resumen General sin Impuestos
miMovistar
miConectividad 53,5591 €
9121***05- Movistar Max (10 Ene a 12 Ene) 5,0387 €
676953***- Fibra 1 Gb con llamadas ilimitadas a fijos
6805***63 Línea 5G+ con llamadas, SMS y GB ilimitados**
Línea 5G+ con 0 cts./min (45,455 cts. establ.) y GB ilimitados (5 GB
ultrarrápidos)** y 50 SMS
Por ser de Movistar: Movistar Plus+ Inicia, 1 dispositivo, Cloud ilimitado y
Protección Digital
Roaming en UE, Islandia, Liechtenstein, Noruega, Reino Unido, Moldavia y Ucrania (límite
*61 GB|**8 GB)
Movistar Max (13 Ene a 09 Feb) 48,5204 €
Fibra 1 Gb con llamadas ilimitadas a fijos
Línea 5G+ con llamadas, SMS y GB ilimitados**
Línea 5G+ con 0 cts./min (45,455 cts. establ.) y GB ilimitados (5 GB
ultrarrápidos)** y 50 SMS
Por ser de Movistar: Movistar Plus+ Inicia, 1 dispositivo, Cloud ilimitado y
Protección Digital
Roaming en UE, Islandia, Liechtenstein, Noruega, Reino Unido, Moldavia y Ucrania (límite
*61 GB|**8 GB)
misDispositivos
SAMSUNG Galaxy S21 FE 5G 128GB. Dispositivo Nivel RAT . Hasta el 10-09-2029 (10 Ene a
09 Feb)
Incluido de serie con miConectividad
Otras cuotas
Cuotas mensuales 3,5500 €
Seguro Móvil cuota mensual Póliza 2147279 APPLE IPHONE 13 MINI 128GB 28-12-2025. 3,5500 €
Prima neta de impuestos 3.28 €. Impuestos aplicados 0.27 € (IPS: 8% sobre Prima Neta. LEA:
0,15% sobre Prima Neta. CCS: 0,018% sobre capital máximo asegurado: 0,01€) (28 Dic)
*Este importe se computa fuera de la base imponible de esta factura
Consumos
Consumos dentro de base imponible 0,0000 €
Llamadas Mensajes Internet Contenidos
6805***63 0,0000€ 0,0000€ 0,0000€ - 0,0000€
0,0000€ 0,0000€ 0,0000€ -",factura,0.933,economica|gasto|justificacion,False,True,False,,ACC-ADMINISTRACION-A0CC1B65E1,0.78,automatico,/Users/usuario/Desktop/PROFESIONAL/enGira/FINANCIACIÓN/SUBVENCIONES/MINISTERIO DE CULTURA/Industrias Culturales 25/JUSTIFICACION/datos_engira/08_JUSTIFICACION_ECONOMICA/CONTABILIDAD/GASTOS/1TR2026/SUMINISTROS/Factura_FMPVABJ005XXXX.pdf
justificacion_economica,08_JUSTIFICACION_ECONOMICA/CONTABILIDAD/GASTOS/1TR2026/SUMINISTROS/Factura_MMPVACJ002XXXX.pdf,Factura_MMPVACJ002XXXX.pdf,.pdf,62181,documento,2026-04-02T12:51:41.904344,1,,"0,00|0,0000 €|0,18|0,1863 €|0,19|0,19 €|1,60|1,60 €|1,60€|21.00|24,79|46,73|7,43|7,4380 €|7,44|7,44 €|7,62|7,62 €|7,62€|9,23|9,23€|€
6614|€ 1,60",52132987A,,,"Móvil
25 de Marzo de 2026 Página 1 de 4
Factura núm: MMPVACJ002**** (10 Feb - 09 Mar)
Línea: 6614***23
Maria Jose *************
Calle Doctor *************************************
Titular: Maria Jose ************* 28018 Madrid
46***079X MMPVACJ002*****260325-004-E0-004-004899
CTA- 07
Calle Doctor *************************************
28018 Madrid
De un Vistazo
Cuotas mensuales 7,44 €
6614***23 Línea Adicional Ilimitada Base (10 Feb a 09 Mar) 7,4380 €
- Datos móviles: 50 GB ultrarrápidos 5G+ (después,
datos ilimitados a 2 Mb sin coste adicional)
- Llamadas nacionales ilimitadas
- SMS nacionales: 24,793 cts./SMS
Ten en cuenta:
- Incluye roaming en UE, Islandia, Liechtenstein, Noruega,
Reino Unido, Moldavia y Ucrania, con un límite de 31
GB/mes
- Llamadas internacionales, de tarificación especial y
servicios premium no incluidos
Consumos 0,19 €
Llamadas 74 111m 02s 0,1863 €
Internet 215 46,73 GB 0,0000 €
Impuestos 1,60 €
Base imponible 7,62€
IVA(21.00 %)sobre 7,62 € 1,60€
Total factura 9,23€
Total a pagar 9,23€
Mandaremos el recibo a tu cuenta de BANKINTER, S.A. a partir del 25 de
Marzo de 2026
Estamos a tu disposición,
App Mi Movistar movistar.es 638 10 1004 1004 gratuito movistar.es/citaprevia
estés donde estés
Solo por ser cliente Movistar, 6 meses sin coste de ChatGPT Plus
52132987A
.F.I.C
-
ª1
.snI
.62258
ªH
.29
ºF
.sedadeicoS
ed
orbiL
ed
ª3
nóicceS
.4087
.larG
.8598
ºT
.dirdaM
ed
.M
.R
.dirdaM
-
05082
.3
ruS
oicifidE
.C
otirtsiD
.n/s
nóicacinumoC
al
ed
adnoR
.)lanosrepinU
dadeicoS(
.A.S
,añapsE
selivóM
acinófeleT",factura,0.933,economica|gasto|justificacion,False,True,False,,ACC-ADMINISTRACION-A0CC1B65E1,0.78,automatico,/Users/usuario/Desktop/PROFESIONAL/enGira/FINANCIACIÓN/SUBVENCIONES/MINISTERIO DE CULTURA/Industrias Culturales 25/JUSTIFICACION/datos_engira/08_JUSTIFICACION_ECONOMICA/CONTABILIDAD/GASTOS/1TR2026/SUMINISTROS/Factura_MMPVACJ002XXXX.pdf
justificacion_economica,08_JUSTIFICACION_ECONOMICA/CONTABILIDAD/GASTOS/1TR2026/SUMINISTROS/INV341096775_A23333533_02092026.pdf,INV341096775_A23333533_02092026.pdf,.pdf,516291,documento,2026-04-02T12:52:18.475703,3,08/03/2026|09/02/2026,"0,00|0,50|13,59|15,00|15,99|16,45|19,35|2,40|2,86|2,90|21.00|3,36|EUR 19,35|EUR 3,36",,,,"Factura
Zoom Communications, Inc.
55 Almaden Blvd, 6th Floor
San Jose, CA 95113
Fecha de la factura: 09/02/2026
Núm. de factura: INV341096775 Número de orden de compra:
Condiciones de pago: Pagadero al momento de la recepción
Fecha de vencimiento: 09/02/2026 Número de IVA/identificación fiscal del cliente:
Número de cuenta: 5106660991
Moneda: EUR
Forma de pago: MasterCard *******     7592
Información de la cuenta: MARÍA JOSÉ MORAL MORGADO Zoom W 9
Dirección del solicitante: CALLE DR. BELLIDO 3 2 PLANTA,
MADRID, ESPAÑA 28018
Spain
info@engira.art
Dirección de facturación: CALLE DR. BELLIDO 3 2 PLANTA,
MADRID, ESPAÑA 28018
Spain
info@engira.art
Detalles del cargo
Impuestos, tasas y
Descripción del cargo Período de facturación Subtotal Total
recargos
Nombre del cargo: Zoom
Workplace Pro Monthly
09/02/2026   08/03/2026 15,99 EUR 3,36 EUR 19,35 EUR
Cantidad: 1
Precio unitario: 15,99
Nombre del cargo: Zoom
Workplace Pro - Discount
09/02/2026   08/03/2026  2,40 EUR  0,50 EUR  2,90 EUR
Descuento: 15,00%
Notas: El crédito prorrateado de los productos se aplica al precio de venta al público sugerido por el fabricante  MSRP , por lo que verá
este cargo de descuento prorrateado para proporcionar un crédito neto.
Subtotal 13,59 EUR
Total (incluidos impuestos, tasas y recargos) 16,45 EUR
Saldo de la factura 0,00 EUR
Detalles de impuestos, tasas y cargos
Nombre del
Monto del impuesto, tasa
Nombre del cargo impuesto, tasa o Jurisdicción Monto del cargo
o recargo
recargo
Value Added Tax
Zoom Workplace Pro Monthly Federal 15,99 EUR 3,36 EUR
 VAT  21.000 %
Value Added Tax
Discount Federal  2,40 EUR  0,50 EUR
 VAT  21.000 %
Total de impuestos, tasas y recargos 2,86 EUR
Transacciones
Total de la factura 16,45 EUR
Fecha de la
Número de transacción Tipo de transacción Descripción Importe aplicado
transacción
09/02/2026 P 401396870 Payment - 16,45 EUR
Saldo de la factura 0,00 EUR
¿Necesita ayuda para entender su factura? Haga clic aquí
Zoom One cambia su marca a Zoom Workplace. Este nuevo nombre no afecta sus servicios.
Tenga en cuenta que ZoomIQ for Sales ahora se llama Zoom Revenue Accelerator. Sus servicios seguirán siendo los
mismos y este cambio de nombre no modifica el precio de su suscripción actual.
Los planes recurrentes se renovarán automáticamente, con cargo al método de pago registrado. El período de
facturación de cada plan y el cargo total (más los impuestos y las tasas reglamentarias aplicables) por período
de facturación para ese producto se indican más arriba en la sección Detalles del cargo. Puede cancelar en
cualquier momento hasta el día anterior a la fecha de renovación en zoom.us/billing. La cancelación se hará
efectiva al finalizar el período de suscripción.",factura,0.533,economica|gasto|justificacion,False,True,False,,ACC-ADMINISTRACION-A0CC1B65E1,0.78,automatico,/Users/usuario/Desktop/PROFESIONAL/enGira/FINANCIACIÓN/SUBVENCIONES/MINISTERIO DE CULTURA/Industrias Culturales 25/JUSTIFICACION/datos_engira/08_JUSTIFICACION_ECONOMICA/CONTABILIDAD/GASTOS/1TR2026/SUMINISTROS/INV341096775_A23333533_02092026.pdf
justificacion_economica,08_JUSTIFICACION_ECONOMICA/CONTABILIDAD/GASTOS/2TR2026/MKT/03_Zeena_MKT_engira.pdf,03_Zeena_MKT_engira.pdf,.pdf,140009,documento,2026-06-19T11:21:52.724579,1,,"2.66|2.660,00|2.660,00 €|€ 2.660,00",46943079X|G87019253,,,"A.C. ZEENA PRODUCCIONES TEATRALES
Calle Dr. Bellido 3
28018 Madrid
CIF G87019253
enGira!
Maria José Moral Morgado
Calle Almaden 14 2c
28014 Madrid
NIF 46943079X
Factura
Nº Factura 2026/03
Fecha Factura 28/4/26
Descripción CanUdad Unidad Precio Importe
Campaña de markeUng digital mulUcanal, abril, mayo y junio 2026:
LinkedIn, IG, Newsle^er - 50% 1 1 2.660,00 € 2.660,00 €
Subtotal sin IVA 2.660,00 €
IVA 0%
TOTAL Eur 2.660,00 €
PAGO Transferencia bancaria
IBAN ES10 0081 7115 1100 0223 8130
www.zeenaproducciones.com",presupuesto,0.533,administracion|economica|gasto|justificacion,False,True,False,,ACC-ADMINISTRACION-A0CC1B65E1,0.78,automatico,/Users/usuario/Desktop/PROFESIONAL/enGira/FINANCIACIÓN/SUBVENCIONES/MINISTERIO DE CULTURA/Industrias Culturales 25/JUSTIFICACION/datos_engira/08_JUSTIFICACION_ECONOMICA/CONTABILIDAD/GASTOS/2TR2026/MKT/03_Zeena_MKT_engira.pdf
justificacion_economica,08_JUSTIFICACION_ECONOMICA/CONTABILIDAD/GASTOS/2TR2026/MKT/04_Zeena_MKT_enGira.pdf,04_Zeena_MKT_enGira.pdf,.pdf,140009,documento,2026-06-19T11:22:57.436121,1,,"2.66|2.660,00|2.660,00 €|€ 2.660,00",46943079X|G87019253,,,"A.C. ZEENA PRODUCCIONES TEATRALES
Calle Dr. Bellido 3
28018 Madrid
CIF G87019253
enGira!
Maria José Moral Morgado
Calle Almaden 14 2c
28014 Madrid
NIF 46943079X
Factura
Nº Factura 2026/04
Fecha Factura 12/5/26
Descripción CanUdad Unidad Precio Importe
Campaña de markeUng digital mulUcanal, abril, mayo y junio 2026:
LinkedIn, IG, Newsle^er - 50% 1 1 2.660,00 € 2.660,00 €
Subtotal sin IVA 2.660,00 €
IVA 0%
TOTAL Eur 2.660,00 €
PAGO Transferencia bancaria
IBAN ES10 0081 7115 1100 0223 8130
www.zeenaproducciones.com",presupuesto,0.533,administracion|economica|gasto|justificacion,False,True,False,,ACC-ADMINISTRACION-A0CC1B65E1,0.78,automatico,/Users/usuario/Desktop/PROFESIONAL/enGira/FINANCIACIÓN/SUBVENCIONES/MINISTERIO DE CULTURA/Industrias Culturales 25/JUSTIFICACION/datos_engira/08_JUSTIFICACION_ECONOMICA/CONTABILIDAD/GASTOS/2TR2026/MKT/04_Zeena_MKT_enGira.pdf
justificacion_economica,08_JUSTIFICACION_ECONOMICA/CONTABILIDAD/GASTOS/2TR2026/DATA/02_Zeena_Data_enGira.pdf,02_Zeena_Data_enGira.pdf,.pdf,147853,documento,2026-06-08T12:44:24.848734,1,,"1.80|1.800,00|1.800,00 €|€ 1.800,00",46943079X|G87019253,,,"A.C. ZEENA PRODUCCIONES TEATRALES
Calle Dr. Bellido 3
28018 Madrid
CIF G87019253
enGira!
Maria José Moral Morgado
Calle Almaden 14 2c
28014 Madrid
NIF 46943079X
Factura
Nº Factura 2026/02
Fecha Factura 10/4/26
Descripción CanUdad Unidad Precio Importe
Análisis de rendimiento de newsleXer y estrategia de markeUng digital 1 1 1.800,00 € 1.800,00 €
Subtotal sin IVA 1.800,00 €
IVA 0%
TOTAL Eur 1.800,00 €
PAGO Transferencia bancaria
IBAN ES4601280022530100066534
www.zeenaproducciones.com",presupuesto,0.533,administracion|economica|gasto|justificacion,False,True,False,,ACC-ADMINISTRACION-A0CC1B65E1,0.78,automatico,/Users/usuario/Desktop/PROFESIONAL/enGira/FINANCIACIÓN/SUBVENCIONES/MINISTERIO DE CULTURA/Industrias Culturales 25/JUSTIFICACION/datos_engira/08_JUSTIFICACION_ECONOMICA/CONTABILIDAD/GASTOS/2TR2026/DATA/02_Zeena_Data_enGira.pdf
justificacion_economica,08_JUSTIFICACION_ECONOMICA/CONTABILIDAD/GASTOS/3TR2025/MANTENIMIENTO TÉCNICO/Factura_202507_01.pdf,Factura_202507_01.pdf,.pdf,10284,documento,2025-09-12T00:17:16,1,,"100,00|100,80|480,00|508,80|72,00",46943079X,,,"FACTURA
XAVIER-CADÍ TUSET PRAT
Nº FACTURA: 14/2025 C/ Gumersindo Azcárate, 12B, 2º Dcha.
FECHA: 01/07/25 41008 Sevilla
618 93 68 95
NIF: 46943423-D
CLIENTE: María José Moral Morgado
Zeena Gestión de Artes Escénicas
46943079X
Calle Dr. Bellido 3, 2ª planta
28018 Madrid
Porcentaje Concepto Precio Total Total
100,00% Mantenimiento (1r Semestre 2025) 480,00 480,00
proyecto enGira!
Base Imponible 480,00
IVA (21%) 100,80
RETENCIONES (15%) -72,00
TOTAL 508,80
La presente factura puede ser abonada en el siguiente número de cuenta:
ES05 1491 0001 2920 6584 1021
Página 1",factura,0.8,economica|gasto|justificacion,False,True,False,,ACC-ADMINISTRACION-A0CC1B65E1,0.78,automatico,/Users/usuario/Desktop/PROFESIONAL/enGira/FINANCIACIÓN/SUBVENCIONES/MINISTERIO DE CULTURA/Industrias Culturales 25/JUSTIFICACION/datos_engira/08_JUSTIFICACION_ECONOMICA/CONTABILIDAD/GASTOS/3TR2025/MANTENIMIENTO TÉCNICO/Factura_202507_01.pdf
justificacion_economica,08_JUSTIFICACION_ECONOMICA/CONTABILIDAD/GASTOS/3TR2025/SEGURIDAD SOCIAL/CUOTA JULIO.png,CUOTA JULIO.png,.png,218051,imagen,2025-10-01T13:15:06.756305,,,,,,,,fotografía,1.0,comunicacion|economica|evidencia|gasto|justificacion,True,True,False,,ACC-ADMINISTRACION-A0CC1B65E1,0.78,automatico,/Users/usuario/Desktop/PROFESIONAL/enGira/FINANCIACIÓN/SUBVENCIONES/MINISTERIO DE CULTURA/Industrias Culturales 25/JUSTIFICACION/datos_engira/08_JUSTIFICACION_ECONOMICA/CONTABILIDAD/GASTOS/3TR2025/SEGURIDAD SOCIAL/CUOTA JULIO.png
justificacion_economica,08_JUSTIFICACION_ECONOMICA/CONTABILIDAD/GASTOS/3TR2025/SEGURIDAD SOCIAL/CUOTA AGOSTO.png,CUOTA AGOSTO.png,.png,230139,imagen,2025-10-01T13:14:23.359382,,,,,,,,fotografía,1.0,comunicacion|economica|evidencia|gasto|justificacion,True,True,False,,ACC-ADMINISTRACION-A0CC1B65E1,0.78,automatico,/Users/usuario/Desktop/PROFESIONAL/enGira/FINANCIACIÓN/SUBVENCIONES/MINISTERIO DE CULTURA/Industrias Culturales 25/JUSTIFICACION/datos_engira/08_JUSTIFICACION_ECONOMICA/CONTABILIDAD/GASTOS/3TR2025/SEGURIDAD SOCIAL/CUOTA AGOSTO.png
justificacion_economica,08_JUSTIFICACION_ECONOMICA/CONTABILIDAD/GASTOS/3TR2025/SEGURIDAD SOCIAL/cos maria moral0925.pdf,cos maria moral0925.pdf,.pdf,77967,documento,2025-09-29T03:14:14,1,29/09/2025,"0,00|1.30|1.309,28|1.40|1.400,00|1.72|1.721,11|321,11|411,83|90,72",,,,"Listado de Costes.
Empresa:00188 MARIA JOSE MORAL MORGADO. Año:2025.
Liquidación Bruto Especies IRPF Anticipos Otr.Ded. Pror.Pagas Pag.Del. Ap.Trab. Líquido Ap.Emp Ap.Total Coste
Centro: MARIA JOSE MORAL MORGADO
Sección: SIN SECCIÓN
Mes: 09 (SEPTIEMBRE)
Trabajador: 00010 CARLES HARILLO MAGNET
NORMAL 1.400,00 0,00 0,00 0,00 0,00 0,00 0,00 90,72 1.309,28 321,11 411,83 1.721,11
1.400,00 0,00 0,00 0,00 0,00 0,00 0,00 90,72 1.309,28 321,11 411,83 1.721,11
1.400,00 0,00 0,00 0,00 0,00 0,00 0,00 90,72 1.309,28 321,11 411,83 1.721,11
1.400,00 0,00 0,00 0,00 0,00 0,00 0,00 90,72 1.309,28 321,11 411,83 1.721,11
1.400,00 0,00 0,00 0,00 0,00 0,00 0,00 90,72 1.309,28 321,11 411,83 1.721,11
1.400,00 0,00 0,00 0,00 0,00 0,00 0,00 90,72 1.309,28 321,11 411,83 1.721,11
29/09/2025 7:04 Página: 1 de 1",nomina,0.267,economica|gasto|justificacion|laboral,False,True,False,,ACC-ADMINISTRACION-A0CC1B65E1,0.78,automatico,/Users/usuario/Desktop/PROFESIONAL/enGira/FINANCIACIÓN/SUBVENCIONES/MINISTERIO DE CULTURA/Industrias Culturales 25/JUSTIFICACION/datos_engira/08_JUSTIFICACION_ECONOMICA/CONTABILIDAD/GASTOS/3TR2025/SEGURIDAD SOCIAL/cos maria moral0925.pdf
justificacion_economica,08_JUSTIFICACION_ECONOMICA/CONTABILIDAD/GASTOS/3TR2025/SEGURIDAD SOCIAL/CUOTA SEPT.png,CUOTA SEPT.png,.png,218932,imagen,2025-10-01T13:14:53.880929,,,,,,,,fotografía,1.0,comunicacion|economica|evidencia|gasto|justificacion,True,True,False,,ACC-ADMINISTRACION-A0CC1B65E1,0.78,automatico,/Users/usuario/Desktop/PROFESIONAL/enGira/FINANCIACIÓN/SUBVENCIONES/MINISTERIO DE CULTURA/Industrias Culturales 25/JUSTIFICACION/datos_engira/08_JUSTIFICACION_ECONOMICA/CONTABILIDAD/GASTOS/3TR2025/SEGURIDAD SOCIAL/CUOTA SEPT.png
justificacion_economica,08_JUSTIFICACION_ECONOMICA/CONTABILIDAD/GASTOS/3TR2025/SERVIDOR/Factura_2025-07-25_202783634042_V99933615.pdf,Factura_2025-07-25_202783634042_V99933615.pdf,.pdf,74998,documento,2025-09-04T04:22:50,1,,"0,00|14,00|14.00|16,94|2,94|23.08|24.07|24.23|5.00",46943079X|B85049435,,,"IONOS Cloud S.L.U.
Avenida de La Vega, 1
Edificio Veganova (Edificio 3, 5º-C)
28108 Alcobendas (Madrid)
N.° de factura: 202783634042
IONOS Cloud S.L.U. · Avenida de La Vega, 1 Fecha de facturación: 25/07/25
Edificio Veganova · 28108 Alcobendas (Madrid)
ID de cliente: 953748520
Maria José Moral Morgado
N.° de contrato: 99933615
Maria José Moral Morgado
NIF/CIF: 46943079X
2
C/ Doctor Bellido 3 Consultas: www.ionos.es/ayuda
28018 Madrid My IONOS: my.ionos.es/invoices
ESPAÑA
Teléfono: 91 136 0000
Horario de atención al cliente: 24/7
Por favor, tenga a mano su PIN telefónico para
autentificarse de una forma rápida y segura cuando desee
contactar con el departamento de soporte. Puede generar y
administrar su PIN telefónico desde my.ionos.es.
Factura
Inicio de facturación: 24/07/25
Consumo
Con. Servicios facturados Tarifa Cantidad Importe (EUR) IVA
medio
Contrato: 99933615 - IONOS VPS Linux L
Cuota (14,00 EUR)
1 Cuota mensual 14.00 EUR al 1 m. 14,00 21,0 %
mes
24.07.2025-23.08.2025
Servidor <EnGira> (0,00 EUR)
2 IP adicional 5.00 EUR / IP / 1 uds. 100% (1M) 0,00 21,0 %
mes
Total (base imponible) 14,00 EUR
+ IVA (21,0 %) 2,94 EUR
Total a pagar 16,94 EUR
El importe total a pagar será cargado en su tarjeta de crédito durante los próximos siete días. Gracias.
¿Tiene dudas o preguntas sobre esta factura?
Encontrará información adicional en my.ionos.es o en nuestro Centro de Ayuda.
IONOS Cloud S.L.U., NIF B85049435, Avenida de La Vega, 1 - Edificio Veganova (Edif.3 planta 5° puerta C),
28108 Alcobendas (Madrid), España, Inscrita en el Registro Mercantil de Madrid,
Tomo: 24.232, Libro 0, Folio 73, Sección 8, Hoja M-435500, Inscripción 1 Página 1 de 1",factura,1.0,economica|gasto|justificacion,False,True,False,,ACC-SOPORTE-TECNICO-Y--F45DA80C53,0.835,automatico,/Users/usuario/Desktop/PROFESIONAL/enGira/FINANCIACIÓN/SUBVENCIONES/MINISTERIO DE CULTURA/Industrias Culturales 25/JUSTIFICACION/datos_engira/08_JUSTIFICACION_ECONOMICA/CONTABILIDAD/GASTOS/3TR2025/SERVIDOR/Factura_2025-07-25_202783634042_V99933615.pdf
justificacion_economica,08_JUSTIFICACION_ECONOMICA/CONTABILIDAD/GASTOS/3TR2025/SERVIDOR/Factura_2025-09-25_202784197236_V99933615.pdf,Factura_2025-09-25_202784197236_V99933615.pdf,.pdf,74999,documento,2025-09-24T22:17:46,1,,"0,00|14,00|14.00|16,94|2,94|23.10|24.09|24.23|5.00",46943079X|B85049435,,,"IONOS Cloud S.L.U.
Avenida de La Vega, 1
Edificio Veganova (Edificio 3, 5º-C)
28108 Alcobendas (Madrid)
N.° de factura: 202784197236
IONOS Cloud S.L.U. · Avenida de La Vega, 1 Fecha de facturación: 25/09/25
Edificio Veganova · 28108 Alcobendas (Madrid)
ID de cliente: 953748520
Maria José Moral Morgado
N.° de contrato: 99933615
Maria José Moral Morgado
NIF/CIF: 46943079X
2
C/ Doctor Bellido 3 Consultas: www.ionos.es/ayuda
28018 Madrid My IONOS: my.ionos.es/invoices
ESPAÑA
Teléfono: 91 136 0000
Horario de atención al cliente: 24/7
Por favor, tenga a mano su PIN telefónico para
autentificarse de una forma rápida y segura cuando desee
contactar con el departamento de soporte. Puede generar y
administrar su PIN telefónico desde my.ionos.es.
Factura
Inicio de facturación: 24/09/25
Consumo
Con. Servicios facturados Tarifa Cantidad Importe (EUR) IVA
medio
Contrato: 99933615 - IONOS VPS Linux L
Cuota (14,00 EUR)
1 Cuota mensual 14.00 EUR al 1 m. 14,00 21,0 %
mes
24.09.2025-23.10.2025
Servidor <EnGira> (0,00 EUR)
2 IP adicional 5.00 EUR / IP / 1 uds. 100% (1M) 0,00 21,0 %
mes
Total (base imponible) 14,00 EUR
+ IVA (21,0 %) 2,94 EUR
Total a pagar 16,94 EUR
El importe total a pagar será cargado en su tarjeta de crédito durante los próximos siete días. Gracias.
¿Tiene dudas o preguntas sobre esta factura?
Encontrará información adicional en my.ionos.es o en nuestro Centro de Ayuda.
IONOS Cloud S.L.U., NIF B85049435, Avenida de La Vega, 1 - Edificio Veganova (Edif.3 planta 5° puerta C),
28108 Alcobendas (Madrid), España, Inscrita en el Registro Mercantil de Madrid,
Tomo: 24.232, Libro 0, Folio 73, Sección 8, Hoja M-435500, Inscripción 1 Página 1 de 1",factura,1.0,economica|gasto|justificacion,False,True,False,,ACC-SOPORTE-TECNICO-Y--F45DA80C53,0.835,automatico,/Users/usuario/Desktop/PROFESIONAL/enGira/FINANCIACIÓN/SUBVENCIONES/MINISTERIO DE CULTURA/Industrias Culturales 25/JUSTIFICACION/datos_engira/08_JUSTIFICACION_ECONOMICA/CONTABILIDAD/GASTOS/3TR2025/SERVIDOR/Factura_2025-09-25_202784197236_V99933615.pdf
justificacion_economica,08_JUSTIFICACION_ECONOMICA/CONTABILIDAD/GASTOS/3TR2025/SERVIDOR/Factura_2025-08-25_202783913737_V99933615.pdf,Factura_2025-08-25_202783913737_V99933615.pdf,.pdf,74996,documento,2025-09-04T04:23:12,1,,"0,00|14,00|14.00|16,94|2,94|23.09|24.08|24.23|5.00",46943079X|B85049435,,,"IONOS Cloud S.L.U.
Avenida de La Vega, 1
Edificio Veganova (Edificio 3, 5º-C)
28108 Alcobendas (Madrid)
N.° de factura: 202783913737
IONOS Cloud S.L.U. · Avenida de La Vega, 1 Fecha de facturación: 25/08/25
Edificio Veganova · 28108 Alcobendas (Madrid)
ID de cliente: 953748520
Maria José Moral Morgado
N.° de contrato: 99933615
Maria José Moral Morgado
NIF/CIF: 46943079X
2
C/ Doctor Bellido 3 Consultas: www.ionos.es/ayuda
28018 Madrid My IONOS: my.ionos.es/invoices
ESPAÑA
Teléfono: 91 136 0000
Horario de atención al cliente: 24/7
Por favor, tenga a mano su PIN telefónico para
autentificarse de una forma rápida y segura cuando desee
contactar con el departamento de soporte. Puede generar y
administrar su PIN telefónico desde my.ionos.es.
Factura
Inicio de facturación: 24/08/25
Consumo
Con. Servicios facturados Tarifa Cantidad Importe (EUR) IVA
medio
Contrato: 99933615 - IONOS VPS Linux L
Cuota (14,00 EUR)
1 Cuota mensual 14.00 EUR al 1 m. 14,00 21,0 %
mes
24.08.2025-23.09.2025
Servidor <EnGira> (0,00 EUR)
2 IP adicional 5.00 EUR / IP / 1 uds. 100% (1M) 0,00 21,0 %
mes
Total (base imponible) 14,00 EUR
+ IVA (21,0 %) 2,94 EUR
Total a pagar 16,94 EUR
El importe total a pagar será cargado en su tarjeta de crédito durante los próximos siete días. Gracias.
¿Tiene dudas o preguntas sobre esta factura?
Encontrará información adicional en my.ionos.es o en nuestro Centro de Ayuda.
IONOS Cloud S.L.U., NIF B85049435, Avenida de La Vega, 1 - Edificio Veganova (Edif.3 planta 5° puerta C),
28108 Alcobendas (Madrid), España, Inscrita en el Registro Mercantil de Madrid,
Tomo: 24.232, Libro 0, Folio 73, Sección 8, Hoja M-435500, Inscripción 1 Página 1 de 1",factura,1.0,economica|gasto|justificacion,False,True,False,,ACC-SOPORTE-TECNICO-Y--F45DA80C53,0.835,automatico,/Users/usuario/Desktop/PROFESIONAL/enGira/FINANCIACIÓN/SUBVENCIONES/MINISTERIO DE CULTURA/Industrias Culturales 25/JUSTIFICACION/datos_engira/08_JUSTIFICACION_ECONOMICA/CONTABILIDAD/GASTOS/3TR2025/SERVIDOR/Factura_2025-08-25_202783913737_V99933615.pdf
justificacion_economica,08_JUSTIFICACION_ECONOMICA/CONTABILIDAD/GASTOS/3TR2025/SUMINISTROS/FACTURA_MMPVAGI0016002_25-07-2025.pdf,FACTURA_MMPVAGI0016002_25-07-2025.pdf,.pdf,74635,documento,2025-10-01T01:35:14,2,06-06-2025,"0,00|0,0000 €|0,01|0,01€|0,15|0,77|0,77€|1,38|1,3884 €|1,3884€|10,17|10,1700 €|13,86|18,17|18,17€|21.00|24,79|6,61|6,6116 €|6,6116€|8,00|8,00€|9,4€|€
661491523|€ 1,3884|€.",46943079X|52132987A,,,"Móvil
25 de Julio de 2025 Página 1 de 3
Factura núm: MMPVAGI0016002 (10 Jun - 09 Jul)
Línea: 661491523
Maria Jose Moral Morgado
Calle Doctor Bellido 3, Planta 2, Puerta No aplica
Titular: Maria Jose Moral Morgado 28018 Madrid
46943079X MMPVAGI0016002-250725-004-E0-012-010958
CTA- 07
Calle Doctor Bellido 3, Planta 2, Puerta No aplica
28018 Madrid
De un Vistazo
Cuotas mensuales 6,6116 €
Consumos 0,0000 €
Impuestos 1,3884 €
Base imponible 6,6116€
IVA(21.00 %)sobre 6,6116 € 1,3884€
Total factura 8,00€
Conceptos fuera de base imponible 10,1700 €
Total a pagar 18,17€
Mandaremos el recibo a tu cuenta de BANKINTER, S.A. a partir del 25 de
Julio de 2025
Estamos a tu disposición,
App Mi Movistar movistar.es 638 10 1004 1004 gratuito movistar.es/citaprevia
estés donde estés
52132987A
.F.I.C
-
ª1
.snI
.62258
ªH
.29
ºF
.sedadeicoS
ed
orbiL
ed
ª3
nóicceS
.4087
.larG
.8598
ºT
.dirdaM
ed
.M
.R
.dirdaM
-
05082
.3
ruS
oicifidE
.C
otirtsiD
.n/s
nóicacinumoC
al
ed
adnoR
.)lanosrepinU
dadeicoS(
.A.S
,añapsE
selivóM
acinófeleT
Móvil
25 de Julio de 2025 250725-004-E0-012-010958-000002 Página 2 de 3
Factura núm: MMPVAGI0016002 (10 Jun - 09 Jul)
Resumen General
Cuotas mensuales 6,6116 €
661491523 Línea Adicional Ilimitada Base (10 Jun a 09 Jul) 6,6116 €
- Datos móviles: 20 GB ultrarrápidos 5G+ (después, datos ilimitados a
2 Mb sin coste adicional)
- Llamadas nacionales ilimitadas
- SMS nacionales: 24,793 cts./SMS
Ten en cuenta:
- Incluye roaming en UE, Reino Unido, Noruega, Islandia y Liechtenstein, con
un límite de 25 GB/mes
- Llamadas internacionales, de tarificación especial y servicios premium no
incluidos
Consumos 0,0000 €
Llamadas 90 129m 33s 0,0000 €
Internet 182 13,86 GB 0,0000 €
Conceptos fuera de base imponible 10,1700 €
Seguro Movil cuota total mensual. Seguro 03 Póliza 2119577 06-06-2025.Prima 10,1700 €
neta de impuestos 9,4€. Impuestos aplicados 0,77€ (IPS: 8% sobre Prima Neta,
LEA: 0,15% sobre Prima Neta, CCS: 0,018% sobre capital máximo asegurado:
0,01€) (06 Jun)",factura,1.0,economica|gasto|justificacion,False,True,False,,ACC-ADMINISTRACION-A0CC1B65E1,0.78,automatico,/Users/usuario/Desktop/PROFESIONAL/enGira/FINANCIACIÓN/SUBVENCIONES/MINISTERIO DE CULTURA/Industrias Culturales 25/JUSTIFICACION/datos_engira/08_JUSTIFICACION_ECONOMICA/CONTABILIDAD/GASTOS/3TR2025/SUMINISTROS/FACTURA_MMPVAGI0016002_25-07-2025.pdf
justificacion_economica,08_JUSTIFICACION_ECONOMICA/CONTABILIDAD/GASTOS/3TR2025/SUMINISTROS/Factura_MMPVAII001XXXX.pdf,Factura_MMPVAII001XXXX.pdf,.pdf,59410,documento,2025-09-24T13:09:04,1,06-08-2025,"0,00|0,0000 €|0,01|0,01€|0,15|0,37|0,3753 €|0,77|0,77€|1,46|1,4672 €|1,4672€|10,17|10,1700 €|18,62|18,62€|21.00|24,79|6,61|6,6116 €|6,98|6,9869 €|6,9869€|8,45|8,45€|8,92|9,4€|€
06|€
6614|€ 1,4672|€.",52132987A,,,"Móvil
25 de Septiembre de 2025 Página 1 de 3
Factura núm: MMPVAII001**** (10 Ago - 09 Sep)
Línea: 6614***23
Maria Jose *************
Calle Doctor *************************************
Titular: Maria Jose ************* 28018 Madrid
46***079X MMPVAII001*****250925-004-E0-005-013665
CTA- 07
Calle Doctor *************************************
28018 Madrid
De un Vistazo
Cuotas mensuales 6,6116 €
6614***23 Línea Adicional Ilimitada Base (10 Ago a 09 Sep) 6,6116 €
- Datos móviles: 20 GB ultrarrápidos 5G+ (después,
datos ilimitados a 2 Mb sin coste adicional)
- Llamadas nacionales ilimitadas
- SMS nacionales: 24,793 cts./SMS
Ten en cuenta:
- Incluye roaming en UE, Reino Unido, Noruega, Islandia y
Liechtenstein, con un límite de 25 GB/mes
- Llamadas internacionales, de tarificación especial y
servicios premium no incluidos
Consumos 0,3753 €
Llamadas 109 194m 31s 0,3753 €
Internet 115 8,92 GB 0,0000 €
Impuestos 1,4672 €
Base imponible 6,9869€
IVA(21.00 %)sobre 6,9869 € 1,4672€
Total factura 8,45€
Conceptos fuera de base imponible 10,1700 €
Seguro Movil cuota total mensual. Seguro 03 Póliza 2119577 10,1700 €
06-08-2025.Prima neta de impuestos 9,4€. Impuestos
aplicados 0,77€ (IPS: 8% sobre Prima Neta, LEA: 0,15% sobre
Prima Neta, CCS: 0,018% sobre capital máximo asegurado:
0,01€) (06 Ago)
Total a pagar 18,62€
Mandaremos el recibo a tu cuenta de BANKINTER, S.A. a partir del 25 de
Septiembre de 2025
Estamos a tu disposición,
App Mi Movistar movistar.es 638 10 1004 1004 gratuito movistar.es/citaprevia
estés donde estés
52132987A
.F.I.C
-
ª1
.snI
.62258
ªH
.29
ºF
.sedadeicoS
ed
orbiL
ed
ª3
nóicceS
.4087
.larG
.8598
ºT
.dirdaM
ed
.M
.R
.dirdaM
- 05082
.3
ruS
oicifidE
.C
otirtsiD
.n/s
nóicacinumoC
al
ed
adnoR
.)lanosrepinU
dadeicoS(
.A.S
,añapsE
selivóM
acinófeleT",factura,0.933,economica|gasto|justificacion,False,True,False,,ACC-ADMINISTRACION-A0CC1B65E1,0.78,automatico,/Users/usuario/Desktop/PROFESIONAL/enGira/FINANCIACIÓN/SUBVENCIONES/MINISTERIO DE CULTURA/Industrias Culturales 25/JUSTIFICACION/datos_engira/08_JUSTIFICACION_ECONOMICA/CONTABILIDAD/GASTOS/3TR2025/SUMINISTROS/Factura_MMPVAII001XXXX.pdf
justificacion_economica,08_JUSTIFICACION_ECONOMICA/CONTABILIDAD/GASTOS/3TR2025/SUMINISTROS/Factura_FMPVAII004XXXX.pdf,Factura_FMPVAII004XXXX.pdf,.pdf,66586,documento,2025-09-24T13:08:38,2,28-07-2025,",071.31|0,00|0,0000€|0,01|0,01€|0,15|0,20|0,2000 €|0,2000€|0,24|0,2420 €|0,27|0,27€|12,19|12,1936 €|21.00|3,28|3,28€|3,55|3,5500 €|45,45|5,79|5,7985 €|52,06|52,0661 €|58,06|58,0646 €|63,00|63,0000 €|7,01|7,0162 €|70,01|70,0162 €|70,26|70,26 €|73,81|73,81 €|€
0,2000|€
676953|€
9121|€ 0,0000|€ 12,1936|€.",,,,"25 de Septiembre de 2025 Página 1 de 4
Factura núm: FMPVAII004**** (10 Ago - 09 Sep) Identificador único de acceso: 928508036505
Maria Jose *************
Calle Doctor *************************************
Titular: Maria Jose ************* 28018 Madrid
46***079X FMPVAII004*****250925-004-E0-018-004869
CTA- 07
Calle Doctor *************************************
28018 Madrid
Total a pagar 73,81 €
miMovistar 70,0162 €
miConectividad 63,0000 € Mejor es cuando
todo está pensado para
misDispositivos 7,0162 €
hacer tu vida mejor.
Otras cuotas 3,5500 €
Cuotas mensuales 3,5500 €
SPKC0001
Consumos 0,2420 €
Mandaremos el recibo a tu cuenta de BANKINTER, S.A. a partir del 25 de
Septiembre de 2025
Base imponible 58,0646 €
IVA(21.00 %)sobre 58,0646 € 12,1936 €
Total impuestos 12,1936 €
Total factura 70,26 €
Fuera de base imponible 3,5500 €
Total a pagar 73,81 €
Estamos a tu disposición,
App Mi Movistar movistar.es 638 10 1004 1004 gratuito movistar.es/citaprevia
estés donde estés
.47481028-A
.FIC
-ª1L
,071.31ºT
,6F
,081312-MªH
,dirdaM
ed
.M
.R
-dirdaM
31082
,82
aíV
narG
.U,A.S
,añapsE
ed
acinófeleT
25 de Septiembre de 2025 250925-004-E0-018-004869-000002 Página 2 de 4
Factura núm: FMPVAII004**** (10 Ago - 09 Sep) Identificador único de acceso: 928508036505
Resumen General sin Impuestos
miMovistar
miConectividad 52,0661 €
9121***05- Movistar Max (10 Ago a 09 Sep) 52,0661 €
676953***- Fibra 1 Gb* con llamadas ilimitadas a fijos
6805***63 Línea 5G+ con llamadas, SMS y GB ilimitados**
Línea 5G+ con 0 cts./min (45,455 cts. establ.) y GB ilimitados (5 GB
ultrarrápidos)**
Por ser de Movistar: Movistar Plus+ Inicia, 1 dispositivo, Cloud ilimitado y
Protección Digital
* Ya tienes disponible la velocidad de hasta 1 Gb simétrico. Si aún no la disfrutas actívala
llamando al 900102505
Roaming en UE, Islandia, Liechtenstein, Noruega y Reino Unido (límite *58 GB|**8 GB)
misDispositivos 5,7985 €
Xiaomi 11T Pro. Dispositivo nivel 4B (10 Ago a 07 Sep) 5,7985 €
Incluido de serie a un precio especial con miConectividad
Otras cuotas
Cuotas mensuales 3,5500 €
Seguro Movil cuota total mensual. Seguro Robo RR04 Póliza 2147279 28-07-2025.Prima neta 3,5500 €
de impuestos 3,28€. Impuestos aplicados 0,27€ (IPS: 8% sobre Prima Neta, LEA: 0,15%
sobre Prima Neta, CCS: 0,018% sobre capital máximo asegurado: 0,01€) (28 Jul)
*Este importe se computa fuera de la base imponible de esta factura
Consumos
Consumos dentro de base imponible 0,2000 €
Llamadas Mensajes Internet Contenidos
6805***63 0,2000€ 0,0000€ 0,0000€ - 0,2000€
0,2000€ 0,0000€ 0,0000€ -",factura,0.8,economica|gasto|justificacion,False,True,False,,ACC-ADMINISTRACION-A0CC1B65E1,0.78,automatico,/Users/usuario/Desktop/PROFESIONAL/enGira/FINANCIACIÓN/SUBVENCIONES/MINISTERIO DE CULTURA/Industrias Culturales 25/JUSTIFICACION/datos_engira/08_JUSTIFICACION_ECONOMICA/CONTABILIDAD/GASTOS/3TR2025/SUMINISTROS/Factura_FMPVAII004XXXX.pdf
justificacion_economica,08_JUSTIFICACION_ECONOMICA/CONTABILIDAD/GASTOS/3TR2025/SUMINISTROS/FACTURA_FMPVAHI0010009_25-08-2025.pdf,FACTURA_FMPVAHI0010009_25-08-2025.pdf,.pdf,80477,documento,2025-10-01T01:35:24,2,28-06-2025,",071.31|0,00|0,0000€|0,01|0,01€|0,15|0,18|0,1807€|0,27|0,27€|0,45|0,4546€|0,63|0,6353 €|0,6353€|0,76|0,7687 €|12,36|12,3689 €|21.00|3,28|3,28€|3,55|3,5500 €|45,45|52,06|52,0661 €|58,89|58,8997 €|6,19|6,1983 €|63,00|63,0000 €|7,49|7,4999 €|70,49|70,4999 €|71,27|71,27 €|74,82|74,82 €|€
0,6353|€
676953535|€
680557163|€
912141205|€ 0,0000|€ 12,3689|€.",46943079X,,,"25 de Agosto de 2025 Página 1 de 5
Factura núm: FMPVAHI0010009 (10 Jul - 09 Ago) Identificador único de acceso: 928508036505
Maria Jose Moral Morgado
Calle Doctor Bellido 3, Planta 2, Puerta No aplica
Titular: Maria Jose Moral Morgado 28018 Madrid
46943079X FMPVAHI0010009-250825-004-E0-009-004159
CTA- 07
Calle Doctor Bellido 3, Planta 2, Puerta No aplica
28018 Madrid
Total a pagar 74,82 €
miMovistar 70,4999 €
miConectividad 63,0000 € Mejor es cuando
todo está pensado para
misDispositivos 7,4999 €
hacer tu vida mejor.
Otras cuotas 3,5500 €
Cuotas mensuales 3,5500 €
SPKC0001
Consumos 0,7687 €
Mandaremos el recibo a tu cuenta de BANKINTER, S.A. a partir del 25 de
Agosto de 2025
Base imponible 58,8997 €
IVA(21.00 %)sobre 58,8997 € 12,3689 €
Total impuestos 12,3689 €
Total factura 71,27 €
Fuera de base imponible 3,5500 €
Total a pagar 74,82 €
Estamos a tu disposición,
App Mi Movistar movistar.es 638 10 1004 1004 gratuito movistar.es/citaprevia
estés donde estés
.47481028-A
.FIC
-ª1L
,071.31ºT
,6F
,081312-MªH
,dirdaM
ed
.M
.R
-dirdaM
31082
,82
aíV
narG
.U,A.S
,añapsE
ed
acinófeleT
25 de Agosto de 2025 250825-004-E0-009-004159-000002 Página 2 de 5
Factura núm: FMPVAHI0010009 (10 Jul - 09 Ago) Identificador único de acceso: 928508036505
Resumen General sin Impuestos
miMovistar
miConectividad 52,0661 €
912141205- Movistar Max (10 Jul a 09 Ago) 52,0661 €
676953535- Fibra 1 Gb* con llamadas ilimitadas a fijos
680557163 Línea 5G+ con llamadas, SMS y GB ilimitados**
Línea 5G+ con 0 cts./min (45,455 cts. establ.) y GB ilimitados (5 GB
ultrarrápidos)**
Por ser de Movistar: Movistar Plus+ Inicia, 1 dispositivo, Cloud ilimitado y
Protección Digital
* Ya tienes disponible la velocidad de hasta 1 Gb simétrico. Si aún no la disfrutas actívala
llamando al 900102505
Roaming en UE, Islandia, Liechtenstein, Noruega y Reino Unido (límite *58 GB|**8 GB)
misDispositivos 6,1983 €
Xiaomi 11T Pro. Dispositivo nivel 4B (10 Jul a 09 Ago) 6,1983 €
Incluido de serie a un precio especial con miConectividad
Otras cuotas
Cuotas mensuales 3,5500 €
Seguro Movil cuota total mensual. Seguro Robo RR04 Póliza 2147279 28-06-2025.Prima neta 3,5500 €
de impuestos 3,28€. Impuestos aplicados 0,27€ (IPS: 8% sobre Prima Neta, LEA: 0,15%
sobre Prima Neta, CCS: 0,018% sobre capital máximo asegurado: 0,01€) (28 Jun)
*Este importe se computa fuera de la base imponible de esta factura
Consumos
Consumos dentro de base imponible 0,6353 €
Llamadas Mensajes Internet Contenidos
676953535 0,4546€ 0,0000€ 0,0000€ - 0,4546€
680557163 0,1807€ 0,0000€ 0,0000€ - 0,1807€
0,6353€ 0,0000€ 0,0000€ -",factura,0.8,economica|gasto|justificacion,False,True,False,,ACC-ADMINISTRACION-A0CC1B65E1,0.78,automatico,/Users/usuario/Desktop/PROFESIONAL/enGira/FINANCIACIÓN/SUBVENCIONES/MINISTERIO DE CULTURA/Industrias Culturales 25/JUSTIFICACION/datos_engira/08_JUSTIFICACION_ECONOMICA/CONTABILIDAD/GASTOS/3TR2025/SUMINISTROS/FACTURA_FMPVAHI0010009_25-08-2025.pdf
justificacion_economica,08_JUSTIFICACION_ECONOMICA/CONTABILIDAD/GASTOS/3TR2025/SUMINISTROS/FACTURA_FMPVAGI0013315_25-07-2025.pdf,FACTURA_FMPVAGI0013315_25-07-2025.pdf,.pdf,80151,documento,2025-10-01T01:35:02,2,28-05-2025,",071.31|0,00|0,0000 €|0,0000€|0,01|0,01€|0,15|0,27|0,27€|12,23|12,2355 €|21.00|3,28|3,28€|3,55|3,5500 €|45,45|52,06|52,0661 €|58,26|58,2644 €|6,19|6,1983 €|63,00|63,0000 €|7,49|7,4999 €|70,49|70,4999 €|70,50|70,50 €|74,05|74,05 €|€
0,0000|€
676953535|€
680557163|€
912141205|€ 0,0000|€ 12,2355|€.",46943079X,,,"25 de Julio de 2025 Página 1 de 3
Factura núm: FMPVAGI0013315 (10 Jun - 09 Jul) Identificador único de acceso: 928508036505
Maria Jose Moral Morgado
Calle Doctor Bellido 3, Planta 2, Puerta No aplica
Titular: Maria Jose Moral Morgado 28018 Madrid
46943079X FMPVAGI0013315-250725-004-E0-024-004289
CTA- 07
Calle Doctor Bellido 3, Planta 2, Puerta No aplica
28018 Madrid
Total a pagar 74,05 €
miMovistar 70,4999 €
miConectividad 63,0000 € Mejor es cuando
todo está pensado para
misDispositivos 7,4999 €
hacer tu vida mejor.
Otras cuotas 3,5500 €
Cuotas mensuales 3,5500 €
SPKC0001
Consumos 0,0000 €
Mandaremos el recibo a tu cuenta de BANKINTER, S.A. a partir del 25 de
Julio de 2025
Base imponible 58,2644 €
IVA(21.00 %)sobre 58,2644 € 12,2355 €
Total impuestos 12,2355 €
Total factura 70,50 €
Fuera de base imponible 3,5500 €
Total a pagar 74,05 €
Estamos a tu disposición,
App Mi Movistar movistar.es 638 10 1004 1004 gratuito movistar.es/citaprevia
estés donde estés
.47481028-A
.FIC
-ª1L
,071.31ºT
,6F
,081312-MªH
,dirdaM
ed
.M
.R
-dirdaM
31082
,82
aíV
narG
.U,A.S
,añapsE
ed
acinófeleT
25 de Julio de 2025 250725-004-E0-024-004289-000002 Página 2 de 3
Factura núm: FMPVAGI0013315 (10 Jun - 09 Jul) Identificador único de acceso: 928508036505
Resumen General sin Impuestos
miMovistar
miConectividad 52,0661 €
912141205- Movistar Max (10 Jun a 09 Jul) 52,0661 €
676953535- Fibra 600 Mb
680557163 con llamadas ilimitadas a fijos
Línea 5G+ con llamadas, SMS y GB ilimitados (100 GB ultrarrápidos)*
Línea 5G+ con 0 cts./min (45,455 cts. establ.) y GB ilimitados (5 GB
ultrarrápidos)**
Por ser de Movistar: Movistar Plus+ Inicia, 1 dispositivo, Cloud ilimitado y
Protección Digital
Roaming en UE, Islandia, Liechtenstein, Noruega y Reino Unido (límite *58 GB|**8 GB)
misDispositivos 6,1983 €
Xiaomi 11T Pro. Dispositivo nivel 4B (10 Jun a 09 Jul) 6,1983 €
Incluido de serie a un precio especial con miConectividad
Otras cuotas
Cuotas mensuales 3,5500 €
Seguro Movil cuota total mensual. Seguro Robo RR04 Póliza 2147279 28-05-2025.Prima neta 3,5500 €
de impuestos 3,28€. Impuestos aplicados 0,27€ (IPS: 8% sobre Prima Neta, LEA: 0,15%
sobre Prima Neta, CCS: 0,018% sobre capital máximo asegurado: 0,01€) (28 May)
*Este importe se computa fuera de la base imponible de esta factura
Consumos
Consumos dentro de base imponible 0,0000 €
Llamadas Mensajes Internet Contenidos
676953535 0,0000€ - - - 0,0000€
680557163 0,0000€ 0,0000€ 0,0000€ - 0,0000€
0,0000€ 0,0000€ 0,0000€ -",factura,0.8,economica|gasto|justificacion,False,True,False,,ACC-ADMINISTRACION-A0CC1B65E1,0.78,automatico,/Users/usuario/Desktop/PROFESIONAL/enGira/FINANCIACIÓN/SUBVENCIONES/MINISTERIO DE CULTURA/Industrias Culturales 25/JUSTIFICACION/datos_engira/08_JUSTIFICACION_ECONOMICA/CONTABILIDAD/GASTOS/3TR2025/SUMINISTROS/FACTURA_FMPVAGI0013315_25-07-2025.pdf
justificacion_economica,08_JUSTIFICACION_ECONOMICA/CONTABILIDAD/GASTOS/3TR2025/SUMINISTROS/FACTURA_MMPVAHI0004037_25-08-2025.pdf,FACTURA_MMPVAHI0004037_25-08-2025.pdf,.pdf,74745,documento,2025-10-01T01:35:34,2,06-07-2025,"0,00|0,0000 €|0,01|0,01€|0,15|0,77|0,77€|1,38|1,3884 €|1,3884€|10,17|10,1700 €|18,17|18,17€|2,05|21.00|24,79|6,61|6,6116 €|6,6116€|8,00|8,00€|9,4€|€
661491523|€ 1,3884|€.",46943079X|52132987A,,,"Móvil
25 de Agosto de 2025 Página 1 de 3
Factura núm: MMPVAHI0004037 (10 Jul - 09 Ago)
Línea: 661491523
Maria Jose Moral Morgado
Calle Doctor Bellido 3, Planta 2, Puerta No aplica
Titular: Maria Jose Moral Morgado 28018 Madrid
46943079X MMPVAHI0004037-250825-004-E0-013-012861
CTA- 07
Calle Doctor Bellido 3, Planta 2, Puerta No aplica
28018 Madrid
De un Vistazo
Cuotas mensuales 6,6116 €
Consumos 0,0000 €
Impuestos 1,3884 €
Base imponible 6,6116€
IVA(21.00 %)sobre 6,6116 € 1,3884€
Total factura 8,00€
Conceptos fuera de base imponible 10,1700 €
Total a pagar 18,17€
Mandaremos el recibo a tu cuenta de BANKINTER, S.A. a partir del 25 de
Agosto de 2025
Estamos a tu disposición,
App Mi Movistar movistar.es 638 10 1004 1004 gratuito movistar.es/citaprevia
estés donde estés
52132987A
.F.I.C
-
ª1
.snI
.62258
ªH
.29
ºF
.sedadeicoS
ed
orbiL
ed
ª3
nóicceS
.4087
.larG
.8598
ºT
.dirdaM
ed
.M
.R
.dirdaM
-
05082
.3
ruS
oicifidE
.C
otirtsiD
.n/s
nóicacinumoC
al
ed
adnoR
.)lanosrepinU
dadeicoS(
.A.S
,añapsE
selivóM
acinófeleT
Móvil
25 de Agosto de 2025 250825-004-E0-013-012861-000002 Página 2 de 3
Factura núm: MMPVAHI0004037 (10 Jul - 09 Ago)
Resumen General
Cuotas mensuales 6,6116 €
661491523 Línea Adicional Ilimitada Base (10 Jul a 09 Ago) 6,6116 €
- Datos móviles: 20 GB ultrarrápidos 5G+ (después, datos ilimitados a
2 Mb sin coste adicional)
- Llamadas nacionales ilimitadas
- SMS nacionales: 24,793 cts./SMS
Ten en cuenta:
- Incluye roaming en UE, Reino Unido, Noruega, Islandia y Liechtenstein, con
un límite de 25 GB/mes
- Llamadas internacionales, de tarificación especial y servicios premium no
incluidos
Consumos 0,0000 €
Llamadas 107 214m 06s 0,0000 €
Internet 58 2,05 GB 0,0000 €
Mensajes 2 0,0000 €
Conceptos fuera de base imponible 10,1700 €
Seguro Movil cuota total mensual. Seguro 03 Póliza 2119577 06-07-2025.Prima 10,1700 €
neta de impuestos 9,4€. Impuestos aplicados 0,77€ (IPS: 8% sobre Prima Neta,
LEA: 0,15% sobre Prima Neta, CCS: 0,018% sobre capital máximo asegurado:
0,01€) (06 Jul)",factura,1.0,economica|gasto|justificacion,False,True,False,,ACC-ADMINISTRACION-A0CC1B65E1,0.78,automatico,/Users/usuario/Desktop/PROFESIONAL/enGira/FINANCIACIÓN/SUBVENCIONES/MINISTERIO DE CULTURA/Industrias Culturales 25/JUSTIFICACION/datos_engira/08_JUSTIFICACION_ECONOMICA/CONTABILIDAD/GASTOS/3TR2025/SUMINISTROS/FACTURA_MMPVAHI0004037_25-08-2025.pdf
justificacion_economica,08_JUSTIFICACION_ECONOMICA/CONTABILIDAD/GASTOS/3TR2025/DIETAS/FACTURA CUANDO SALI DE CUBA MESA 19-25.pdf,FACTURA CUANDO SALI DE CUBA MESA 19-25.pdf,.pdf,201605,documento,2025-09-19T00:19:10,1,,"13.10|2.93|4,98|4,98 €|49,87|49,87 €|54,85|54,85 €|91.52",,,,"C / Ternera Nº 4, Teléfono 91.522.93.18
Madrid 28013
Factura Nº 19/2025 Fecha: 18 de septiembre de 2025.-
Cliente:
MARIA JOSE MORAL MORGADO
c\Doctor bellido 3 2º
28018 MADRID ESPAÑA
Cif : 46943079-X
______________________________________________________________
1 comida cubana… 49,87 €
Impuesto repercutido IVA. 10 % 4,98 €
Importe total de la factura 54,85 €
Son: ** Cincuenta y cuatro euros con ochenta y cinco céntimos **
___________________________________________________
CUANDO SALI DE CUBA, SL. CIF: B-82024589
Inscrita Reg. Mercantil Tomo 13.103; Folio170; Sección 8; Hoja M-211786; Inscripción 1ª.",factura,1.0,economica|gasto|justificacion,False,True,False,,ACC-ADMINISTRACION-A0CC1B65E1,0.78,automatico,/Users/usuario/Desktop/PROFESIONAL/enGira/FINANCIACIÓN/SUBVENCIONES/MINISTERIO DE CULTURA/Industrias Culturales 25/JUSTIFICACION/datos_engira/08_JUSTIFICACION_ECONOMICA/CONTABILIDAD/GASTOS/3TR2025/DIETAS/FACTURA CUANDO SALI DE CUBA MESA 19-25.pdf
justificacion_economica,08_JUSTIFICACION_ECONOMICA/CONTABILIDAD/GASTOS/3TR2025/COMERCIALIZACIÓN/NÓMINAS/NOM_CARLES_HARILLO.pdf,NOM_CARLES_HARILLO.pdf,.pdf,379631,documento,2025-10-01T03:12:22,1,,,,,,"EMPRESA TRABAJADOR
Domicilio: NIF: Número de trabajador:
N.A.S.S.: Grupo Cotización:
CIF:
Categoría o Grupo Profesional:
CCC: Fecha de Antigüedad:
Periodo de liquidación:
I DEVENGOS TOTALES
1.Percepciones salariales 2.Percepciones no salariales
A. TOTAL DEVENGADO
II DEDUCCIONES
1.Aportación del trabajador a las cotizaciones a la Seguridad Social y 2.I.R.P.F.
conceptos de recaudación conjunta 3.Anticipos
4.Valor de productos recibidos en especie.
Contingencias Comunes
5.Otras deducciones:
Desempleo
Formación Profesional
Horas extraordinarias
M.E.I.
C.A.S. B. TOTAL A DEDUCIR
TOTAL APORTACIONES
LÍQUIDO TOTAL A PERCIBIR (A-B)
Firma y sello de la Empresa
de de
RECIBÍ
DETERMINACIÓN DE LAS BASES DE COTIZACIÓN A LA SEGURIDAD SOCIAL Y CONCEPTOS DE RECAUDACIÓN CONJUNTA Y
DE LA BASE SUJETA A RETENCIÓN DEL IRPF Y APORTACIÓN DE LA EMPRESA
CONCEPTO BASE TIPO APORTACIÓN CONCEPTO BASE TIPO APORTACIÓN
1.Contingencias comunes: EMPRESA 2.Contingencias profesionales y EMPRESA
Importe remuneración conceptos de recaudación conjunta:
mensual AT y EP
Importe prorrata pagas Desempleo
extraordinarias Formación profesional
M.E.I.
Fondo Garantía Salarial
C.A.S.
3.Horas extraordinarias
TOTAL 4.Base sujeta a retención de IRPF",nomina,0.667,economica|gasto|justificacion|laboral,False,True,False,,ACC-ADMINISTRACION-A0CC1B65E1,0.78,automatico,/Users/usuario/Desktop/PROFESIONAL/enGira/FINANCIACIÓN/SUBVENCIONES/MINISTERIO DE CULTURA/Industrias Culturales 25/JUSTIFICACION/datos_engira/08_JUSTIFICACION_ECONOMICA/CONTABILIDAD/GASTOS/3TR2025/COMERCIALIZACIÓN/NÓMINAS/NOM_CARLES_HARILLO.pdf
justificacion_economica,08_JUSTIFICACION_ECONOMICA/CONTABILIDAD/GASTOS/3TR2025/COMERCIALIZACIÓN/MERCARTES/PRODUCCIÓN/factura pie de tv.pdf,factura pie de tv.pdf,.pdf,80601,documento,2025-09-26T04:00:04,1,,"23.09|35,53|35,53 €|37.50|39,65|39,65 €|4,12|4,12 €|4,99|4,99 €|42,99|42,99 €|47,98|47,98 €|8,33|8,33 €|€ 21|€ 4,99|€ 42,99|€ 8,33",G87019253,https://www.amazon.es/contacto,,"Factura
Pagado
Nº de referencia de pago 1UIwTASo81eo3nrlv1to
Vendido por CT Global (UK) LTD
Fecha de la factura/Fecha
de la entrega 23.09.2025
MARÍA JOSÉ MORAL MORGADO
Número de la factura DS-AEU-INV-ES-2025-91122014
CALLE DOCTOR BELLIDO 3, 2ª PLANTA, CIF
Total pendiente 47,98 €
G87019253
MADRID, MADRID, 28018
ES
El IVA ha sido declarado por Amazon EU S.a.r.L.
IVA LU20260743
Si tienes preguntas sobre tus pedidos, visita https://www.amazon.es/contacto
Dirección de facturación Dirección de envío Vendido por
María José Moral Morgado Asociación Cultural Zeena Producciones CT Global (UK) LTD
Calle Doctor Bellido 3, 2ª planta, CIF G87019253 Teatrales CT Global (UK) LTD
Calle Doctor Bellido 3 2° Tower House Lane, Hedon Road
Madrid, Madrid, 28018 Madrid, Madrid, 28018 HULL, East Riding of Yorkshire, HU12 8EE
ES ES GB
Información del pedido
Fecha del pedido 23.09.2025
Número del pedido 408-0328620-5403562
Pedido por María
Detalles de la factura
Descripción Cant. P. Unitario IVA % P. Unitario Precio total
(IVA excluido) (IVA incluido) (IVA incluido)
BONTEC Soporte TV Ruedas para TVs 23 a 60 Pulgadas de LED, LCD, 1 35,53 € 21% 42,99 € 42,99 €
OLED Planos y Curvos, Soporte TV Móvil con Inclinables y Estante para
Medios, hasta 25 kg, Máx. VESA 400x400mm | B0BNZXBGJ1
ASIN: B0BNZXBGJ1
Envío 4,12 € 4,99 € 4,99 €
Total 47,98 €
IVA % Precio total IVA
(IVA excluido)
21% 39,65 € 8,33 €
Total 39,65 € 8,33 €
Nº Registro Integrado Industrial 6297 (AEE) / 1762 (Pilas y Acumuladores)
LU-BIO-04
Amazon EU S.à r.l. - 38 avenue John F. Kennedy, L-1855 Luxemburgo
R.C.S. Luxemburgo: B 101818 • Capital Social: 37.500 EUR • Número de Registro de IVA: LU20260743
El IVA ha sido declarado por Amazon en el país de entrega
Página 1 de 1",factura,0.667,economica|gasto|justificacion,False,True,False,,ACC-ADMINISTRACION-A0CC1B65E1,0.78,automatico,/Users/usuario/Desktop/PROFESIONAL/enGira/FINANCIACIÓN/SUBVENCIONES/MINISTERIO DE CULTURA/Industrias Culturales 25/JUSTIFICACION/datos_engira/08_JUSTIFICACION_ECONOMICA/CONTABILIDAD/GASTOS/3TR2025/COMERCIALIZACIÓN/MERCARTES/PRODUCCIÓN/factura pie de tv.pdf
justificacion_economica,08_JUSTIFICACION_ECONOMICA/CONTABILIDAD/GASTOS/3TR2025/COMERCIALIZACIÓN/MERCARTES/PRODUCCIÓN/Factura STAND ENGIRA!.pdf,Factura STAND ENGIRA!.pdf,.pdf,171685,documento,2025-10-01T03:14:58,1,01/09/2025,"10,00|1042,80|1042,80€|94,80|948,00",46943079X|G61486445,,,"FAETEDA
Plaza de la Cebada, 2
28005 MADRID
CIF: G61486445
CLIENTE Mercartes 2025
Maria José Moral Morgado
46943079X
Calle Doctor Bellido 3 , MADRID
28018 MADRID
FECHA
01/09/2025
PEDIDO DEL CLIENTE
FACTURA
Factura Nº : WEB-FS-2500110
Descripción Precio Cant. Importe
Stand modular 6m2 948,00 1 948,00
Base Imponible % Cuota Subtotal: 948,00
948,00 10,00 94,80 IVA Total Cuotas: 94,80
Total: 1042,80€
FORMA DE PAGO Transferencia
Código SWIFT TRIOESMMXXX
IBAN ES3214910001213000100889",factura,1.0,economica|gasto|justificacion,False,True,False,,ACC-COMERCIALIZACION-8BC2ED0AC1,1.0,automatico,/Users/usuario/Desktop/PROFESIONAL/enGira/FINANCIACIÓN/SUBVENCIONES/MINISTERIO DE CULTURA/Industrias Culturales 25/JUSTIFICACION/datos_engira/08_JUSTIFICACION_ECONOMICA/CONTABILIDAD/GASTOS/3TR2025/COMERCIALIZACIÓN/MERCARTES/PRODUCCIÓN/Factura STAND ENGIRA!.pdf
justificacion_economica,08_JUSTIFICACION_ECONOMICA/CONTABILIDAD/GASTOS/3TR2025/COMERCIALIZACIÓN/MERCARTES/PRODUCCIÓN/Factura pccomponentes TV.pdf,Factura pccomponentes TV.pdf,.pdf,23305,documento,2025-09-16T00:20:36,1,11/09/2025,264.45|319.98|319.98 €|5.79|55.53,46943079X|B73347494,,,"PC Componentes y Multimedia SLU
Avda Europa, 2-3, Pol.Ind. Las Salinas.
30840. Alhama de Murcia.Murcia
CIF:B73347494
FACTURA
Datos de facturación
Nombre: Moral Morgado, María José
Dirección: Doctor Bellido, 3 2o
Población: Madrid
CP: 28018
NIF/CIF: 46943079X
Teléfono: 0680557163
Nº de factura:12025/296664 Fecha: 11/09/2025 Forma de pago: Tarjeta
Pedido: 6022025107225
Albarán: 6002025429615
Código Artículo Precio Und Total
10910888 TV Philips LED 55PUS7000 55"" 4K Ultra HD Smart TV HDR10+ Dolby Atmos WiFi 264.45 1 264.45
Bluetooth
20006 Abono de portes -5.79 1 -5.79
1 Portes 5.79 1 5.79
Base Imponible IVA REC.EQUIV. Total factura
264.45 (21%) 55.53 (0%) 0 319.98 €
TOTAL A PAGAR 319.98 €
- Inscrita en el Registro Mercantil de Murcia: Tomo 2236, Libro 0, Folio 50, Hoja Mu-52949, Inscripcion 1ª. REI-RAEE: 004992 1 / 1
- Periodo de devolución de 30 días desde la compra. Consulta condiciones en nuestra web.",factura,0.8,economica|gasto|justificacion,False,True,False,,ACC-ADMINISTRACION-A0CC1B65E1,0.78,automatico,/Users/usuario/Desktop/PROFESIONAL/enGira/FINANCIACIÓN/SUBVENCIONES/MINISTERIO DE CULTURA/Industrias Culturales 25/JUSTIFICACION/datos_engira/08_JUSTIFICACION_ECONOMICA/CONTABILIDAD/GASTOS/3TR2025/COMERCIALIZACIÓN/MERCARTES/PRODUCCIÓN/Factura pccomponentes TV.pdf
justificacion_economica,08_JUSTIFICACION_ECONOMICA/CONTABILIDAD/GASTOS/3TR2025/COMERCIALIZACIÓN/MERCARTES/PRODUCCIÓN/Factura No. 2025 E 000629 - enGira.pdf,Factura No. 2025 E 000629 - enGira.pdf,.pdf,74914,documento,2025-10-02T18:20:21.574851,1,,,,,,,factura,0.667,economica|gasto|justificacion,False,True,False,,ACC-ADMINISTRACION-A0CC1B65E1,0.78,automatico,/Users/usuario/Desktop/PROFESIONAL/enGira/FINANCIACIÓN/SUBVENCIONES/MINISTERIO DE CULTURA/Industrias Culturales 25/JUSTIFICACION/datos_engira/08_JUSTIFICACION_ECONOMICA/CONTABILIDAD/GASTOS/3TR2025/COMERCIALIZACIÓN/MERCARTES/PRODUCCIÓN/Factura No. 2025 E 000629 - enGira.pdf
justificacion_economica,08_JUSTIFICACION_ECONOMICA/CONTABILIDAD/GASTOS/3TR2025/COMERCIALIZACIÓN/MERCARTES/TRANSPORTE/VJLVK4WVZN6U2846.pdf,VJLVK4WVZN6U2846.pdf,.pdf,9255,documento,2025-09-30T05:10:24,1,22-10-2025|30-09-2025,"01.09|10,00|2,83|28,27|31,10|31.99",46943079X,,,"RENFE VIAJEROS S.M.E., S.A. AVENIDA CIUDAD DE BARCELONA, 4 ESPAÑA NIVA: ESA86868189
Registro Mercantil de Madrid. Tomo: 31.997, Folio: 1, Sección: 8ª, Hoja: M-575-733 www.renfe.com
Datos Postales
MORAL MORGADO MARIA JOSE
46943079X MORAL MORGADO MARIA JOSE
CALLE ALMADÉN 14 2 C CALLE ALMADÉN 14 2 C
28014 MADRID 28014 MADRID
BARCELONA BARCELONA
FACTURA NÚMERO: VJ00000016362846 MADRID, 30 de SEPTIEMBRE de 2025
Vencimiento
30-09-2025
Descripción Importe: EUR
FACTURA DEL BILLETE: 7290601903781 - 08178 -
VALLADOLID-CAMPO GRANDE - MADRID-CHAMARTÍN-CLARA CA - F. 28,27
VIAJE: 22-10-2025 - LOC: 2B6GGU
Total Servicio: 28,27
Cuota IVA: 2,83
Total Factura 31,10
Descripción Base Imponible Tipo % Cuota
IVA REPERCUTIDO_10% (DESDE 01.09.2012) 28,27 10,00 2,83
Importe
31,10
2509",presupuesto,0.533,administracion|economica|gasto|justificacion,False,True,False,,ACC-ADMINISTRACION-A0CC1B65E1,0.78,automatico,/Users/usuario/Desktop/PROFESIONAL/enGira/FINANCIACIÓN/SUBVENCIONES/MINISTERIO DE CULTURA/Industrias Culturales 25/JUSTIFICACION/datos_engira/08_JUSTIFICACION_ECONOMICA/CONTABILIDAD/GASTOS/3TR2025/COMERCIALIZACIÓN/MERCARTES/TRANSPORTE/VJLVK4WVZN6U2846.pdf
justificacion_economica,08_JUSTIFICACION_ECONOMICA/CONTABILIDAD/GASTOS/3TR2025/COMERCIALIZACIÓN/MERCARTES/DIETAS/Factura_Mercartes_2025_C752426 (1).pdf,Factura_Mercartes_2025_C752426 (1).pdf,.pdf,179398,documento,2025-09-19T03:51:56,1,19/09/2025,"1,00|1,54|10,00|15,45|16,99",46943079X|G61486445,,,"FAETEDA
Plaza de la Cebada, 2
28005 MADRID
CIF: G61486445
CLIENTE
MARIA JOSE MORAL MORGADO
46943079X
Calle Dr Bellido 3, 2ª
28018 Madrid
MADRID
España
FECHA
19/09/2025
PEDIDO DE CLIENTE
FACTURA
WEB-TP-251073
Cant. Descripción Precio Importe
1,00 Mercartes 2025 - 13:30 a 14:30 - Menú 15,45 15,45
MERCARTES 2025
BASE: 15,45 %IVA: 10,00 IVA: 1,54 TOTAL: 16,99 EUR
FORMA DE PAGO TPV",factura,0.933,economica|gasto|justificacion,False,True,False,,ACC-ADMINISTRACION-A0CC1B65E1,0.78,automatico,/Users/usuario/Desktop/PROFESIONAL/enGira/FINANCIACIÓN/SUBVENCIONES/MINISTERIO DE CULTURA/Industrias Culturales 25/JUSTIFICACION/datos_engira/08_JUSTIFICACION_ECONOMICA/CONTABILIDAD/GASTOS/3TR2025/COMERCIALIZACIÓN/MERCARTES/DIETAS/Factura_Mercartes_2025_C752426 (1).pdf
justificacion_economica,08_JUSTIFICACION_ECONOMICA/CONTABILIDAD/GASTOS/3TR2025/COMERCIALIZACIÓN/MERCARTES/DIETAS/Factura_Mercartes_2025_C752426 (2).pdf,Factura_Mercartes_2025_C752426 (2).pdf,.pdf,179400,documento,2025-10-01T00:09:32,1,18/09/2025,"1,00|1,54|10,00|15,45|16,99",46943079X|G61486445,,,"FAETEDA
Plaza de la Cebada, 2
28005 MADRID
CIF: G61486445
CLIENTE
MARIA JOSE MORAL MORGADO
46943079X
Calle Dr Bellido 3, 2ª
28018 Madrid
MADRID
España
FECHA
18/09/2025
PEDIDO DE CLIENTE
FACTURA
WEB-TP-251024
Cant. Descripción Precio Importe
1,00 Mercartes 2025 - 13:30 a 14:30 - Menú 15,45 15,45
MERCARTES 2025
BASE: 15,45 %IVA: 10,00 IVA: 1,54 TOTAL: 16,99 EUR
FORMA DE PAGO TPV",factura,0.933,economica|gasto|justificacion,False,True,False,,ACC-ADMINISTRACION-A0CC1B65E1,0.78,automatico,/Users/usuario/Desktop/PROFESIONAL/enGira/FINANCIACIÓN/SUBVENCIONES/MINISTERIO DE CULTURA/Industrias Culturales 25/JUSTIFICACION/datos_engira/08_JUSTIFICACION_ECONOMICA/CONTABILIDAD/GASTOS/3TR2025/COMERCIALIZACIÓN/MERCARTES/DIETAS/Factura_Mercartes_2025_C752426 (2).pdf
justificacion_economica,08_JUSTIFICACION_ECONOMICA/CONTABILIDAD/GASTOS/3TR2025/COMERCIALIZACIÓN/MERCARTES/DIETAS/Factura_Mercartes_2025_C752426 (5).pdf,Factura_Mercartes_2025_C752426 (5).pdf,.pdf,179401,documento,2025-10-01T00:15:16,1,30/09/2025,"1,00|1,54|10,00|15,45|16,99",46943079X|G61486445,,,"FAETEDA
Plaza de la Cebada, 2
28005 MADRID
CIF: G61486445
CLIENTE
MARIA JOSE MORAL MORGADO
46943079X
Calle Dr Bellido 3, 2ª
28018 Madrid
MADRID
España
FECHA
30/09/2025
PEDIDO DE CLIENTE
FACTURA
WEB-TP-251174
Cant. Descripción Precio Importe
1,00 Mercartes 2025 - 13:30 a 14:30 - Menú 15,45 15,45
MERCARTES 2025
BASE: 15,45 %IVA: 10,00 IVA: 1,54 TOTAL: 16,99 EUR
FORMA DE PAGO TPV",factura,0.933,economica|gasto|justificacion,False,True,False,,ACC-ADMINISTRACION-A0CC1B65E1,0.78,automatico,/Users/usuario/Desktop/PROFESIONAL/enGira/FINANCIACIÓN/SUBVENCIONES/MINISTERIO DE CULTURA/Industrias Culturales 25/JUSTIFICACION/datos_engira/08_JUSTIFICACION_ECONOMICA/CONTABILIDAD/GASTOS/3TR2025/COMERCIALIZACIÓN/MERCARTES/DIETAS/Factura_Mercartes_2025_C752426 (5).pdf
justificacion_economica,08_JUSTIFICACION_ECONOMICA/CONTABILIDAD/GASTOS/4TR2025/FORMACION/Factura_202512_02.pdf,Factura_202512_02.pdf,.pdf,10273,documento,2026-01-02T01:58:44,1,,"100,00|100,80|480,00|508,80|72,00",46943079X,,,"FACTURA
XAVIER-CADÍ TUSET PRAT
Nº FACTURA: 23/2025 C/ Gumersindo Azcárate, 12B, 2º Dcha.
FECHA: 18/12/25 41008 Sevilla
618 93 68 95
NIF: 46943423-D
CLIENTE: María José Moral Morgado
Zeena Gestión de Artes Escénicas
46943079X
Calle Dr. Bellido 3, 2ª planta
28018 Madrid
Porcentaje Concepto Precio Total Total
100,00% Mantenimiento proyecto enGira! 480,00 480,00
Base Imponible 480,00
IVA (21%) 100,80
RETENCIONES (15%) -72,00
TOTAL 508,80
La presente factura puede ser abonada en el siguiente número de cuenta:
ES05 1491 0001 2920 6584 1021
Página 1",factura,0.8,economica|gasto|justificacion,False,True,False,formacion,ACC-ADMINISTRACION-A0CC1B65E1,0.78,automatico,/Users/usuario/Desktop/PROFESIONAL/enGira/FINANCIACIÓN/SUBVENCIONES/MINISTERIO DE CULTURA/Industrias Culturales 25/JUSTIFICACION/datos_engira/08_JUSTIFICACION_ECONOMICA/CONTABILIDAD/GASTOS/4TR2025/FORMACION/Factura_202512_02.pdf
justificacion_economica,08_JUSTIFICACION_ECONOMICA/CONTABILIDAD/GASTOS/4TR2025/MANTENIMIENTO TÉCNICO/Factura_202512_02.pdf,Factura_202512_02.pdf,.pdf,10273,documento,2026-01-02T01:58:44,1,,"100,00|100,80|480,00|508,80|72,00",46943079X,,,"FACTURA
XAVIER-CADÍ TUSET PRAT
Nº FACTURA: 23/2025 C/ Gumersindo Azcárate, 12B, 2º Dcha.
FECHA: 18/12/25 41008 Sevilla
618 93 68 95
NIF: 46943423-D
CLIENTE: María José Moral Morgado
Zeena Gestión de Artes Escénicas
46943079X
Calle Dr. Bellido 3, 2ª planta
28018 Madrid
Porcentaje Concepto Precio Total Total
100,00% Mantenimiento proyecto enGira! 480,00 480,00
Base Imponible 480,00
IVA (21%) 100,80
RETENCIONES (15%) -72,00
TOTAL 508,80
La presente factura puede ser abonada en el siguiente número de cuenta:
ES05 1491 0001 2920 6584 1021
Página 1",factura,0.8,economica|gasto|justificacion,False,True,False,,ACC-ADMINISTRACION-A0CC1B65E1,0.78,automatico,/Users/usuario/Desktop/PROFESIONAL/enGira/FINANCIACIÓN/SUBVENCIONES/MINISTERIO DE CULTURA/Industrias Culturales 25/JUSTIFICACION/datos_engira/08_JUSTIFICACION_ECONOMICA/CONTABILIDAD/GASTOS/4TR2025/MANTENIMIENTO TÉCNICO/Factura_202512_02.pdf
justificacion_economica,08_JUSTIFICACION_ECONOMICA/CONTABILIDAD/GASTOS/4TR2025/NOMINAS/finiq. darlene 241125.pdf,finiq. darlene 241125.pdf,.pdf,379075,documento,2026-01-02T04:11:46,1,,,,,,"EMPRESA TRABAJADOR
Domicilio: NIF: Número de trabajador:
N.A.S.S.: Grupo Cotización:
CIF:
Categoría o Grupo Profesional:
CCC: Fecha de Antigüedad:
Periodo de liquidación:
I DEVENGOS TOTALES
1.Percepciones salariales 2.Percepciones no salariales
A. TOTAL DEVENGADO
II DEDUCCIONES
1.Aportación del trabajador a las cotizaciones a la Seguridad Social y 2.I.R.P.F.
conceptos de recaudación conjunta 3.Anticipos
4.Valor de productos recibidos en especie.
Contingencias Comunes
5.Otras deducciones:
Desempleo
Formación Profesional
Horas extraordinarias
M.E.I.
C.A.S. B. TOTAL A DEDUCIR
TOTAL APORTACIONES
LÍQUIDO TOTAL A PERCIBIR (A-B)
Firma y sello de la Empresa
de de
RECIBÍ
DETERMINACIÓN DE LAS BASES DE COTIZACIÓN A LA SEGURIDAD SOCIAL Y CONCEPTOS DE RECAUDACIÓN CONJUNTA Y
DE LA BASE SUJETA A RETENCIÓN DEL IRPF Y APORTACIÓN DE LA EMPRESA
CONCEPTO BASE TIPO APORTACIÓN CONCEPTO BASE TIPO APORTACIÓN
1.Contingencias comunes: EMPRESA 2.Contingencias profesionales y EMPRESA
Importe remuneración conceptos de recaudación conjunta:
mensual AT y EP
Importe prorrata pagas Desempleo
extraordinarias Formación profesional
M.E.I.
Fondo Garantía Salarial
C.A.S.
3.Horas extraordinarias
TOTAL 4.Base sujeta a retención de IRPF",nomina,0.667,economica|gasto|justificacion|laboral,False,True,False,,ACC-ADMINISTRACION-A0CC1B65E1,0.78,automatico,/Users/usuario/Desktop/PROFESIONAL/enGira/FINANCIACIÓN/SUBVENCIONES/MINISTERIO DE CULTURA/Industrias Culturales 25/JUSTIFICACION/datos_engira/08_JUSTIFICACION_ECONOMICA/CONTABILIDAD/GASTOS/4TR2025/NOMINAS/finiq. darlene 241125.pdf
justificacion_economica,08_JUSTIFICACION_ECONOMICA/CONTABILIDAD/GASTOS/4TR2025/NOMINAS/finiq. maria jose 311025.pdf,finiq. maria jose 311025.pdf,.pdf,379558,documento,2025-10-31T05:21:14,1,,,,,,"EMPRESA TRABAJADOR
Domicilio: NIF: Número de trabajador:
N.A.S.S.: Grupo Cotización:
CIF:
Categoría o Grupo Profesional:
CCC: Fecha de Antigüedad:
Periodo de liquidación:
I DEVENGOS TOTALES
1.Percepciones salariales 2.Percepciones no salariales
A. TOTAL DEVENGADO
II DEDUCCIONES
1.Aportación del trabajador a las cotizaciones a la Seguridad Social y 2.I.R.P.F.
conceptos de recaudación conjunta 3.Anticipos
4.Valor de productos recibidos en especie.
Contingencias Comunes
5.Otras deducciones:
Desempleo
Formación Profesional
Horas extraordinarias
M.E.I.
C.A.S. B. TOTAL A DEDUCIR
TOTAL APORTACIONES
LÍQUIDO TOTAL A PERCIBIR (A-B)
Firma y sello de la Empresa
de de
RECIBÍ
DETERMINACIÓN DE LAS BASES DE COTIZACIÓN A LA SEGURIDAD SOCIAL Y CONCEPTOS DE RECAUDACIÓN CONJUNTA Y
DE LA BASE SUJETA A RETENCIÓN DEL IRPF Y APORTACIÓN DE LA EMPRESA
CONCEPTO BASE TIPO APORTACIÓN CONCEPTO BASE TIPO APORTACIÓN
1.Contingencias comunes: EMPRESA 2.Contingencias profesionales y EMPRESA
Importe remuneración conceptos de recaudación conjunta:
mensual AT y EP
Importe prorrata pagas Desempleo
extraordinarias Formación profesional
M.E.I.
Fondo Garantía Salarial
C.A.S.
3.Horas extraordinarias
TOTAL 4.Base sujeta a retención de IRPF",nomina,0.667,economica|gasto|justificacion|laboral,False,True,False,,ACC-ADMINISTRACION-A0CC1B65E1,0.78,automatico,/Users/usuario/Desktop/PROFESIONAL/enGira/FINANCIACIÓN/SUBVENCIONES/MINISTERIO DE CULTURA/Industrias Culturales 25/JUSTIFICACION/datos_engira/08_JUSTIFICACION_ECONOMICA/CONTABILIDAD/GASTOS/4TR2025/NOMINAS/finiq. maria jose 311025.pdf
justificacion_economica,08_JUSTIFICACION_ECONOMICA/CONTABILIDAD/GASTOS/4TR2025/NOMINAS/cos maria moral09-1025.pdf,cos maria moral09-1025.pdf,.pdf,80669,documento,2025-12-11T01:35:08,1,30/11/2025,"0,00|1.07|1.079,40|1.30|1.309,28|1.40|1.400,00|1.56|1.562,43|1.65|1.653,15|1.84|1.848,98|181,44|2.10|2.102,13|2.87|2.871,71|3.05|3.053,15|3.95|3.951,11|448,98|539,70|897,96|90,72",,,,"Listado de Costes.
Empresa:00188 MARIA JOSE MORAL MORGADO. Año:2025.
Liquidación Bruto Especies IRPF Anticipos Otr.Ded. Pror.Pagas Pag.Del. Ap.Trab. Líquido Ap.Emp Ap.Total Coste
Centro: MARIA JOSE MORAL MORGADO
Sección: SIN SECCIÓN
Mes: 09 (SEPTIEMBRE)
Trabajador: 00010 CARLES HARILLO MAGNET
NORMA 1.400,00 0,00 0,00 0,00 0,00 0,00 0,00 90,72 1.309,28 448,98 539,70 1.848,98
1.400,00 0,00 0,00 0,00 0,00 0,00 0,00 90,72 1.309,28 448,98 539,70 1.848,98
1.400,00 0,00 0,00 0,00 0,00 0,00 0,00 90,72 1.309,28 448,98 539,70 1.848,98
Mes: 10 (OCTUBRE)
Trabajador: 00010 CARLES HARILLO MAGNET
NORMA 1.653,15 0,00 0,00 0,00 0,00 0,00 0,00 90,72 1.562,43 448,98 539,70 2.102,13
1.653,15 0,00 0,00 0,00 0,00 0,00 0,00 90,72 1.562,43 448,98 539,70 2.102,13
1.653,15 0,00 0,00 0,00 0,00 0,00 0,00 90,72 1.562,43 448,98 539,70 2.102,13
3.053,15 0,00 0,00 0,00 0,00 0,00 0,00 181,44 2.871,71 897,96 1.079,40 3.951,11
3.053,15 0,00 0,00 0,00 0,00 0,00 0,00 181,44 2.871,71 897,96 1.079,40 3.951,11
3.053,15 0,00 0,00 0,00 0,00 0,00 0,00 181,44 2.871,71 897,96 1.079,40 3.951,11
30/11/2025 16:16 Página: 1 de 1",nomina,0.267,economica|gasto|justificacion|laboral,False,True,False,,ACC-ADMINISTRACION-A0CC1B65E1,0.78,automatico,/Users/usuario/Desktop/PROFESIONAL/enGira/FINANCIACIÓN/SUBVENCIONES/MINISTERIO DE CULTURA/Industrias Culturales 25/JUSTIFICACION/datos_engira/08_JUSTIFICACION_ECONOMICA/CONTABILIDAD/GASTOS/4TR2025/NOMINAS/cos maria moral09-1025.pdf
justificacion_economica,08_JUSTIFICACION_ECONOMICA/CONTABILIDAD/GASTOS/4TR2025/PROGRAMA ACOMPAÑAMIENTO/1_enGira_programa_acompañamiento.pdf,1_enGira_programa_acompañamiento.pdf,.pdf,52366,documento,2026-01-02T03:14:10,1,,"4.00|4.000,00|4.000,00 €|€ 4.000,00",46943079X|G87019253,,,"A.C. ZEENA PRODUCCIONES TEATRALES
Calle Dr. Bellido 3
28018 Madrid
CIF G87019253
enGira!
Maria José Moral Morgado
Calle Almaden 14 2c
28014 Madrid
NIF 46943079X
Factura
Nº Factura 2025/01
Fecha Factura 27/11/25
Descripción CanUdad Unidad Precio Importe
Diseño y ejecución de los Programas de Acompañamiento para arUstas
enfocados en la distribución de espectáculos 1 1 4.000,00 € 4.000,00 €
Subtotal sin IVA 4.000,00 €
IVA 0%
“AcUvidad formaUva exenta de IVA según el
arcculo 20.Uno.9o de
la Ley 37/1992 del IVA.”
TOTAL Eur 4.000,00 €
PAGO Transferencia bancaria
IBAN ES4601280022530100066534
www.zeenaproducciones.com",presupuesto,0.533,administracion|economica|gasto|justificacion,False,True,False,,ACC-ADMINISTRACION-A0CC1B65E1,0.78,automatico,/Users/usuario/Desktop/PROFESIONAL/enGira/FINANCIACIÓN/SUBVENCIONES/MINISTERIO DE CULTURA/Industrias Culturales 25/JUSTIFICACION/datos_engira/08_JUSTIFICACION_ECONOMICA/CONTABILIDAD/GASTOS/4TR2025/PROGRAMA ACOMPAÑAMIENTO/1_enGira_programa_acompañamiento.pdf
justificacion_economica,08_JUSTIFICACION_ECONOMICA/CONTABILIDAD/GASTOS/4TR2025/SERVIDOR/Factura_2025-10-25_202784490445_V99933615.pdf,Factura_2025-10-25_202784490445_V99933615.pdf,.pdf,75360,documento,2025-10-27T01:07:00,1,,"0,00|14,00|14.00|17,83|21,57|23.11|24.10|24.23|3,74|3,83|5.00|76,66",46943079X|B85049435,,,"IONOS Cloud S.L.U.
Avenida de La Vega, 1
Edificio Veganova (Edificio 3, 5º-C)
28108 Alcobendas (Madrid)
N.° de factura: 202784490445
IONOS Cloud S.L.U. · Avenida de La Vega, 1 Fecha de facturación: 25/10/25
Edificio Veganova · 28108 Alcobendas (Madrid)
ID de cliente: 953748520
Maria José Moral Morgado
N.° de contrato: 99933615
Maria José Moral Morgado
NIF/CIF: 46943079X
2
C/ Doctor Bellido 3 Consultas: www.ionos.es/ayuda
28018 Madrid My IONOS: my.ionos.es/invoices
ESPAÑA
Teléfono: 91 136 0000
Horario de atención al cliente: 24/7
Por favor, tenga a mano su PIN telefónico para
autentificarse de una forma rápida y segura cuando desee
contactar con el departamento de soporte. Puede generar y
administrar su PIN telefónico desde my.ionos.es.
Factura
Inicio de facturación: 24/10/25
Consumo
Con. Servicios facturados Tarifa Cantidad Importe (EUR) IVA
medio
Contrato: 99933615 - IONOS VPS Linux L
Cuota (14,00 EUR)
1 Cuota mensual 14.00 EUR al 1 m. 14,00 21,0 %
mes
24.10.2025-23.11.2025
Servidor <EnGira> (3,83 EUR)
2 IP adicional 5.00 EUR / IP / 1 uds. 100% (1M) 0,00 21,0 %
mes
3 Plesk (dominios ilimitados) 5.00 EUR / 1 uds. 76,6667% 3,83 21,0 %
licencia / mes (22d 23h
59m)
Total (base imponible) 17,83 EUR
+ IVA (21,0 %) 3,74 EUR
Total a pagar 21,57 EUR
El importe total a pagar será cargado en su tarjeta de crédito durante los próximos siete días. Gracias.
¿Tiene dudas o preguntas sobre esta factura?
Encontrará información adicional en my.ionos.es o en nuestro Centro de Ayuda.
IONOS Cloud S.L.U., NIF B85049435, Avenida de La Vega, 1 - Edificio Veganova (Edif.3 planta 5° puerta C),
28108 Alcobendas (Madrid), España, Inscrita en el Registro Mercantil de Madrid,
Tomo: 24.232, Libro 0, Folio 73, Sección 8, Hoja M-435500, Inscripción 1 Página 1 de 1",factura,1.0,economica|gasto|justificacion,False,True,False,,ACC-SOPORTE-TECNICO-Y--F45DA80C53,0.835,automatico,/Users/usuario/Desktop/PROFESIONAL/enGira/FINANCIACIÓN/SUBVENCIONES/MINISTERIO DE CULTURA/Industrias Culturales 25/JUSTIFICACION/datos_engira/08_JUSTIFICACION_ECONOMICA/CONTABILIDAD/GASTOS/4TR2025/SERVIDOR/Factura_2025-10-25_202784490445_V99933615.pdf
justificacion_economica,08_JUSTIFICACION_ECONOMICA/CONTABILIDAD/GASTOS/4TR2025/SERVIDOR/Factura_2025-12-25_202785076764_V99933615.pdf,Factura_2025-12-25_202785076764_V99933615.pdf,.pdf,75310,documento,2026-01-02T02:58:42,1,,"0,00|14,00|14.00|19,00|22,99|23.01|24.12|24.23|3,99|5,00|5.00",46943079X|B85049435,,,"IONOS Cloud S.L.U.
Avenida de La Vega, 1
Edificio Veganova (Edificio 3, 5º-C)
28108 Alcobendas (Madrid)
N.° de factura: 202785076764
IONOS Cloud S.L.U. · Avenida de La Vega, 1 Fecha de facturación: 25/12/25
Edificio Veganova · 28108 Alcobendas (Madrid)
ID de cliente: 953748520
Maria José Moral Morgado
N.° de contrato: 99933615
Maria José Moral Morgado
NIF/CIF: 46943079X
2
C/ Doctor Bellido 3 Consultas: www.ionos.es/ayuda
28018 Madrid My IONOS: my.ionos.es/invoices
ESPAÑA
Teléfono: 91 136 0000
Horario de atención al cliente: 24/7
Por favor, tenga a mano su PIN telefónico para
autentificarse de una forma rápida y segura cuando desee
contactar con el departamento de soporte. Puede generar y
administrar su PIN telefónico desde my.ionos.es.
Factura
Inicio de facturación: 24/12/25
Consumo
Con. Servicios facturados Tarifa Cantidad Importe (EUR) IVA
medio
Contrato: 99933615 - IONOS VPS Linux L
Cuota (14,00 EUR)
1 Cuota mensual 14.00 EUR al 1 m. 14,00 21,0 %
mes
24.12.2025-23.01.2026
Servidor <EnGira> (5,00 EUR)
2 IP adicional 5.00 EUR / IP / 1 uds. 100% (1M) 0,00 21,0 %
mes
3 Plesk (dominios ilimitados) 5.00 EUR / 1 uds. 100% (1M) 5,00 21,0 %
licencia / mes
Total (base imponible) 19,00 EUR
+ IVA (21,0 %) 3,99 EUR
Total a pagar 22,99 EUR
El importe total a pagar será cargado en su tarjeta de crédito durante los próximos siete días. Gracias.
¿Tiene dudas o preguntas sobre esta factura?
Encontrará información adicional en my.ionos.es o en nuestro Centro de Ayuda.
IONOS Cloud S.L.U., NIF B85049435, Avenida de La Vega, 1 - Edificio Veganova (Edif.3 planta 5° puerta C),
28108 Alcobendas (Madrid), España, Inscrita en el Registro Mercantil de Madrid,
Tomo: 24.232, Libro 0, Folio 73, Sección 8, Hoja M-435500, Inscripción 1
Commerzbank Frankfurt, IBAN: DE93500400000589486002 Página 1 de 1",factura,1.0,economica|gasto|justificacion,False,True,False,,ACC-SOPORTE-TECNICO-Y--F45DA80C53,0.835,automatico,/Users/usuario/Desktop/PROFESIONAL/enGira/FINANCIACIÓN/SUBVENCIONES/MINISTERIO DE CULTURA/Industrias Culturales 25/JUSTIFICACION/datos_engira/08_JUSTIFICACION_ECONOMICA/CONTABILIDAD/GASTOS/4TR2025/SERVIDOR/Factura_2025-12-25_202785076764_V99933615.pdf
justificacion_economica,08_JUSTIFICACION_ECONOMICA/CONTABILIDAD/GASTOS/4TR2025/SERVIDOR/Factura_2025-11-25_202784784857_V99933615.pdf,Factura_2025-11-25_202784784857_V99933615.pdf,.pdf,75179,documento,2025-11-25T02:28:50,1,,"0,00|14,00|14.00|19,00|22,99|23.12|24.11|24.23|3,99|5,00|5.00",46943079X|B85049435,,,"IONOS Cloud S.L.U.
Avenida de La Vega, 1
Edificio Veganova (Edificio 3, 5º-C)
28108 Alcobendas (Madrid)
N.° de factura: 202784784857
IONOS Cloud S.L.U. · Avenida de La Vega, 1 Fecha de facturación: 25/11/25
Edificio Veganova · 28108 Alcobendas (Madrid)
ID de cliente: 953748520
Maria José Moral Morgado
N.° de contrato: 99933615
Maria José Moral Morgado
NIF/CIF: 46943079X
2
C/ Doctor Bellido 3 Consultas: www.ionos.es/ayuda
28018 Madrid My IONOS: my.ionos.es/invoices
ESPAÑA
Teléfono: 91 136 0000
Horario de atención al cliente: 24/7
Por favor, tenga a mano su PIN telefónico para
autentificarse de una forma rápida y segura cuando desee
contactar con el departamento de soporte. Puede generar y
administrar su PIN telefónico desde my.ionos.es.
Factura
Inicio de facturación: 24/11/25
Consumo
Con. Servicios facturados Tarifa Cantidad Importe (EUR) IVA
medio
Contrato: 99933615 - IONOS VPS Linux L
Cuota (14,00 EUR)
1 Cuota mensual 14.00 EUR al 1 m. 14,00 21,0 %
mes
24.11.2025-23.12.2025
Servidor <EnGira> (5,00 EUR)
2 IP adicional 5.00 EUR / IP / 1 uds. 100% (1M) 0,00 21,0 %
mes
3 Plesk (dominios ilimitados) 5.00 EUR / 1 uds. 100% (1M) 5,00 21,0 %
licencia / mes
Total (base imponible) 19,00 EUR
+ IVA (21,0 %) 3,99 EUR
Total a pagar 22,99 EUR
El importe total a pagar será cargado en su tarjeta de crédito durante los próximos siete días. Gracias.
¿Tiene dudas o preguntas sobre esta factura?
Encontrará información adicional en my.ionos.es o en nuestro Centro de Ayuda.
IONOS Cloud S.L.U., NIF B85049435, Avenida de La Vega, 1 - Edificio Veganova (Edif.3 planta 5° puerta C),
28108 Alcobendas (Madrid), España, Inscrita en el Registro Mercantil de Madrid,
Tomo: 24.232, Libro 0, Folio 73, Sección 8, Hoja M-435500, Inscripción 1 Página 1 de 1",factura,1.0,economica|gasto|justificacion,False,True,False,,ACC-SOPORTE-TECNICO-Y--F45DA80C53,0.835,automatico,/Users/usuario/Desktop/PROFESIONAL/enGira/FINANCIACIÓN/SUBVENCIONES/MINISTERIO DE CULTURA/Industrias Culturales 25/JUSTIFICACION/datos_engira/08_JUSTIFICACION_ECONOMICA/CONTABILIDAD/GASTOS/4TR2025/SERVIDOR/Factura_2025-11-25_202784784857_V99933615.pdf
justificacion_economica,08_JUSTIFICACION_ECONOMICA/CONTABILIDAD/GASTOS/4TR2025/TRANSPORTE/VJTLVPX73H4Y7930.pdf,VJTLVPX73H4Y7930.pdf,.pdf,8337,documento,2025-11-03T01:28:38,1,03-11-2025|22-11-2025,"01.09|10,00|31.99|7,94|79,41|87,35",46943079X,,,"RENFE VIAJEROS S.M.E., S.A. AVENIDA CIUDAD DE BARCELONA, 4 ESPAÑA NIVA: ESA86868189
Registro Mercantil de Madrid. Tomo: 31.997, Folio: 1, Sección: 8ª, Hoja: M-575-733 www.renfe.com
Datos Postales
MORAL MORGADO MARIA JOSE
46943079X MORAL MORGADO MARIA JOSE
CALLE ALMADÉN 14 2 C CALLE ALMADÉN 14 2 C
28014 MADRID 28014 MADRID
BARCELONA BARCELONA
FACTURA NÚMERO: VJ00000016527930 MADRID, 3 de NOVIEMBRE de 2025
Vencimiento
03-11-2025
Descripción Importe: EUR
FACTURA DEL BILLETE: 7702601911804 - 03073 - MADRID-PUERTA
79,41
DE ATOCHA-A - GIRONA - F. VIAJE: 22-11-2025 - LOC: HMLHCR
Total Servicio: 79,41
Cuota IVA: 7,94
Total Factura 87,35
Descripción Base Imponible Tipo % Cuota
IVA REPERCUTIDO_10% (DESDE 01.09.2012) 79,41 10,00 7,94
Importe
87,35
2511",presupuesto,0.533,administracion|economica|gasto|justificacion,False,True,False,,ACC-ADMINISTRACION-A0CC1B65E1,0.78,automatico,/Users/usuario/Desktop/PROFESIONAL/enGira/FINANCIACIÓN/SUBVENCIONES/MINISTERIO DE CULTURA/Industrias Culturales 25/JUSTIFICACION/datos_engira/08_JUSTIFICACION_ECONOMICA/CONTABILIDAD/GASTOS/4TR2025/TRANSPORTE/VJTLVPX73H4Y7930.pdf
justificacion_economica,08_JUSTIFICACION_ECONOMICA/CONTABILIDAD/GASTOS/4TR2025/TRANSPORTE/parking reunikn ministerio.pdf,parking reunikn ministerio.pdf,.pdf,176159,documento,2026-01-02T13:36:38,1,,"0,77|10.12|3,68|4,45|EUR.|€0,77|€3,68|€4,45",A28020857,,,"r FACTURA SZ~~LXFZCADA
CREDESA
C/BARQUILLO 15 B 1°0
ESP-28004 MADRID
Nº Impto.ESCIF.:A28020857
CAJERO AUT 10/12/25 17:10
Recibo 41414
Ticket Apare. Limitado
1 - Nº 007182
10/12/25 15:40
10/12/25 17:10
Duración Odlh31'
(I.V.A.) €4,45
------------
Total bruto
~4,45
Pago
PAYCOMET SL
PARKING AUGUSTO FIGUEROA
MADRID
COMERCIO: 337125405
TPV: 00020522709
~Tran:00322
~APLIC.:A0000000041010
2************6396
e
u
6VENTA MASTERCARD
~~
011329 CREO --~ -
Op 529101
CONTACTLESS
Fecha:10.12.25
Hora:17:11
4,45 EUR
Cuenta Expansion
- O Comisiones
- Gratis la tarjeta
credito y
debito
informese en nuestras
oficinas o
en bancosabadell.com
Total neto €3,68
I.V.A. 21~ €0,77
Verifique su Matricula
3131MPN
Todos importes en EUR.
Fecha sumin.=Fecha Fact.
s",presupuesto,0.4,administracion|economica|gasto|justificacion,False,True,False,,ACC-ADMINISTRACION-A0CC1B65E1,0.78,automatico,/Users/usuario/Desktop/PROFESIONAL/enGira/FINANCIACIÓN/SUBVENCIONES/MINISTERIO DE CULTURA/Industrias Culturales 25/JUSTIFICACION/datos_engira/08_JUSTIFICACION_ECONOMICA/CONTABILIDAD/GASTOS/4TR2025/TRANSPORTE/parking reunikn ministerio.pdf
justificacion_economica,08_JUSTIFICACION_ECONOMICA/CONTABILIDAD/GASTOS/4TR2025/TRANSPORTE/VJ5GPLTFTKM50244.pdf,VJ5GPLTFTKM50244.pdf,.pdf,8347,documento,2025-10-24T02:48:06,1,20-10-2025|21-10-2025,"01.09|10,00|2,71|27,09|29,80|31.99",46943079X,,,"RENFE VIAJEROS S.M.E., S.A. AVENIDA CIUDAD DE BARCELONA, 4 ESPAÑA NIVA: ESA86868189
Registro Mercantil de Madrid. Tomo: 31.997, Folio: 1, Sección: 8ª, Hoja: M-575-733 www.renfe.com
Datos Postales
MORAL MORGADO MARIA JOSE
46943079X MORAL MORGADO MARIA JOSE
CALLE ALMADÉN 14 2 C CALLE ALMADÉN 14 2 C
28014 MADRID 28014 MADRID
BARCELONA BARCELONA
FACTURA NÚMERO: VJ00000016470244 MADRID, 20 de OCTUBRE de 2025
Vencimiento
20-10-2025
Descripción Importe: EUR
FACTURA DEL BILLETE: 7773201905785 - 04091 -
MADRID-CHAMARTÍN-CLARA CA - VALLADOLID-CAMPO GRANDE - F. 27,09
VIAJE: 21-10-2025 - LOC: UU8S7S
Total Servicio: 27,09
Cuota IVA: 2,71
Total Factura 29,80
Descripción Base Imponible Tipo % Cuota
IVA REPERCUTIDO_10% (DESDE 01.09.2012) 27,09 10,00 2,71
Importe
29,80
2510",presupuesto,0.533,administracion|economica|gasto|justificacion,False,True,False,,ACC-ADMINISTRACION-A0CC1B65E1,0.78,automatico,/Users/usuario/Desktop/PROFESIONAL/enGira/FINANCIACIÓN/SUBVENCIONES/MINISTERIO DE CULTURA/Industrias Culturales 25/JUSTIFICACION/datos_engira/08_JUSTIFICACION_ECONOMICA/CONTABILIDAD/GASTOS/4TR2025/TRANSPORTE/VJ5GPLTFTKM50244.pdf
justificacion_economica,08_JUSTIFICACION_ECONOMICA/CONTABILIDAD/GASTOS/4TR2025/TRANSPORTE/VJXCFZZJ3WNC7931.pdf,VJXCFZZJ3WNC7931.pdf,.pdf,8326,documento,2025-11-03T01:29:42,1,03-11-2025|23-11-2025,"01.09|10,00|103,40|31.99|9,40|94,00",46943079X,,,"RENFE VIAJEROS S.M.E., S.A. AVENIDA CIUDAD DE BARCELONA, 4 ESPAÑA NIVA: ESA86868189
Registro Mercantil de Madrid. Tomo: 31.997, Folio: 1, Sección: 8ª, Hoja: M-575-733 www.renfe.com
Datos Postales
MORAL MORGADO MARIA JOSE
46943079X MORAL MORGADO MARIA JOSE
CALLE ALMADÉN 14 2 C CALLE ALMADÉN 14 2 C
28014 MADRID 28014 MADRID
BARCELONA BARCELONA
FACTURA NÚMERO: VJ00000016527931 MADRID, 3 de NOVIEMBRE de 2025
Vencimiento
03-11-2025
Descripción Importe: EUR
FACTURA DEL BILLETE: 7702601911838 34292 - 03610 - GIRONA
- MADRID-PUERTA DE ATOCHA-A - F. VIAJE: 23-11-2025 - LOC: 94,00
HMLHCR
Total Servicio: 94,00
Cuota IVA: 9,40
Total Factura 103,40
Descripción Base Imponible Tipo % Cuota
IVA REPERCUTIDO_10% (DESDE 01.09.2012) 94,00 10,00 9,40
Importe
103,40",presupuesto,0.533,administracion|economica|gasto|justificacion,False,True,False,,ACC-ADMINISTRACION-A0CC1B65E1,0.78,automatico,/Users/usuario/Desktop/PROFESIONAL/enGira/FINANCIACIÓN/SUBVENCIONES/MINISTERIO DE CULTURA/Industrias Culturales 25/JUSTIFICACION/datos_engira/08_JUSTIFICACION_ECONOMICA/CONTABILIDAD/GASTOS/4TR2025/TRANSPORTE/VJXCFZZJ3WNC7931.pdf
justificacion_economica,08_JUSTIFICACION_ECONOMICA/CONTABILIDAD/GASTOS/4TR2025/TRANSPORTE/parking mercartes.pdf,parking mercartes.pdf,.pdf,158334,documento,2026-01-02T13:35:56,1,21/10/2025|22/10/2025,,A47235742,,,"Aparcarnientu PlaLt\ de Espdnd
Plaza Espana, s/n
47001 Valladolid
Tef:983299660
NIF A47235742
. - - -.•
FACTURA SIMPLIFICADA
1 - 0944330
-- --- ---·-. - - - - •••
0161 01b
[quipo:
, i : P.C h a · • 22/ 1 0 1 1 .) 6 /2 1 0 25 1 5 0 0 9 1 : 4 0 3 9 : 4 5 4 7 5 ( 4 2 1 )
Cobro-
C. Concepto Importe
-r-cab,~ ó~-TTck8 t ---------· 2?~5ÉUR
Ticket: 0161 002 0436040
21/10/2025 20:39:31 (2)
Matricula: 8231MHG
Inicio: 21/10/2025 20:39(2)
Fin: 22/10/2025 09:43(2)
1
Ouracion: OOOd 13h 04min
lota 1 : 22, 75EUf~
Dto ____ Jmpo_r!!l
fofál-de··oo·iiraGíoñ·:· --- 22, 75EUR
!nipor te Descuento: ~. OOEUR
Importa a Pagar: 22. 75EUR
iYtsi ----- -- - ----- l1
s~~º~
-1
IVA: 3, 95EUR
Tata 1: 22, 75EUR
Entregado: 22, 75EUR
Cambio: O, OOEUR
COMERCIO: 350048922
Termina 1: 1
************7592
Cad: 0000
VENTA
Aut. 184984 CREO P8d i do : 1~ 95 l 3
Fecha 22. 1O . 2025 Hora 09: 43
MASTERCARD
Apl icacion:A0000000041010
N. Trans: 000011
R8sp: 00
TVR: 0000008000
22. 75 EUR!",presupuesto,0.267,administracion|economica|gasto|justificacion,False,True,False,,ACC-ADMINISTRACION-A0CC1B65E1,0.78,automatico,/Users/usuario/Desktop/PROFESIONAL/enGira/FINANCIACIÓN/SUBVENCIONES/MINISTERIO DE CULTURA/Industrias Culturales 25/JUSTIFICACION/datos_engira/08_JUSTIFICACION_ECONOMICA/CONTABILIDAD/GASTOS/4TR2025/TRANSPORTE/parking mercartes.pdf
justificacion_economica,08_JUSTIFICACION_ECONOMICA/CONTABILIDAD/GASTOS/4TR2025/TRANSPORTE/peajes mercartes.pdf,peajes mercartes.pdf,.pdf,321154,documento,2026-01-02T13:35:33,2,,"21,00|EUR ..|EUR.",,,,"CASTEL_ANA, S.A.C.E.
(Unipe--sonal)
AP6 - :>K. 57
-S.Rafael- Segovia
40410
N.I.F. A-82492729
-COMPl~OBANTE DE PASO-
---~-------~--~----~---
23/10/25 12:49
Recorrido
54 SAN:HIDRIAN TRONCO
1
51 TRO~CO SAN RAFAEL
V:20 S~LIDA
cat. :
:,1
TARJET~
~ASl'ER
ARC 00.
AID AOJ00000041010
APP MASTERCARD
AUT 412903
547916><XXXXX9212
-----------------------
Importa: 15, 15 EUR.
Inc1. IVA 21,00 %
---. --------------------
C0NTAC'TLESS
Este no
d~curnento
contem~la descuentos
ap1ica:)1es
¡ Buen viaje!
F.U.C. 346055411
ID 055120225296000202
,. -·r-1 L ... C E
'~-A~
~
.. AMA, ::) . ,1~\ . , .
( Un·i 01:!rsc)na 1)
pK ~·7
~~. rr-).',O. • '-
it04 ·1 ~) ·-S. ~::afa~ ·1- Sego'-,-¡ a
·=.
f,.. 1 . A- H2 4'3:1729
~-Cüiv1PROE;,~NTE DE PASO··
2 1/ ·1 O/ 2 5 09 :: 06
Re .:or r· i dú
5 l .. íRONCO SAI\J f~AF ,~EL
54 SA ""ICHI.DR!.°'r~ TROf~CO
\ • , • • O .1. .=., .~.-, Al' .. 1· . DA
Cat.: 01
TAR-.J f..:l.A MAS TE~~
ARC 00
AIO A0000000041010
APP M;C,STE:F(CAl~D
~-UT 15 19 O 1
54 79 16XX>~.>o,~x·32 12
In,po.'"" te: 1 5, t 5 EUR ..
I ne: ·1 .. I V 2 1 00 ~~
- t\ 1 - --
·- •· . - . - -- - - .. . . . -. -- ·- -· .. ... -·
CONTACTLESS
t s te docurnen to no
e ü:ritarnp 1 G l d~ scuentcs
ap 1 i cr:lb 1 E !S
¡ Bue~ Vi c:je!
F . u. e . 3 Li 6 o E s 4 1 ·1
• 1
1",factura_gasto_viaje,0.133,actividad|economica|gasto|justificacion,False,True,False,,ACC-ADMINISTRACION-A0CC1B65E1,0.78,automatico,/Users/usuario/Desktop/PROFESIONAL/enGira/FINANCIACIÓN/SUBVENCIONES/MINISTERIO DE CULTURA/Industrias Culturales 25/JUSTIFICACION/datos_engira/08_JUSTIFICACION_ECONOMICA/CONTABILIDAD/GASTOS/4TR2025/TRANSPORTE/peajes mercartes.pdf
justificacion_economica,08_JUSTIFICACION_ECONOMICA/CONTABILIDAD/GASTOS/4TR2025/SUMINISTROS/Factura_FMPVALI001XXXX.pdf,Factura_FMPVALI001XXXX.pdf,.pdf,72383,documento,2026-01-02T02:58:36,2,10-09-2029|28-10-2025,",071.31|0,00|0,0000 €|0,0000€|0,01|0,01€|0,15|0.27|0.27 €|10,93|10,9339 €|21.00|3,55|3,5500 €|3.28|3.28 €|45,45|52,06|52,0661 €|63,00|63,00 €|63,0000 €|66,55|66,55 €|€
0,0000|€
676953|€
6805|€
9121|€ 0,0000|€ 10,9339|€.",,,,"25 de Diciembre de 2025 Página 1 de 3
Factura núm: FMPVALI001**** (10 Nov - 09 Dic) Identificador único de acceso: 928508036505
Maria Jose *************
Calle Doctor *************************************
Titular: Maria Jose ************* 28018 Madrid
46***079X FMPVALI001*****251225-004-E0-012-003027
CTA- 07
Calle Doctor *************************************
28018 Madrid
Total a pagar 66,55 €
miMovistar 63,0000 €
miConectividad 63,0000 € Mejor es cuando
todo está pensado para
Otras cuotas 3,5500 € hacer tu vida mejor.
Cuotas mensuales 3,5500 €
Consumos 0,0000 €
SPKC0001
Mandaremos el recibo a tu cuenta de BANKINTER, S.A. a partir del 25 de
Diciembre de 2025
Base imponible 52,0661 €
IVA(21.00 %)sobre 52,0661 € 10,9339 €
Total impuestos 10,9339 €
Total factura 63,00 €
Fuera de base imponible 3,5500 €
Total a pagar 66,55 €
Estamos a tu disposición,
App Mi Movistar movistar.es 638 10 1004 1004 gratuito movistar.es/citaprevia
estés donde estés
Partners tecnológicos de conectividad de Movistar
.47481028-A
.FIC
-ª1L
,071.31ºT
,6F
,081312-MªH
,dirdaM
ed
.M
.R
-dirdaM
31082
,82
aíV
narG
.U,A.S
,añapsE
ed
acinófeleT
25 de Diciembre de 2025 251225-004-E0-012-003027-000002 Página 2 de 3
Factura núm: FMPVALI001**** (10 Nov - 09 Dic) Identificador único de acceso: 928508036505
Resumen General sin Impuestos
miMovistar
miConectividad 52,0661 €
9121***05- Movistar Max (10 Nov a 09 Dic) 52,0661 €
676953***- Fibra 1 Gb* con llamadas ilimitadas a fijos
6805***63 Línea 5G+ con llamadas, SMS y GB ilimitados**
Línea 5G+ con 0 cts./min (45,455 cts. establ.) y GB ilimitados (5 GB
ultrarrápidos)** y 50 SMS
Por ser de Movistar: Movistar Plus+ Inicia, 1 dispositivo, Cloud ilimitado y
Protección Digital
* Ya tienes disponible la velocidad de hasta 1 Gb simétrico. Si aún no la disfrutas actívala
llamando al 900102505
Roaming en UE, Islandia, Liechtenstein, Noruega y Reino Unido (límite *58 GB|**8 GB)
misDispositivos
SAMSUNG Galaxy S21 FE 5G 128GB. Dispositivo Nivel RAT . Hasta el 10-09-2029 (10 Nov a
09 Dic)
Incluido de serie con miConectividad
Otras cuotas
Cuotas mensuales 3,5500 €
Seguro Móvil cuota mensual Póliza 2147279 APPLE IPHONE 13 MINI 128GB 28-10-2025. 3,5500 €
Prima neta de impuestos 3.28 €. Impuestos aplicados 0.27 € (IPS: 8% sobre Prima Neta. LEA:
0,15% sobre Prima Neta. CCS: 0,018% sobre capital máximo asegurado: 0,01€) (28 Oct)
*Este importe se computa fuera de la base imponible de esta factura
Consumos
Consumos dentro de base imponible 0,0000 €
Llamadas Mensajes Internet Contenidos
676953*** 0,0000€ - - - 0,0000€
6805***63 0,0000€ 0,0000€ 0,0000€ - 0,0000€
0,0000€ 0,0000€ 0,0000€ -",factura,0.8,economica|gasto|justificacion,False,True,False,,ACC-ADMINISTRACION-A0CC1B65E1,0.78,automatico,/Users/usuario/Desktop/PROFESIONAL/enGira/FINANCIACIÓN/SUBVENCIONES/MINISTERIO DE CULTURA/Industrias Culturales 25/JUSTIFICACION/datos_engira/08_JUSTIFICACION_ECONOMICA/CONTABILIDAD/GASTOS/4TR2025/SUMINISTROS/Factura_FMPVALI001XXXX.pdf
justificacion_economica,08_JUSTIFICACION_ECONOMICA/CONTABILIDAD/GASTOS/4TR2025/SUMINISTROS/SN_3291000012688128.pdf,SN_3291000012688128.pdf,.pdf,54738,documento,2026-01-02T02:58:30,1,,"0,22|0,22 €|0,26|0,26 €|0,49|12,98|19.12|21,00|24,99|250,00|250,00 €|3,49|3,64|3.64|33,55|40,59|40.39|5,00|7,04|€
19.12.25|€
33,55|€ 21,00",46943079X,,,"Free2move Iberia S.A.U.• C/ Doctor Esquerdo 62• 28007 Madrid
Factura
Sra.
María José Moral Morgado Número de Cliente:09704421
Doctor Bellido 3 NIF:46943079X
2 Número de documento:3291000012688128
Fecha de factura:19.12.2025
28018 Madrid
Servicio: viaje Free2move
Fecha Tiempo Distancia Vehículo Origen Destino IVA Total
en km
% €
19.12.25 15:24 59,0 Peugeot e- Avenida de la Albufera, Calle de Santillana del Mar,
208 28038 Madrid 28038 Madrid
19:37 1076/0911LSY Lat/Lon: 40.39014,-3.64628 Lat/Lon: 40.39031,-3.64553
4 horas 21,00 24,99
Duración del alquiler: 14 min x 0,26 €/min 21,00 3,64
Distancia recorrida: 59 km x 0,22 € 21,00 12,98
Tarifa Base (TB) 21,00 0,49
Protección Plus, franquicia reducida a 250,00 € 21,00 3,49
Crédito Free2move: Registration 21,00 -5,00
Subtotal 40,59
Importe IVA Total
Neto
€ % € €
33,55 21,00 7,04 40,59
Total 33,55 7,04 40,59
El método de pago seleccionado se cargará con el importe total indicado anteriormente.
Las direcciones de origen y destino son el resultado de la conversión de las coordenadas GPS del vehículo enviadas por proveedores
de servicios independientes. Free2move no se hace responsable de la exactitud de esta información.
Página: 1 / 1
Free2move Iberia S.A.U. NIF: A-87657086 Administrador unico:
C/ Doctor Esquerdo 62 Lotfi Louez
28007 Madrid
España",presupuesto,0.533,administracion|economica|gasto|justificacion,False,True,False,,ACC-ADMINISTRACION-A0CC1B65E1,0.78,automatico,/Users/usuario/Desktop/PROFESIONAL/enGira/FINANCIACIÓN/SUBVENCIONES/MINISTERIO DE CULTURA/Industrias Culturales 25/JUSTIFICACION/datos_engira/08_JUSTIFICACION_ECONOMICA/CONTABILIDAD/GASTOS/4TR2025/SUMINISTROS/SN_3291000012688128.pdf
justificacion_economica,08_JUSTIFICACION_ECONOMICA/CONTABILIDAD/GASTOS/4TR2025/SUMINISTROS/Factura_MMPVAJI002XXXX.pdf,Factura_MMPVAJI002XXXX.pdf,.pdf,65185,documento,2025-10-23T14:08:08,1,,"0,00|0,0000 €|1,38|1,3884 €|1,3884€|21.00|24,79|5,16|6,61|6,6116 €|6,6116€|8,00|8,00€|€
6614|€ 1,3884",52132987A,,,"Móvil
25 de Octubre de 2025 Página 1 de 2
Factura núm: MMPVAJI002**** (10 Sep - 09 Oct)
Línea: 6614***23
Maria Jose *************
Calle Doctor *************************************
Titular: Maria Jose ************* 28018 Madrid
46***079X MMPVAJI002*****251025-004-E0-009-016257
CTA- 07
Calle Doctor *************************************
28018 Madrid
De un Vistazo
Cuotas mensuales 6,6116 €
6614***23 Línea Adicional Ilimitada Base (10 Sep a 09 Oct) 6,6116 €
- Datos móviles: 20 GB ultrarrápidos 5G+ (después,
datos ilimitados a 2 Mb sin coste adicional)
- Llamadas nacionales ilimitadas
- SMS nacionales: 24,793 cts./SMS
Ten en cuenta:
- Incluye roaming en UE, Reino Unido, Noruega, Islandia y
Liechtenstein, con un límite de 25 GB/mes
- Llamadas internacionales, de tarificación especial y
servicios premium no incluidos
Consumos 0,0000 €
Llamadas 49 23m 25s 0,0000 €
Internet 66 5,16 GB 0,0000 €
Mensajes 2 0,0000 €
Impuestos 1,3884 €
Base imponible 6,6116€
IVA(21.00 %)sobre 6,6116 € 1,3884€
Total factura 8,00€
Total a pagar 8,00€
Mandaremos el recibo a tu cuenta de BANKINTER, S.A. a partir del 25 de
Octubre de 2025
Estamos a tu disposición,
App Mi Movistar movistar.es 638 10 1004 1004 gratuito movistar.es/citaprevia
estés donde estés
Partners tecnológicos de conectividad de Movistar
52132987A
.F.I.C
-
ª1
.snI
.62258
ªH
.29
ºF
.sedadeicoS
ed
orbiL
ed
ª3
nóicceS
.4087
.larG
.8598
ºT
.dirdaM
ed
.M
.R
.dirdaM
-
05082
.3
ruS
oicifidE
.C
otirtsiD
.n/s
nóicacinumoC
al
ed
adnoR
.)lanosrepinU
dadeicoS(
.A.S
,añapsE
selivóM
acinófeleT",factura,0.8,economica|gasto|justificacion,False,True,False,,ACC-ADMINISTRACION-A0CC1B65E1,0.78,automatico,/Users/usuario/Desktop/PROFESIONAL/enGira/FINANCIACIÓN/SUBVENCIONES/MINISTERIO DE CULTURA/Industrias Culturales 25/JUSTIFICACION/datos_engira/08_JUSTIFICACION_ECONOMICA/CONTABILIDAD/GASTOS/4TR2025/SUMINISTROS/Factura_MMPVAJI002XXXX.pdf
justificacion_economica,08_JUSTIFICACION_ECONOMICA/CONTABILIDAD/GASTOS/4TR2025/SUMINISTROS/Factura_MMPVALI001XXXX.pdf,Factura_MMPVALI001XXXX.pdf,.pdf,65179,documento,2026-01-02T02:58:38,1,,"0,00|0,0000 €|0,82|0,8237 €|1,56|1,5614 €|1,5614€|13,18|21.00|24,79|6,61|6,6116 €|7,43|7,4353 €|7,4353€|9,00|9,00€|€
6614|€ 1,5614",52132987A,,,"Móvil
25 de Diciembre de 2025 Página 1 de 3
Factura núm: MMPVALI001**** (10 Nov - 09 Dic)
Línea: 6614***23
Maria Jose *************
Calle Doctor *************************************
Titular: Maria Jose ************* 28018 Madrid
46***079X MMPVALI001*****251225-004-E0-010-015099
CTA- 07
Calle Doctor *************************************
28018 Madrid
De un Vistazo
Cuotas mensuales 6,6116 €
6614***23 Línea Adicional Ilimitada Base (10 Nov a 09 Dic) 6,6116 €
- Datos móviles: 20 GB ultrarrápidos 5G+ (después,
datos ilimitados a 2 Mb sin coste adicional)
- Llamadas nacionales ilimitadas
- SMS nacionales: 24,793 cts./SMS
Ten en cuenta:
- Incluye roaming en UE, Reino Unido, Noruega, Islandia y
Liechtenstein, con un límite de 25 GB/mes
- Llamadas internacionales, de tarificación especial y
servicios premium no incluidos
Consumos 0,8237 €
Llamadas 83 442m 50s 0,8237 €
Internet 146 13,18 GB 0,0000 €
Mensajes 2 0,0000 €
Impuestos 1,5614 €
Base imponible 7,4353€
IVA(21.00 %)sobre 7,4353 € 1,5614€
Total factura 9,00€
Total a pagar 9,00€
Mandaremos el recibo a tu cuenta de BANKINTER, S.A. a partir del 25 de
Diciembre de 2025
Estamos a tu disposición,
App Mi Movistar movistar.es 638 10 1004 1004 gratuito movistar.es/citaprevia
estés donde estés
Partners tecnológicos de conectividad de Movistar
52132987A
.F.I.C
-
ª1
.snI
.62258
ªH
.29
ºF
.sedadeicoS
ed
orbiL
ed
ª3
nóicceS
.4087
.larG
.8598
ºT
.dirdaM
ed
.M
.R
.dirdaM
-
05082
.3
ruS
oicifidE
.C
otirtsiD
.n/s
nóicacinumoC
al
ed
adnoR
.)lanosrepinU
dadeicoS(
.A.S
,añapsE
selivóM
acinófeleT",factura,0.8,economica|gasto|justificacion,False,True,False,,ACC-ADMINISTRACION-A0CC1B65E1,0.78,automatico,/Users/usuario/Desktop/PROFESIONAL/enGira/FINANCIACIÓN/SUBVENCIONES/MINISTERIO DE CULTURA/Industrias Culturales 25/JUSTIFICACION/datos_engira/08_JUSTIFICACION_ECONOMICA/CONTABILIDAD/GASTOS/4TR2025/SUMINISTROS/Factura_MMPVALI001XXXX.pdf
justificacion_economica,08_JUSTIFICACION_ECONOMICA/CONTABILIDAD/GASTOS/4TR2025/SUMINISTROS/invoice.pdf,invoice.pdf,.pdf,411423,documento,2025-11-25T02:28:44,4,,"2025 €|26.01|27,23|27,50|27,50 €|33,28|5,78|5,78 €|€ 27,23|€ 27,50|€ 33,28|€ 5,78",46943079X,,,"EXTRACTO DE LA CUENTA
Nombre de la María José Moral Morgado Número de cuenta: 12242825
cuenta:
Número de factura: 4644-2025-2289INV
Atención: Ms. María Moral
Fecha del extracto: 24 noviembre 2025
Calle Dr. Bellido 3
Fecha de vencimiento: 24 noviembre 2025
2ª planta
28018 Madrid
Spain
INFORMACIÓN ÚTIL
• Puede actualizar la información y comprobar el estado actual de su cuenta iniciando sesión en www.myspacesworks.com
• Si tiene alguna pregunta sobre sus facturas o pagos, no dude en contactar con el Equipo de la comunidad.
• También puede registrar un caso a través de su cuenta en línea (sección Ayuda).
Nombre del centro: MADRID, Spaces Retiro
Fecha Descripción Cantidad
01 Octubre 2024 Saldo pendiente € 27,23
01 Octubre 2024 Pago recibido -€ 27,23
24 noviembre 2025 Esta factura € 33,28
Saldo total pendiente de pago € 33,28
Regus Management España, S.L. – Paseo de la Castellana 200, 28046 , Madrid, Spain.
CIF: B-85578086
Inscrita en el Registro Mercantil de Madrid, Tomo 26.014; Folio 90; Sección 8; Hoja M-468969
Si no se ha cobrado IVA en esta factura con arreglo a lo dispuesto en el artículo 44 de la Directiva 2008/8/CE de la UE, se aplica la carga inversa.
Si no es así, el suministro está exento
Página 1
FACTURA
Nombre de la cuenta: María José Moral Morgado Número de cuenta: 12242825
Atención: Ms. María Moral Número de factura: 4644-2025-2289INV
Calle Dr. Bellido 3 Fecha de factura: 24 noviembre 2025
2ª planta
Fecha de vencimiento: 24 noviembre 2025
28018 Madrid
Su número de identificación 46943079X
Spain
fiscal:
Nombre del centro: MADRID, Spaces Retiro
Descripción de los cargos Desde Hasta Precio IVA Total
Oficina por días 24 Nov 2025 24 Nov 2025 € 27,50 € 5,78 € 33,28
Total (sin IVA) € 27,50
IVA 21% € 5,78
Importe total de noviembre (IVA incluido) € 33,28
Consulte la página siguiente para ver un desglose detallado de los cargos
Regus Management España, S.L. – Paseo de la Castellana 200, 28046 , Madrid, Spain.
CIF: B-85578086
Inscrita en el Registro Mercantil de Madrid, Tomo 26.014; Folio 90; Sección 8; Hoja M-468969
Si no se ha cobrado IVA en esta factura con arreglo a lo dispuesto en el artículo 44 de la Directiva 2008/8/CE de la UE, se aplica la carga inversa.
Si no es así, el suministro está exento
Página 2
DETALLES DE LA FACTURA
Nombre de la María José Moral Morgado Número de cuenta: 12242825
cuenta:
Número de factura: 4644-2025-2289INV
Atención: Ms. María Moral
Fecha de factura: 24 noviembre 2025
Fecha de vencimiento: 24 noviembre 2025
Nombre del centro: MADRID, Spaces Retiro
CARGOS ÚNICOS INCURRIDOS
Total
Descripción del artículo Desde Hasta Precio IVA
(inc. IVA)
Cargo por espacio 24 Nov 2025 24 Nov 2025 € 27,50 € 5,78 € 33,28
compartido por día
Reservado por: Ms. María Moral Reserva: 164542107
Subtotal € 27,50 € 5,78 € 33,28
Total de cargos € 27,50 € 5,78 € 33,28
Regus Management España, S.L. – Paseo de la Castellana 200, 28046 , Madrid, Spain.
CIF: B-85578086
Inscrita en el Registro Mercantil de Madrid, Tomo 26.014; Folio 90; Sección 8; Hoja M-468969
Si no se ha cobrado IVA en esta factura con arreglo a lo dispuesto en el artículo 44 de la Directiva 2008/8/CE de la UE, se aplica la carga inversa.
Si no es así, el suministro está exento
Página 3
MÉTODOS DE PAGO
Su método de pago actual es: Mastercard
Número de la tarjeta acabada en 7592, fecha de caducidad 05/26
Puede actualizar su método de pago a domiciliación bancaria o tarjeta de crédito en www.myspacesworks.com
Puede pagar mediante transferencia bancaria a esta
cuenta:
Nombre del banco: J.P. Morgan SE, Sucursal en España
Nombre de la cuenta: REGUS MANAGEMENT ESPANA
Número de cuenta: 60403882
SWIFT: CHASESM3
IBAN: ES5115670001420060403882
INFORMACIÓN IMPORTANTE :
Proporcione su número de factura <4644-2025-2289INV> como referencia del beneficiario en todos los pagos que realice.
CONCEPTOS BÁSICOS SOBRE LA FACTURA
ACLARACIONES DE LA FACTURA
Ajustes/devoluciones en cuenta Cualquier reajuste/devolución realizado a su favor y en su cuenta.
Cargos únicos incurridos Cargos variables y/o puntuales relativos a un período de facturación específico.
Créditos Créditos emitidos relacionados con un cargo en concreto que se le hubiese facturado
incorrectamente en un período anterior.
Factura La factura detalla un resumen de todos los gastos (fijos y puntuales) que se refieran al periodo
facturado.
Fecha prevista de pago Fecha de plazo límite para el pago de la factura. Tenga presente que cualquier saldo pendiente
que figure en su extracto de cuenta deberá pagarse inmediatamente.
Gastos fijos Estos gastos son cantidades mensuales fijas facturadas por adelantado.
Honorarios del pago tardío En caso de retraso en el pago, se generarán gastos adicionales. Por lo tanto, si el pago se
retrasa, se le cargará una cuota en su cuenta.
Pagos recibidos Todos los pagos que se hayan recibido desde la emisión de su última factura.
Saldo de la cuenta El saldo de la cuenta muestra la actividad reciente de su cuenta en un formato resumido.
Muestra el saldo que había al final de la fecha del resumen anterior y los pagos o ajustes que se
han recibido desde el último extracto. Puede encontrar el extracto de la cuenta en
www.myspacesworks.com. A continuación, se añade el valor de la factura actual para obtener la
cifra de Pago total pendiente.
Total a pagar La cantidad total a pagar representa la suma de todas las cantidades que aún tiene pendientes,
e incluye cualquier pago atrasado existente.
CARGOS ÚNICOS
Oficina por días Uso de una oficina por horas reservada en su cuenta online
Página 4",factura,1.0,economica|gasto|justificacion,False,True,False,,ACC-ADMINISTRACION-A0CC1B65E1,0.78,automatico,/Users/usuario/Desktop/PROFESIONAL/enGira/FINANCIACIÓN/SUBVENCIONES/MINISTERIO DE CULTURA/Industrias Culturales 25/JUSTIFICACION/datos_engira/08_JUSTIFICACION_ECONOMICA/CONTABILIDAD/GASTOS/4TR2025/SUMINISTROS/invoice.pdf
justificacion_economica,08_JUSTIFICACION_ECONOMICA/CONTABILIDAD/GASTOS/4TR2025/SUMINISTROS/Invoice-SIB-4109801.pdf,Invoice-SIB-4109801.pdf,.pdf,54388,documento,2025-11-25T02:30:30,1,,"0,00|0,00 €|129,40|129,40 €|180,09|180,09 €|25,31|25,31 €|50,69|50,69 €|64,60|64,60 €|76,00|76,00 €|89,91|89,91 €|94,00|94,00 €|€
1|€
180,09|€
75017|€ 0,00|€ 129,40|€ 180,09|€ 50,69",,,,"—
FACTURA
Factura # SIB-4109—801
Fecha de la factura n—ov 21, 2025
Sendinblue
17 rue Salneuve Importe de la factura 180,09 €
75017 Paris (EUR) —
France ID de cliente 8259129
RCS Paris 498 019 298
SAS au capital social de 388 177 euros PAGADO
SIRET 498 019 298 00112
FR80498019298
N.º de identificación de IVA : FR80498019298
FACTURADO A SU—SCRIPCIÓN
—
MARIA MORAL MORGADO ID marketing-eur-8259129
MARÍA JOSÉ MORAL MORGADO Período de facturación De nov 21, 2025 a
Calle Dr. Bellido 3, nov 21, 2026
MADRID, 28018
España
info@engira.art
N.º de identificación de IVA : ES46943079X
DESCRIPCIÓN PRECIO UNITARIO DESCUENTO SUBTOTAL IVA IMPORTE (EUR)
Marketing plan starter annual 76,00 € x 1 -25,31 € 50,69 € 0,00 € 50,69 €
Marketing plan starter annual
R ecurring email credits annual - -64,60 € 129,40 € 0,00 € 129,40 €
1 94,00 € por 20000 unidades
-89,91 € 180,09 € 0,00 € 180,09 €
Total 180,09 €
Pagos -180,09 €
EUR
Importe debido ( ) 0,00 €
180,09 € (EUR)
PAGOS
Se pagaron el 21 nov, 2025 20:30 CET con MasterCard que termina por 7592.
DESCUENTO
Brevo Friday - Black Friday offer 2025 aplicado a las partidas todo: 89,91 € (33,3 %).
NOTA DE EXENCIÓN DE IVA
VAT is not applicable to this invoice because a valid VAT registration number has been provided, and the reverse charge
mechanism has been applied.",factura,0.933,economica|gasto|justificacion,False,True,False,,ACC-ADMINISTRACION-A0CC1B65E1,0.78,automatico,/Users/usuario/Desktop/PROFESIONAL/enGira/FINANCIACIÓN/SUBVENCIONES/MINISTERIO DE CULTURA/Industrias Culturales 25/JUSTIFICACION/datos_engira/08_JUSTIFICACION_ECONOMICA/CONTABILIDAD/GASTOS/4TR2025/SUMINISTROS/Invoice-SIB-4109801.pdf
justificacion_economica,08_JUSTIFICACION_ECONOMICA/CONTABILIDAD/GASTOS/4TR2025/SUMINISTROS/Factura_FMPVAJI006XXXX.pdf,Factura_FMPVAJI006XXXX.pdf,.pdf,73002,documento,2025-10-23T14:07:30,2,28-08-2025,",071.31|0,00|0,0000 €|0,0000€|0,01|0,01€|0,15|0,24|0,2479€|0,27|0,27€|104,78|104,7815 €|108,33|108,3315 €|144,82|144,8201 €|175,23|175,23 €|178,78|178,78 €|21.00|3,28|3,28€|3,55|3,5500 €|30,41|30,4122 €|45,45|5,90|5,9098€|52,06|52,0661 €|6,15|6,1577 €|6,1577€|63,00|63,0000 €|7,45|7,4513 €|86,59|86,5963 €|€
5,9098|€
676953|€
6805|€
9121|€ 0,0000|€ 0,2479|€ 30,4122|€.",,,,"25 de Octubre de 2025 Página 1 de 4
Factura núm: FMPVAJI006**** (10 Sep - 09 Oct) Identificador único de acceso: 928508036505
Maria Jose *************
Calle Doctor *************************************
Titular: Maria Jose ************* 28018 Madrid
46***079X FMPVAJI006*****251025-004-E0-014-010364
CTA- 07
Calle Doctor *************************************
28018 Madrid
Total a pagar 178,78 €
miMovistar 63,0000 €
miConectividad 63,0000 € Mejor es cuando
todo está pensado para
Otras cuotas 108,3315 € hacer tu vida mejor.
Cuotas mensuales 3,5500 €
Cuotas ocasionales 104,7815 €
Consumos 7,4513 € SPKC0001
Mandaremos el recibo a tu cuenta de BANKINTER, S.A. a partir del 25 de
Octubre de 2025
Base imponible 144,8201 €
IVA(21.00 %)sobre 144,8201 € 30,4122 €
Total impuestos 30,4122 €
Total factura 175,23 €
Fuera de base imponible 3,5500 €
Total a pagar 178,78 €
Estamos a tu disposición,
App Mi Movistar movistar.es 638 10 1004 1004 gratuito movistar.es/citaprevia
estés donde estés
Partners tecnológicos de conectividad de Movistar
.47481028-A
.FIC
-ª1L
,071.31ºT
,6F
,081312-MªH
,dirdaM
ed
.M
.R
-dirdaM
31082
,82
aíV
narG
.U,A.S
,añapsE
ed
acinófeleT
25 de Octubre de 2025 251025-004-E0-014-010364-000002 Página 2 de 4
Factura núm: FMPVAJI006**** (10 Sep - 09 Oct) Identificador único de acceso: 928508036505
Resumen General sin Impuestos
miMovistar
miConectividad 52,0661 €
9121***05- Movistar Max (10 Sep a 09 Oct) 52,0661 €
676953***- Fibra 1 Gb* con llamadas ilimitadas a fijos
6805***63 Línea 5G+ con llamadas, SMS y GB ilimitados**
Línea 5G+ con 0 cts./min (45,455 cts. establ.) y GB ilimitados (5 GB
ultrarrápidos)** y 50 SMS
Por ser de Movistar: Movistar Plus+ Inicia, 1 dispositivo, Cloud ilimitado y
Protección Digital
* Ya tienes disponible la velocidad de hasta 1 Gb simétrico. Si aún no la disfrutas actívala
llamando al 900102505
Roaming en UE, Islandia, Liechtenstein, Noruega y Reino Unido (límite *58 GB|**8 GB)
misDispositivos
SAMSUNG Galaxy S21 FE 5G 128GB. Dispositivo Nivel RAT (10 Sep a 09 Oct)
Incluido de serie con miConectividad
Otras cuotas
Cuotas mensuales 3,5500 €
Seguro Movil cuota total mensual. Seguro Robo RR04 Póliza 2147279 28-08-2025.Prima neta 3,5500 €
de impuestos 3,28€. Impuestos aplicados 0,27€ (IPS: 8% sobre Prima Neta, LEA: 0,15%
sobre Prima Neta, CCS: 0,018% sobre capital máximo asegurado: 0,01€) (28 Ago)
*Este importe se computa fuera de la base imponible de esta factura
Cuotas ocasionales 86,5963 €
Gastos de Envío (16 Sep) 0,0000 €
Xiaomi 11T Pro. Interrupción anticipada arrendamiento (08 Sep) 86,5963 €
Consumos
Consumos dentro de base imponible 6,1577 €
Llamadas Mensajes Internet Contenidos
676953*** 5,9098€ 0,2479€ 0,0000€ - 6,1577€
6805***63 0,0000€ 0,0000€ 0,0000€ - 0,0000€
5,9098€ 0,2479€ 0,0000€ -",factura,0.8,economica|gasto|justificacion,False,True,False,,ACC-ADMINISTRACION-A0CC1B65E1,0.78,automatico,/Users/usuario/Desktop/PROFESIONAL/enGira/FINANCIACIÓN/SUBVENCIONES/MINISTERIO DE CULTURA/Industrias Culturales 25/JUSTIFICACION/datos_engira/08_JUSTIFICACION_ECONOMICA/CONTABILIDAD/GASTOS/4TR2025/SUMINISTROS/Factura_FMPVAJI006XXXX.pdf
justificacion_economica,08_JUSTIFICACION_ECONOMICA/CONTABILIDAD/GASTOS/4TR2025/SUMINISTROS/Factura_MMPVAKI001XXXX.pdf,Factura_MMPVAKI001XXXX.pdf,.pdf,65159,documento,2025-12-11T01:34:54,1,,"0,00|0,0000 €|1,38|1,3884 €|1,3884€|21.00|22,74|24,79|6,61|6,6116 €|6,6116€|8,00|8,00€|€
6614|€ 1,3884",52132987A,,,"Móvil
25 de Noviembre de 2025 Página 1 de 2
Factura núm: MMPVAKI001**** (10 Oct - 09 Nov)
Línea: 6614***23
Maria Jose *************
Calle Doctor *************************************
Titular: Maria Jose ************* 28018 Madrid
46***079X MMPVAKI001*****251125-004-E0-010-008155
CTA- 07
Calle Doctor *************************************
28018 Madrid
De un Vistazo
Cuotas mensuales 6,6116 €
6614***23 Línea Adicional Ilimitada Base (10 Oct a 09 Nov) 6,6116 €
- Datos móviles: 20 GB ultrarrápidos 5G+ (después,
datos ilimitados a 2 Mb sin coste adicional)
- Llamadas nacionales ilimitadas
- SMS nacionales: 24,793 cts./SMS
Ten en cuenta:
- Incluye roaming en UE, Reino Unido, Noruega, Islandia y
Liechtenstein, con un límite de 25 GB/mes
- Llamadas internacionales, de tarificación especial y
servicios premium no incluidos
Consumos 0,0000 €
Llamadas 78 142m 06s 0,0000 €
Internet 198 22,74 GB 0,0000 €
Mensajes 3 0,0000 €
Impuestos 1,3884 €
Base imponible 6,6116€
IVA(21.00 %)sobre 6,6116 € 1,3884€
Total factura 8,00€
Total a pagar 8,00€
Mandaremos el recibo a tu cuenta de BANKINTER, S.A. a partir del 25 de
Noviembre de 2025
Estamos a tu disposición,
App Mi Movistar movistar.es 638 10 1004 1004 gratuito movistar.es/citaprevia
estés donde estés
Partners tecnológicos de conectividad de Movistar
52132987A
.F.I.C
-
ª1
.snI
.62258
ªH
.29
ºF
.sedadeicoS
ed
orbiL
ed
ª3
nóicceS
.4087
.larG
.8598
ºT
.dirdaM
ed
.M
.R
.dirdaM
-
05082
.3
ruS
oicifidE
.C
otirtsiD
.n/s
nóicacinumoC
al
ed
adnoR
.)lanosrepinU
dadeicoS(
.A.S
,añapsE
selivóM
acinófeleT",factura,0.8,economica|gasto|justificacion,False,True,False,,ACC-ADMINISTRACION-A0CC1B65E1,0.78,automatico,/Users/usuario/Desktop/PROFESIONAL/enGira/FINANCIACIÓN/SUBVENCIONES/MINISTERIO DE CULTURA/Industrias Culturales 25/JUSTIFICACION/datos_engira/08_JUSTIFICACION_ECONOMICA/CONTABILIDAD/GASTOS/4TR2025/SUMINISTROS/Factura_MMPVAKI001XXXX.pdf
justificacion_economica,08_JUSTIFICACION_ECONOMICA/CONTABILIDAD/GASTOS/4TR2025/SUMINISTROS/Factura_FMPVAKI003XXXX.pdf,Factura_FMPVAKI003XXXX.pdf,.pdf,72730,documento,2025-12-11T01:35:00,2,10-09-2029|28-09-2025,",071.31|0,00|0,0000€|0,01|0,01€|0,15|0,27|0,27€|0,85|0,8546€|11,78|11,7816 €|21.00|3,18|3,1822€|3,28|3,28€|3,55|3,5500 €|4,03|4,0368 €|4,0368€|4,88|4,8848 €|45,45|52,06|52,0661 €|56,10|56,1029 €|63,00|63,0000 €|67,88|67,88 €|71,43|71,43 €|€
4,0368|€
676953|€
6805|€
9121|€ 0,0000|€ 11,7816|€.",,,,"25 de Noviembre de 2025 Página 1 de 5
Factura núm: FMPVAKI003**** (10 Oct - 09 Nov) Identificador único de acceso: 928508036505
Maria Jose *************
Calle Doctor *************************************
Titular: Maria Jose ************* 28018 Madrid
46***079X FMPVAKI003*****251125-004-E0-017-005204
CTA- 07
Calle Doctor *************************************
28018 Madrid
Total a pagar 71,43 €
miMovistar 63,0000 €
miConectividad 63,0000 € Mejor es cuando
todo está pensado para
Otras cuotas 3,5500 € hacer tu vida mejor.
Cuotas mensuales 3,5500 €
Consumos 4,8848 €
SPKC0001
Mandaremos el recibo a tu cuenta de BANKINTER, S.A. a partir del 25 de
Noviembre de 2025
Base imponible 56,1029 €
IVA(21.00 %)sobre 56,1029 € 11,7816 €
Total impuestos 11,7816 €
Total factura 67,88 €
Fuera de base imponible 3,5500 €
Total a pagar 71,43 €
Estamos a tu disposición,
App Mi Movistar movistar.es 638 10 1004 1004 gratuito movistar.es/citaprevia
estés donde estés
Partners tecnológicos de conectividad de Movistar
.47481028-A
.FIC
-ª1L
,071.31ºT
,6F
,081312-MªH
,dirdaM
ed
.M
.R
-dirdaM
31082
,82
aíV
narG
.U,A.S
,añapsE
ed
acinófeleT
25 de Noviembre de 2025 251125-004-E0-017-005204-000002 Página 2 de 5
Factura núm: FMPVAKI003**** (10 Oct - 09 Nov) Identificador único de acceso: 928508036505
Resumen General sin Impuestos
miMovistar
miConectividad 52,0661 €
9121***05- Movistar Max (10 Oct a 09 Nov) 52,0661 €
676953***- Fibra 1 Gb* con llamadas ilimitadas a fijos
6805***63 Línea 5G+ con llamadas, SMS y GB ilimitados**
Línea 5G+ con 0 cts./min (45,455 cts. establ.) y GB ilimitados (5 GB
ultrarrápidos)** y 50 SMS
Por ser de Movistar: Movistar Plus+ Inicia, 1 dispositivo, Cloud ilimitado y
Protección Digital
* Ya tienes disponible la velocidad de hasta 1 Gb simétrico. Si aún no la disfrutas actívala
llamando al 900102505
Roaming en UE, Islandia, Liechtenstein, Noruega y Reino Unido (límite *58 GB|**8 GB)
misDispositivos
SAMSUNG Galaxy S21 FE 5G 128GB. Dispositivo Nivel RAT . Hasta el 10-09-2029 (10 Oct a
09 Nov)
Incluido de serie con miConectividad
Otras cuotas
Cuotas mensuales 3,5500 €
Seguro Movil cuota total mensual. Seguro Robo RR04 Póliza 2147279 28-09-2025.Prima neta 3,5500 €
de impuestos 3,28€. Impuestos aplicados 0,27€ (IPS: 8% sobre Prima Neta, LEA: 0,15%
sobre Prima Neta, CCS: 0,018% sobre capital máximo asegurado: 0,01€) (28 Sep)
*Este importe se computa fuera de la base imponible de esta factura
Consumos
Consumos dentro de base imponible 4,0368 €
Llamadas Mensajes Internet Contenidos
676953*** 3,1822€ - 0,0000€ - 3,1822€
6805***63 0,8546€ 0,0000€ 0,0000€ - 0,8546€
4,0368€ 0,0000€ 0,0000€ -",factura,0.8,economica|gasto|justificacion,False,True,False,,ACC-ADMINISTRACION-A0CC1B65E1,0.78,automatico,/Users/usuario/Desktop/PROFESIONAL/enGira/FINANCIACIÓN/SUBVENCIONES/MINISTERIO DE CULTURA/Industrias Culturales 25/JUSTIFICACION/datos_engira/08_JUSTIFICACION_ECONOMICA/CONTABILIDAD/GASTOS/4TR2025/SUMINISTROS/Factura_FMPVAKI003XXXX.pdf
justificacion_economica,08_JUSTIFICACION_ECONOMICA/CONTABILIDAD/GASTOS/4TR2025/SUMINISTROS/INV328281907.pdf,INV328281907.pdf,.pdf,775613,documento,2025-11-03T04:23:38,3,02/12/2025|03/11/2025,"0,00|15,99|82,00|97,99|EUR 0,00|EUR 15,99|EUR 82,00",,,,"Factura
Zoom Communications, Inc.
55 Almaden Blvd, 6th Floor
San Jose, CA 95113
Fecha de la factura: 03/11/2025
Núm. de factura: INV328281907 Número de orden de compra:
Condiciones de pago: Pagadero al momento de la recepción
Fecha de vencimiento: 03/11/2025 Número de IVA/identificación fiscal del cliente:
Número de cuenta: 5140523614 ES46943079X
Moneda: EUR
Forma de pago: AmericanExpress ******     2000
Información de la cuenta: Maria José Moral Morgado Inversión del sujeto pasivo
Zoom W 9
Dirección del solicitante: Calle del Doctor Bellido, 3, 28018 Madrid,
Madrid, Comunidad de Madrid 28018
Spain
distribucion@zeenaproducciones.com
Dirección de facturación: Calle del Doctor Bellido, 3, 28018 Madrid,
Madrid, Comunidad de Madrid 28018
Spain
distribucion@zeenaproducciones.com
Detalles del cargo
Impuestos, tasas y
Descripción del cargo Período de suscripción Subtotal Total
recargos
Nombre del cargo: Zoom
Workplace Pro Monthly
03/11/2025   02/12/2025 15,99 EUR 0,00 EUR 15,99 EUR
Cantidad: 1
Precio unitario: 15,99
Nombre del cargo: Webinar
300   1 Month
03/11/2025   02/12/2025 82,00 EUR 0,00 EUR 82,00 EUR
Cantidad: 1
Precio unitario: 82,00
Subtotal 97,99 EUR
Total (incluidos impuestos, tasas y recargos) 97,99 EUR
Saldo de la factura 0,00 EUR
Detalles de impuestos, tasas y cargos
Nombre del
Monto del impuesto, tasa
Nombre del cargo impuesto, tasa o Jurisdicción Monto del cargo
o recargo
recargo
Total de impuestos, tasas y recargos 0,00 EUR
Transacciones
Total de la factura 97,99 EUR
Fecha de la
Número de transacción Tipo de transacción Descripción Importe aplicado
transacción
03/11/2025 P 386119941 Payment - 97,99 EUR
Saldo de la factura 0,00 EUR
¿Necesita ayuda para entender su factura? Haga clic aquí
Zoom One cambia su marca a Zoom Workplace. Este nuevo nombre no afecta sus servicios.
Tenga en cuenta que ZoomIQ for Sales ahora se llama Zoom Revenue Accelerator. Sus servicios seguirán siendo los
mismos y este cambio de nombre no modifica el precio de su suscripción actual.
Este plan incluye productos con períodos de suscripción mensuales o anuales. El período de suscripción para
cada plan y el cargo total, 97,99 EUR (más los impuestos y las tasas reglamentarias aplicables), por período de
suscripción para ese producto se indican más arriba en la sección Detalles del cargo. A menos que las cancele,
sus suscripciones se renovarán automáticamente cada período de suscripción, y cada período de suscripción
posterior, a los precios indicados anteriormente (más los impuestos y las tasas reglamentarias aplicables en el
momento de la renovación) y se cargará su método de pago registrado en zoom.us/billing. Puede cancelar la
renovación automática en cualquier momento, pero debe hacerlo antes del último día de su período de
suscripción actual para evitar que se le cobre el siguiente período de suscripción. No podrá cancelar su ''plan
básico''  Zoom Meetings, Zoom Phone o Zoom Rooms) sin cancelar primero todas las demás suscripciones de
su plan. Si cancela, no recibirá un reembolso por el resto del periodo de suscripción vigente en ese momento.
Para cancelarla, vaya a zoom.us/billing y haga clic en Cancelar suscripción. Siga haciendo clic en los avisos que
aparecen y, a continuación, haga clic para confirmar la cancelación. En el caso de que Zoom cambie sus
precios, se lo notificará y es posible que se le cobre el nuevo precio para la siguiente suscripción.",factura,0.533,economica|gasto|justificacion,False,True,False,,ACC-ADMINISTRACION-A0CC1B65E1,0.78,automatico,/Users/usuario/Desktop/PROFESIONAL/enGira/FINANCIACIÓN/SUBVENCIONES/MINISTERIO DE CULTURA/Industrias Culturales 25/JUSTIFICACION/datos_engira/08_JUSTIFICACION_ECONOMICA/CONTABILIDAD/GASTOS/4TR2025/SUMINISTROS/INV328281907.pdf
justificacion_economica,08_JUSTIFICACION_ECONOMICA/CONTABILIDAD/GASTOS/4TR2025/COMERCIALIZACIÓN/Invoice_2025_0054_Big_Bang_TA25.pdf,Invoice_2025_0054_Big_Bang_TA25.pdf,.pdf,70405,documento,2025-11-05T01:22:26,1,04/11/2025|22/11/2025|23/11/2025,"0.00|0.00 €|05.45|10 €|10.00|10.00 €|18.00|2.00|2.00€|20.00|20.00€|22.00|22.00€|6 €|6.00|6.00 €|€
1|€
3|€ 0.00|€ 10|€ 10.00|€ 22.00|€ 6|€ 6.00",46943079X|B17310947,,,"Factura nº: 2025-0054
Data: 04/11/2025
Venciment: --
Empresa emisora Facturar a
Nom empresa: BITO PRODUCCIONS S.L. Maria Jose Moral Morgado
CIF / NIF: B17310947 46943079X
Direcció: PATI DEL TEATRE, 2 Calle Doctor Bellido , 3
Localitat: SALT (GIRONA) Madrid (Madrid)
CP: 17190 28018
COMPRES
Concepte Despeses Descompte PVP Total
1 BIG BANG - Inhale Delirium Exhale - 22/11/2025 20.00 h - Zona A - Platea - BIG BANG - (8-12) 0.00 € 0.00 € 6.00 € 6 €
1 BIG BANG - Seppuku. El funeral de Mishima o el placer de morir - 23/11/2025 05.45 h - Zona A - GRADA - BIG BANG - (8-5) 0.00 € 0.00 € 10.00 € 10 €
1 BIG BANG - Ayoub - 22/11/2025 18.00 h - ZONA A - GENERAL - BIG BANG 0.00 € 0.00 € 6.00 € 6 €
3
DESGLOSSAMENT DIMPOSTOS
Base IVA Total + IVA Total
20.00€ 10.00% 2.00€ 22.00€
TOTAL FACTURA 22.00€
Forma de pagament Quantitat
Targeta de crèdit 1 22.00€
Powered by TCPDF (www.tcpdf.org)",factura,0.933,economica|gasto|justificacion,False,True,False,,ACC-ADMINISTRACION-A0CC1B65E1,0.78,automatico,/Users/usuario/Desktop/PROFESIONAL/enGira/FINANCIACIÓN/SUBVENCIONES/MINISTERIO DE CULTURA/Industrias Culturales 25/JUSTIFICACION/datos_engira/08_JUSTIFICACION_ECONOMICA/CONTABILIDAD/GASTOS/4TR2025/COMERCIALIZACIÓN/Invoice_2025_0054_Big_Bang_TA25.pdf
justificacion_economica,08_JUSTIFICACION_ECONOMICA/CONTABILIDAD/GASTOS/4TR2025/COMERCIALIZACIÓN/Invoice_2025_0055_Big_Bang_TA25.pdf,Invoice_2025_0055_Big_Bang_TA25.pdf,.pdf,70261,documento,2025-11-05T01:22:24,1,04/11/2025|23/11/2025,"0.00|0.00 €|0.82|0.82€|10.00|12.00|18.00|3 €|3.00|3.00 €|6 €|6.00|6.00 €|8.18|8.18€|9.00|9.00€|€
1|€
2|€ 0.00|€ 10.00|€ 3|€ 3.00|€ 6|€ 6.00|€ 9.00",46943079X|B17310947,,,"Factura nº: 2025-0055
Data: 04/11/2025
Venciment: --
Empresa emisora Facturar a
Nom empresa: BITO PRODUCCIONS S.L. Maria Jose Moral Morgado
CIF / NIF: B17310947 46943079X
Direcció: PATI DEL TEATRE, 2 Calle Doctor Bellido, 3
Localitat: SALT (GIRONA) Madrid (Madrid)
CP: 17190 28018
COMPRES
Concepte Despeses Descompte PVP Total
1 BIG BANG - Imprenteros - 23/11/2025 12.00 h - GENERAL - General - BIG BANG - (6-7) 0.00 € 0.00 € 3.00 € 3 €
1 BIG BANG - Cèl·lula #6: Faula - 23/11/2025 18.00 h - Zona A - Grada - BIG BANG - (3-11) 0.00 € 0.00 € 6.00 € 6 €
2
DESGLOSSAMENT DIMPOSTOS
Base IVA Total + IVA Total
8.18€ 10.00% 0.82€ 9.00€
TOTAL FACTURA 9.00€
Forma de pagament Quantitat
Targeta de crèdit 1 9.00€
Powered by TCPDF (www.tcpdf.org)",factura,0.933,economica|gasto|justificacion,False,True,False,,ACC-ADMINISTRACION-A0CC1B65E1,0.78,automatico,/Users/usuario/Desktop/PROFESIONAL/enGira/FINANCIACIÓN/SUBVENCIONES/MINISTERIO DE CULTURA/Industrias Culturales 25/JUSTIFICACION/datos_engira/08_JUSTIFICACION_ECONOMICA/CONTABILIDAD/GASTOS/4TR2025/COMERCIALIZACIÓN/Invoice_2025_0055_Big_Bang_TA25.pdf
justificacion_economica,08_JUSTIFICACION_ECONOMICA/CONTABILIDAD/GASTOS/4TR2025/COMERCIALIZACIÓN/Captura de pantalla 2025-11-25 a las 11.29.12.png,Captura de pantalla 2025-11-25 a las 11.29.12.png,.png,185909,imagen,2025-11-25T02:29:24,,,,,,,,fotografía,1.0,comunicacion|economica|evidencia|gasto|justificacion,True,True,False,,ACC-ADMINISTRACION-A0CC1B65E1,0.78,automatico,/Users/usuario/Desktop/PROFESIONAL/enGira/FINANCIACIÓN/SUBVENCIONES/MINISTERIO DE CULTURA/Industrias Culturales 25/JUSTIFICACION/datos_engira/08_JUSTIFICACION_ECONOMICA/CONTABILIDAD/GASTOS/4TR2025/COMERCIALIZACIÓN/Captura de pantalla 2025-11-25 a las 11.29.12.png
justificacion_economica,08_JUSTIFICACION_ECONOMICA/CONTABILIDAD/GASTOS/4TR2025/DIETAS/BDC-6790184301-invoice-2847.pdf,BDC-6790184301-invoice-2847.pdf,.pdf,31468,documento,2025-10-27T01:35:16,1,,"105,60|19,20|211,20|EUR
21|EUR
22|EUR 1",46943079X|B47797519,,,"Factura
Ferrari Suites
Número de factura: 2847
Ferrari Suites
Fecha de la factura: 25 oct 2025
Avenida Calderón de la Barca, 69
Boecillo
Pagada Valladolid 47151
España
Maria José Moral Morgado 679462334
679462334
46943079X
reservas@ferrarisuites.es
Calle Dr Bellido 3
MADRID 28018 Nairaalb 114 SL: B47797519
NIF-CIF: B47797519
Número de reserva: BDC-6790184301
Estado de la reserva: Salida efectuada
Llegada: 21 oct 2025 Adultos: 2
Salida: 23 oct 2025 Niños: 0
noches: 2 Bebés: 0
Fecha: Descripción: Precio unitario: Cantidad: Impuestos: Importe:
21 oct 2025 Ferrari 1 (Apartamento Ferrari Standard) 105,60 EUR 1 10.0% 105,60 EUR
22 oct 2025 Ferrari 1 (Apartamento Ferrari Standard) 105,60 EUR 1 10.0% 105,60 EUR
21 oct 2025 Pago - MasterCard EUR -211,20 EUR -211,20
Importe total: 211,20 EUR
(Total con impuestos:) 19,20 EUR
Recargos: 0 EUR
Pagos totales: EUR -211,20
Reembolsos: 0 EUR
Pago pendiente: 0 EUR
Desglose del importe:
10.0% Impuestos 19,20 EUR Total (sin imp.) 192 EUR
Política de pago:
Nairaalb 114 SL es Responsable del tratamiento de conformidad con el GDPR y la LOPDGDD. Puede ver la politica de privacidad en
www.ferrarisuites.es y ejercer sus derechos en info@ferrarisuites.es
Nairaalb 114 SL: B47797519 Página 1 de 1",factura,0.933,economica|gasto|justificacion,False,True,False,,ACC-ADMINISTRACION-A0CC1B65E1,0.78,automatico,/Users/usuario/Desktop/PROFESIONAL/enGira/FINANCIACIÓN/SUBVENCIONES/MINISTERIO DE CULTURA/Industrias Culturales 25/JUSTIFICACION/datos_engira/08_JUSTIFICACION_ECONOMICA/CONTABILIDAD/GASTOS/4TR2025/DIETAS/BDC-6790184301-invoice-2847.pdf
justificacion_economica,08_JUSTIFICACION_ECONOMICA/CONTABILIDAD/GASTOS/4TR2025/DIETAS/Adobe Scan 21 oct 2025.pdf,Adobe Scan 21 oct 2025.pdf,.pdf,297576,documento,2025-10-22T02:52:44,1,21/10/2025,"0,00|0,00 €|0,85|2,00|2,00 €|2,10|2,10 €|3,50|3,50 €|70 €|8,45|9,30|9,30 €|€
1",46943079X,,,"\fA IJCARCE
~~·j
• , Al
!SAN VICENTE
VALCARCE SAN VICENTE, SL
AUTOVIh A6, SALIDAS 419-420
24S2L LA PORT~LA DE VALCARCE (LEON)
CIF: 867813469
39
FACT.SIMPLIFIGADA 21/10/2025 9:58:
RVA/7 4L'.421
46943079X
MARIA JOSE MORAL MORGADO
007165
C DOCTOR BELLIDO 3
28018 MADRID
MADRID
UDS DESCRIPCION PVP IMPORTE
----------------------------------------
1 CAFE LECHE GR 2,10 2,10 €
CAFE 1, 70 1, 70 €
1l PINCHO TORTILLA 3,50 3,50 €
ENT TOTADh MERMEL. 2,00 2,00 €
=======-----====-===================---===
9,30 €
BASE IMP IVA CUOTA lOl~l
8,45 10% 0,85 CAMBIO
ENTREGADO
0,00 €
VISA 9 30
'
SALA:11 MESA:242
ATIENDE:VERONICA
*** GRACIAS POR SU VISITA***
LES ESPERAMOS EN
AUTOVIA A6, SALIDA 147
47493 S.VICENTE DEL PALACIO (VALLADOLID)
983 103120 sanvicente@grupovalcarce.com
Los datos facilitados se usarán exclusiva
mente para desenvolvimiento Y prestación
del servicio de alojamiento y/o restaura
ción solicitados. Se conservarán por la em
presa durante el plazo necesario cumplien
do las obligaciones legales definidas en
Reg. (EU) 2016/679, _Los datos facilitados
no serán cedidos a ningun tercero salvo ne
cesidad legal, No obstante, le informamos
que podrá. ejercer sus ~:rechos ~e acceso
rect if i c,.c i ón, canee 1a c 10n, . opas, ei ón' l ; -
mitación Y por~a~i~idad mediante comunica
ción escrita ci1r1g1da al R~sponsable del
Tratamiento con la referencia en el asu t
""Ejercicio de derechos - Protec~ión Da/~
A la dirección de correo electronlco: os
protecciondedatos@gruPovalcarce.com",transferencia,0.133,economica|gasto|justificacion|pago,False,True,True,,ACC-ADMINISTRACION-A0CC1B65E1,0.78,automatico,/Users/usuario/Desktop/PROFESIONAL/enGira/FINANCIACIÓN/SUBVENCIONES/MINISTERIO DE CULTURA/Industrias Culturales 25/JUSTIFICACION/datos_engira/08_JUSTIFICACION_ECONOMICA/CONTABILIDAD/GASTOS/4TR2025/DIETAS/Adobe Scan 21 oct 2025.pdf
justificacion_economica,08_JUSTIFICACION_ECONOMICA/CONTABILIDAD/GASTOS/4TR2025/DIETAS/factura 10a.pdf,factura 10a.pdf,.pdf,219681,documento,2025-10-24T01:58:30,1,,,,,,,factura,0.667,economica|gasto|justificacion,False,True,False,,ACC-ADMINISTRACION-A0CC1B65E1,0.78,automatico,/Users/usuario/Desktop/PROFESIONAL/enGira/FINANCIACIÓN/SUBVENCIONES/MINISTERIO DE CULTURA/Industrias Culturales 25/JUSTIFICACION/datos_engira/08_JUSTIFICACION_ECONOMICA/CONTABILIDAD/GASTOS/4TR2025/DIETAS/factura 10a.pdf
justificacion_economica,08_JUSTIFICACION_ECONOMICA/CONTABILIDAD/GASTOS/4TR2025/DIETAS/Adobe Scan 23 oct 2025.pdf,Adobe Scan 23 oct 2025.pdf,.pdf,347003,documento,2025-10-24T01:58:04,1,,,,,,"- u ► -
..
FA C T U R A
...____IN.º- ---""'
Z3 j_o
FECHA·. I
N.1.F.:
4b°t l/
3J4?X PAGO:
CLIENTE r
f\;1M1~ ~ w
00s-i"" ~ L
DOuMICIL~IO .
is t; Lu m 3 POBLACION fVVtvrZ/D
CANTIDAD CODIGO REFERENCIA - ARTICULO PRECIO IMPORTE
'
~1 Me~1
I
f~l
,-. ... ,~ A ~
~ v-
~ané!IIC~,S
2ei~~iili0 (MAOñ --~
LJJ
• '
Tetéft>no: 91 899 00 83
N.I.F 52619d""-M -]
~---.,.>.. ~
~~V
i(;0/ /
-
'-. ....
'W""
/ -
/
BASE
TOTAL BRUTO %OTO. %1.V.A. %A.E. TOTAL
IMPONIBLE
21",presupuesto,0.4,administracion|economica|gasto|justificacion,False,True,False,,ACC-ADMINISTRACION-A0CC1B65E1,0.78,automatico,/Users/usuario/Desktop/PROFESIONAL/enGira/FINANCIACIÓN/SUBVENCIONES/MINISTERIO DE CULTURA/Industrias Culturales 25/JUSTIFICACION/datos_engira/08_JUSTIFICACION_ECONOMICA/CONTABILIDAD/GASTOS/4TR2025/DIETAS/Adobe Scan 23 oct 2025.pdf
justificacion_economica,08_JUSTIFICACION_ECONOMICA/CONTABILIDAD/GASTOS/4TR2025/DIETAS/Adobe Scan 24 oct 2025.pdf,Adobe Scan 24 oct 2025.pdf,.pdf,193373,documento,2025-10-24T03:06:52,1,21/10/2025,"0,00|0,00 €|2,80|4,77|47,73|47,73 €|52,50|52,50 €|6,00",46943079X,,,"/
/
BUGA
RAMEN
7' -Jj 7 - )l.:,..,
~~~A ~A~t~ ~AllAílílllíl, ~.l.
CIF: B-~69/89B4
PLAZA MAYOR 6
VALLADOLID 47001
TLF: 983043f>21
~AlA ~AllA~~lI~/1~
21/10/202~
LI l l
Uds. Producto Importe
02. - l ORI ·CHA~I IU 11 ,HU f
11. - SPICY EBI ~RY
1t , llt l €
(;. NIVEL 2
1 08.- MALA CHICKEN 11,tJO t
c. NIVEL 3
1 ESTRELLA GALICIA 2,80 t
2 COPA VINO 6,00
t:
1 50.- GYOZA CEROO ~.2U f
>> Doc. Relacionddo: 109-23244
>> F. Negocio: 21/10/2025
>> Fecha: 21/10/2025 22:18
10~: Base: 47,73 l Cuota: 4,7/ f ,
lota 1: 47,73 € Total: 4,77 t
letal (Impuestos Incl.) ót,ó~ €
Entregado: 52,50 € Cambio: 0,00 €
Tarjeta 52, !10 t:
Cliente: MARIA ,!OSE MOHAI MORf~AIIO
NIF/CIF: 46943079X
Tlf.:
Dom.: CALLE DOCTOR BEL! lUO NlJMíRO'.l
Pob.: MADRID CP: 7GUJ8
Prov.: MADRID",presupuesto,0.267,administracion|economica|gasto|justificacion,False,True,False,,ACC-ADMINISTRACION-A0CC1B65E1,0.78,automatico,/Users/usuario/Desktop/PROFESIONAL/enGira/FINANCIACIÓN/SUBVENCIONES/MINISTERIO DE CULTURA/Industrias Culturales 25/JUSTIFICACION/datos_engira/08_JUSTIFICACION_ECONOMICA/CONTABILIDAD/GASTOS/4TR2025/DIETAS/Adobe Scan 24 oct 2025.pdf
justificacion_economica,08_JUSTIFICACION_ECONOMICA/CONTABILIDAD/GASTOS/4TR2025/DIETAS/Adobe Scan 24 oct 2025 (1).pdf,Adobe Scan 24 oct 2025 (1).pdf,.pdf,49894,documento,2025-10-27T01:06:02,1,22/10/2025,"0,43|1,40|1,84|1,90|10,00|16,95|18,41|2,07|2,50|21,00|22,75",46943079X,,,"EFERMA TAPAS V VINOS SL
C/ LOS MOLINOS 5
47 001-VALLADOLID
VALLADOLID
C.I.F. 844855294
CLIENTE:
MARIA JOSÍ MORAL MORGADO
CALLE DOCTOR BELLIDO 3
28 018-MADRID
MADRID
C.I.F. 46943079X
22/10/2025 - 15:08 MESA: 2
Fact. Slmpllflcada n•: T/10742 • 1.V.A. INCLUIDO -
le atendió: RAMON
CANT. ARTICULO PRECIO IMPORTE
PAX
PAN 1,40 1,40
ERRE RUEDA 2,50 2,50
CARRILLERAS 16,95 16,95
CAFt COMEDOR 1,90 1,90
TOTAL IMPORTE: 22,75{
PAGO CON TARJETA: TARJETA
IVA Base Imponible Importe IVA
21,00"" 2,07 0,43
10,00"" 18,41 1,84
••• GRACIAS POR SU VISITA•••",presupuesto,0.533,administracion|economica|gasto|justificacion,False,True,False,,ACC-ADMINISTRACION-A0CC1B65E1,0.78,automatico,/Users/usuario/Desktop/PROFESIONAL/enGira/FINANCIACIÓN/SUBVENCIONES/MINISTERIO DE CULTURA/Industrias Culturales 25/JUSTIFICACION/datos_engira/08_JUSTIFICACION_ECONOMICA/CONTABILIDAD/GASTOS/4TR2025/DIETAS/Adobe Scan 24 oct 2025 (1).pdf
justificacion_economica,08_JUSTIFICACION_ECONOMICA/CONTABILIDAD/GASTOS/4TR2025/DIETAS/BPBLO_invoice_TB2504602_20251122_235002.pdf,BPBLO_invoice_TB2504602_20251122_235002.pdf,.pdf,445317,documento,2025-11-25T02:29:34,1,22/11/2025|23/11/2025,"0.00|0.00€|10.00|7.99|7.99€|79.95|79.95€|87.94|87.94€|€
23|€ 87.94",46943079X|B17500299,,,"SERIE FACTURA FECHA
TB 2504602 23/11/2025
OCUPANTE PAX FACTURAR A:
Moral Maria 1 Moral Morgado, Maria Jose
LOCALIZADOR CÓDIGO/RESERVA 46943079X
BPBLO00440460/457517 457517 / 440460
Calle del Doctor Bellido, 3
LLEGADA SALIDA
28018Madrid (SPAIN)
22/11/2025 23/11/2025
HABITACIÓN U DECLARATIVA Nº BONO
6827902117
FECHA DESCRIPCIÓN CANTI % PRECIO CARGOS PAGOS
22/11/2025 Individual Sólo Alojamiento 1 10.00 87.94€ 87.94€
23/11/2025 Booking.com crédito 1 0.00 87.94€ 87.94€
DETALLES BANCARIOS
IBAN/SWIFT: ES61 0182 2342 1102 0175 2996/BBVAESMM
TOTAL CARGOS 87.94€
BASE 79.95€
Base 79.95€ IVA 10% 7.99€ TOTAL PAGOS 87.94€
TOTAL 87.94€
A PAGAR 0.00€
HOTEL RESIDENCIA CONDAL, SL - B17500299 es el Responsable del tratamiento de los datos personales del Interesado y le informa que estos datos serán tratados de conformidad con lo dispuesto en
las normativas vigentes en protección de datos personales, el Reglamento (UE) 2016/679 y la Ley Orgánica 3/2018 de 5 de diciembre (LOPDGDD), con la finalidad de prestación de servicios
profesionales. Los datos se conservarán mientras exista un interés mutuo para la finalidad descrita. Así mismo, se cederán los datos para cumplir con la finalidad del tratamiento y con las obligaciones
legales que pudieran derivarse de la relación contractual. El Interesado puede ejercer sus derechos de acceso, rectificación, portabilidad y supresión de sus datos y a la limitación u oposición a su
tratamiento dirigiendo un escrito a: lopd@bypillow.com
BYPILLOW The Bloom | HOTEL RESIDENCIA CONDAL, SL | CIF B17500299 | Joan Maragall, 10, 17002 - Girona | thebloom@bypillow.com | www.bypillow.com",factura,0.667,economica|gasto|justificacion,False,True,False,,ACC-ADMINISTRACION-A0CC1B65E1,0.78,automatico,/Users/usuario/Desktop/PROFESIONAL/enGira/FINANCIACIÓN/SUBVENCIONES/MINISTERIO DE CULTURA/Industrias Culturales 25/JUSTIFICACION/datos_engira/08_JUSTIFICACION_ECONOMICA/CONTABILIDAD/GASTOS/4TR2025/DIETAS/BPBLO_invoice_TB2504602_20251122_235002.pdf
justificacion_economica,08_JUSTIFICACION_ECONOMICA/CONTABILIDAD/GASTOS/4TR2025/DIETAS/dietas 2.pdf,dietas 2.pdf,.pdf,418049,documento,2026-01-02T13:36:26,2,,"3,30|6,30",,,,"TIRO •
SPACE
J
EPH ARTURO soRIA SL
MADRID
C/ARTURO SORIA 126 _ 20043
CI F: B883~)S037
1 PINCHO TORTILLA +CAFE/INFUS 5 50
1
2, 30
1 SUPLEMENTO ZUMO
Total--------------- 7 JJBO
.
7 ,
DA f AF ONO ... , .....•••••• , • • • • • • • • • • • • SO
- -- - - - -
.... ..
- --
--
------------ ,. .~• .,. --- __,...., ~
' I VA 1O "" 7, 09 - - - -· -· •• - -
; Facturación neta.•••••,,....... O, 71
o
·t al . . . . . . . . . . . . . . . . . . . . . • • • • • • •7 9·
... To,
. • • • _ • '
""\ -- ---------------·---- ... -•- • • • • •• 7 , 80
----- -
-- ---
-~
4
ra . s; mP 1i f i cada : 1-1/ 8096 - - - - -
, ¡:
Fe~ha/Hor
Ticket
- ~r. Caja
2411
1/202~/Turno
49609
00001
001
su
GRACIAS POR VJsr ✓ 11 :07, '
· · ' TA : 7
◄
(j
lll
~ :
1
BAR
~ENIO!t
,.., 5~
. . .
c,o,~
. 1
uAA 3
•
ARAMA
HOSTELERIA.Y A~5í.A 6-43 oO
~AO~IC
~~coN -
CIB:
856698228.
T~rr-J:
5
C/ CISNEROS, 45
-28922.A~C
',¡(¡/20
7
2
' 11f 1
12:
Fra Sim:
00001TB00275596
pechS·
Le
Atendió: CLAIN
~,_,,
.
-- --.. --~~-,-
,,,_~
precio
3,
Unid ..
D!S~fipción --·---~/.-- 3
,00
3,30
30
1 1 Z P U IN M C O H N O A D TU E R T A OR L T . ILLA 3 _'_ ____ ____..---
Base
o/,;ivÁ··rotal IVA -
57
s,
73
10,oo-- 0,
6,30
~------
T
---
O
---
T
--..
A
....
L
..- -:.-- _ _ ..,__,....-,,. ...... ~-~- ....
_ _
, _
______
6
_
.3
_
0
Tarjeta
Gracias por su
Visita",factura_gasto_viaje,0.6,actividad|economica|gasto|justificacion,False,True,False,,ACC-ADMINISTRACION-A0CC1B65E1,0.78,automatico,/Users/usuario/Desktop/PROFESIONAL/enGira/FINANCIACIÓN/SUBVENCIONES/MINISTERIO DE CULTURA/Industrias Culturales 25/JUSTIFICACION/datos_engira/08_JUSTIFICACION_ECONOMICA/CONTABILIDAD/GASTOS/4TR2025/DIETAS/dietas 2.pdf
justificacion_economica,08_JUSTIFICACION_ECONOMICA/CONTABILIDAD/GASTOS/4TR2025/LEGAL/FACTURA 25032622R.pdf,FACTURA 25032622R.pdf,.pdf,50794,documento,2025-10-29T05:17:48,1,07/10/2026|08/10/2025|11/10/2025|27/10/2025,"0,00|0,00 €|182,00|182,00 €|20,00|20,00 €|220,22|220,22 €|222,00|222,00 €|268,62|268,62 €|38,22|38,22 €|40,00|40,00 €|46,62|46,62 €|48,40|48,40 €|8,40|8,40 €|€ 0|€ 0,00|€ 182,00|€ 21|€ 220,22|€ 268,62|€ 40,00|€ 46,62|€ 48,40",46943079X|B25534694,,,"FACTURA
6C583135656E4F4B6E58313365513D3D
 Datos Empresa  Datos Factura
LABORAL RISK, S.L.U. - B25534694 Nº Factura 25032622-R
CORREGIDOR ESCOFET, 48 Fecha 27/10/2025
25005 - LLEIDA Ref. Proforma PR25036147
 Datos Cliente 15554 - 26
Empresa MARIA JOSE MORAL MORGADO NIF 46943079X
Dirección CALLE DR. BELLIDO 3, 2ª PLANTA CP 28018 Población MADRID
Teléfono 680557163 Movil
Contratación Vigilancia la Salud, Seguridad, Higiene, Ergonomía y Psicosociología
 Detalle
Articulo Descripción Unidades €/unidad B.I % Iva Total
Dos trabajadores en empresas Oficinas y comercios
O04002 1 182,00 € 182,00 € 21 % 38,22 € 220,22 €
Periodo: Del 08/10/2025 al 07/10/2026
Precio de Reconocimiento Medico por trabajador
RM0001 0 0,00 € 0,00 € 0 % 0,00 € 0,00 €
Periodo: Del 08/10/2025 al 07/10/2026
Precio por la Vigilancia de la Salud
VS0001 2 20,00 € 40,00 € 21 % 8,40 € 48,40 €
Periodo: Del 08/10/2025 al 07/10/2026
TOTAL 222,00 € 46,62 € 268,62 €
 Vencimientos
Fecha Vencimiento Total
11/10/2025 268,62 €
Le informamos que en el caso de que no cumpla sus obligaciones de pago sus datos personales podrán ser comunicados al fichero de solvencia patrimonial y crédito ASNEF Empresas.
 Observaciones
Laboral Risk Servicio de Prevencion, S.L.U. B25534694",factura,1.0,economica|gasto|justificacion,False,True,False,,ACC-ADMINISTRACION-A0CC1B65E1,0.78,automatico,/Users/usuario/Desktop/PROFESIONAL/enGira/FINANCIACIÓN/SUBVENCIONES/MINISTERIO DE CULTURA/Industrias Culturales 25/JUSTIFICACION/datos_engira/08_JUSTIFICACION_ECONOMICA/CONTABILIDAD/GASTOS/4TR2025/LEGAL/FACTURA 25032622R.pdf
justificacion_economica,08_JUSTIFICACION_ECONOMICA/CONTABILIDAD/GASTOS/4TR2025/LEGAL/FACTURA 25005841RSPD.pdf,FACTURA 25005841RSPD.pdf,.pdf,48822,documento,2025-10-24T02:12:16,1,14/10/2025|19/09/2025,"0,00|0,00 €|173,79|173,79 €|210,29|210,29 €|36,50|36,50 €|€ 0|€ 0,00|€ 173,79|€ 21|€ 210,29|€ 36,50",46943079X|B25857798,,,"FACTURA
6C583135656E4F4B6D486C3264773D3D
 Datos Empresa  Datos Factura
LABORAL RGPD, S.L.U. - B25857798 Nº Factura 25005841-RSPD
CORREGIDOR ESCOFET, 50 Fecha 14/10/2025
25005 - LLEIDA Ref. Proforma PRSPD25006148
 Datos Cliente 15554 - 26
Empresa MARIA JOSE MORAL MORGADO NIF 46943079X
Dirección CALLE DR. BELLIDO 3, 2ª PLANTA CP 28018 Población MADRID
Teléfono 680557163 Movil
 Detalle
Articulo Descripción Unidades €/unidad B.I % Iva Total
RGPD003 RGPD: Adecuación para Empresas hasta 5 trab. 1 173,79 € 173,79 € 21 % 36,50 € 210,29 €
RGPD009 RGPD: Evaluación Impacto 0 0,00 € 0,00 € 0 % 0,00 € 0,00 €
TOTAL 173,79 € 36,50 € 210,29 €
 Vencimientos
Fecha Vencimiento Total
19/09/2025 210,29 €
 Observaciones
Laboral RGPD, S.L.U. B25857798",factura,1.0,economica|gasto|justificacion,False,True,False,,ACC-ADMINISTRACION-A0CC1B65E1,0.78,automatico,/Users/usuario/Desktop/PROFESIONAL/enGira/FINANCIACIÓN/SUBVENCIONES/MINISTERIO DE CULTURA/Industrias Culturales 25/JUSTIFICACION/datos_engira/08_JUSTIFICACION_ECONOMICA/CONTABILIDAD/GASTOS/4TR2025/LEGAL/FACTURA 25005841RSPD.pdf
justificacion_economica,08_JUSTIFICACION_ECONOMICA/CONTABILIDAD/GASTOS/4TR2025/GESTORIA/2501003 maría j moral morgado.pdf,2501003 maría j moral morgado.pdf,.pdf,438065,documento,2025-12-20T08:58:19.310084,2,15/12/2025,"110,00|133,10|21,00|23,10|55,00",00832414K|46943079X,,,"María José Moral Morgado
Cl Doctor Bellido 3 - 2
28018 Madrid
46943079X
Factura 2501003 Medio de pago Transferencia bancaria Página
Fecha 15/12/2025 Vencimiento 15/12/2025 1/1
Unidades Descripción Precio/unidad Total
1 Asistencia en el cumplimiento de obligaciones contables y tributarias
Período: 01 mayo 2025 - 31 mayo 2025 55,00 55,00
1 Asistencia en el cumplimiento de obligaciones contables y tributarias
Período: 01 junio 2025 - 30 junio 2025 55,00 55,00
Subtotal 110,00
IVA (21,00 %) 23,10
T O T A L A P A G A R 133,10
Víctor García Martín Banco BBVA vgarcia@accountek.eu NIF 00832414K
Cl Caño 7 b IBAN ES44 0182 1876 8102 0194 4765 Tel 916375467 Colegio Economistas
28231 Las Rozas de BIC BBVAESMM Móvil 629214385 Madrid 25457
Madrid",presupuesto,0.533,administracion|economica|gasto|justificacion,False,True,False,,ACC-GESTORIA-6F82F39FEF,1.0,automatico,/Users/usuario/Desktop/PROFESIONAL/enGira/FINANCIACIÓN/SUBVENCIONES/MINISTERIO DE CULTURA/Industrias Culturales 25/JUSTIFICACION/datos_engira/08_JUSTIFICACION_ECONOMICA/CONTABILIDAD/GASTOS/4TR2025/GESTORIA/2501003 maría j moral morgado.pdf
justificacion_economica,08_JUSTIFICACION_ECONOMICA/CONTABILIDAD/GASTOS/4TR2025/GESTORIA/2501006 maría j moral morgado.pdf,2501006 maría j moral morgado.pdf,.pdf,442876,documento,2025-12-19T23:58:14,2,19/12/2025,"20,00|21,00|350,00|423,50|55,00|73,50",00832414K|46943079X,,,"María José Moral Morgado
Cl Doctor Bellido 3 - 2
28018 Madrid
46943079X
Factura 2501003 Medio de pago Transferencia bancaria Página
Fecha 19/12/2025 Vencimiento 19/12/2025 1/1
Unidades Descripción Precio/unidad Total
1 Asistencia en el cumplimiento de obligaciones contables y tributarias
Período: 01 julio 2025 - 31 julio 2025 55,00 55,00
1 Asistencia en el cumplimiento de obligaciones contables y tributarias
Período: 01 agosto 2025 - 31 agosto 2025 55,00 55,00
1 Asistencia en el cumplimiento de obligaciones contables y tributarias
Período: 01 septiembre 2025 - 30 septiembre 2025 55,00 55,00
1 Asistencia en el cumplimiento de obligaciones contables y tributarias
Período: 01 octubre 2025 - 31 octubre 2025 55,00 55,00
1 Asistencia en el cumplimiento de obligaciones contables y tributarias
Período: 01 noviembre 2025 - 30 noviembre 2025 55,00 55,00
1 Asistencia en el cumplimiento de obligaciones contables y tributarias
Período: 01 diciembre 2025 - 31 diciembre 2025 55,00 55,00
1 Gestión laboral
Período: 01 septiembre 2025 - 30 septiembre 2025 20,00 20,00
Subtotal 350,00
IVA (21,00 %) 73,50
T O T A L A P A G A R 423,50
Víctor García Martín Banco BBVA vgarcia@accountek.eu NIF 00832414K
Cl Caño 7 b IBAN ES44 0182 1876 8102 0194 4765 Tel 916375467 Colegio Economistas
28231 Las Rozas de BIC BBVAESMM Móvil 629214385 Madrid 25457
Madrid",presupuesto,0.533,administracion|economica|gasto|justificacion,False,True,False,,ACC-GESTORIA-6F82F39FEF,1.0,automatico,/Users/usuario/Desktop/PROFESIONAL/enGira/FINANCIACIÓN/SUBVENCIONES/MINISTERIO DE CULTURA/Industrias Culturales 25/JUSTIFICACION/datos_engira/08_JUSTIFICACION_ECONOMICA/CONTABILIDAD/GASTOS/4TR2025/GESTORIA/2501006 maría j moral morgado.pdf
justificacion_economica,08_JUSTIFICACION_ECONOMICA/CONTABILIDAD/GASTOS/4TR2025/COMERCIALIZACIÓN/MERCARTES/factura mercartes.pdf,factura mercartes.pdf,.pdf,77395,documento,2025-10-27T01:08:00,2,,"255,00|255,00€|300,00|300,00€|45,00|45,00€",01931600Z,,,"Nº de factura: 5
Fecha: 10 de Octubre de 2025
PALOMA CALLE ALBERDI
DNI 01931600Z
C/. Parque de la Paloma, nº 42-5ºB
28026 MADRID
Telf. 679-55-23-32
palomacallealberdi@gmail.com
CLIENTE:
MARIA JOSE MORAL MORGADO
c\Doctor bellido 3 2º
28018 MADRID ESPAÑA
Cif : 46943079-X
Concepto:
Honorarios por activación del stand de EnGira en Feria Mercartes el 22 de octubre
con “100 cosas que hacer hoy mejor que ver este espectáculo”.
Base imponible 300,00€
-15% irpf 45,00€
TOTAL 255,00€
Número de Cuenta Bancaria: ES62 0182 9051 6602 0181 9808
Factura exenta de IVA según el artículo 20-1-26 de la ley del IVA",factura,0.8,economica|gasto|justificacion,False,True,False,,ACC-COMERCIALIZACION-8BC2ED0AC1,1.0,automatico,/Users/usuario/Desktop/PROFESIONAL/enGira/FINANCIACIÓN/SUBVENCIONES/MINISTERIO DE CULTURA/Industrias Culturales 25/JUSTIFICACION/datos_engira/08_JUSTIFICACION_ECONOMICA/CONTABILIDAD/GASTOS/4TR2025/COMERCIALIZACIÓN/MERCARTES/factura mercartes.pdf
justificacion_economica,08_JUSTIFICACION_ECONOMICA/CONTABILIDAD/GASTOS/4TR2025/COMERCIALIZACIÓN/MERCARTES/20251020_100640.jpg,20251020_100640.jpg,.jpg,4446438,imagen,2025-10-20T02:07:20,,,,,,,,fotografía,1.0,comunicacion|economica|evidencia|gasto|justificacion,True,True,False,,ACC-ADMINISTRACION-A0CC1B65E1,0.78,automatico,/Users/usuario/Desktop/PROFESIONAL/enGira/FINANCIACIÓN/SUBVENCIONES/MINISTERIO DE CULTURA/Industrias Culturales 25/JUSTIFICACION/datos_engira/08_JUSTIFICACION_ECONOMICA/CONTABILIDAD/GASTOS/4TR2025/COMERCIALIZACIÓN/MERCARTES/20251020_100640.jpg
justificacion_economica,08_JUSTIFICACION_ECONOMICA/CONTABILIDAD/GASTOS/4TR2025/COMERCIALIZACIÓN/MERCARTES/Adobe Scan 20 oct 2025 (1).pdf,Adobe Scan 20 oct 2025 (1).pdf,.pdf,354474,documento,2025-10-24T02:32:44,1,20/10/2025,"1,00|10,33|12,50|12,50€|2,17|36.22|EUR
10,33",46943079X,,,"FERRETERÍA SAN DIEGO S.L.U
· ~ • Aver\lda Sen· Dlegot•nt 85,, C.P.: ~8053 • Madrid
Avenfda• San Diego, ~ ~·•.~P.: 28018 • M~~
C.I.F.: B-8~86806S !.Tifá:-914ID6S2 J9 17850072
MARIA JOSE MORAL MORGADO
FACTURA CL DOCTOR BELLIDO 3
28018-MADRID
MADRID
CIF : 46943079X
Fecha Serie Número de Factura Código Cliente C.I.F. Vendedor
20/10/2025 ' FACT FACT-001952 004092 CIF : 46943079X
Artículo Descripción
Cantidad P.Unitario Oto Importe
.., . ...., . ..A lbarin Nº: 020942 - Fecha: 20/10/2025
362263 BASE 5 TOMA CON CABLE 3M 16A 36.226/3
1,000 10,3306 10,33
Suma TOTAL
Base Imponible % e u ota I.V.A.
% Cuota R.E.
Total EUR
10,33 10,33
21 2,17
12,50€
Forma de Pago: CONTADO
20/10/2025 12,50
Fecha Vtos. Importe
E-man: fersdiegO@hotmail.com
(Reg. Mere. de Madrid Tomo 27394· Folio 155· Secc 8 H . M
' ' • ; OJa -493708)",presupuesto,0.533,administracion|economica|gasto|justificacion,False,True,False,,ACC-ADMINISTRACION-A0CC1B65E1,0.78,automatico,/Users/usuario/Desktop/PROFESIONAL/enGira/FINANCIACIÓN/SUBVENCIONES/MINISTERIO DE CULTURA/Industrias Culturales 25/JUSTIFICACION/datos_engira/08_JUSTIFICACION_ECONOMICA/CONTABILIDAD/GASTOS/4TR2025/COMERCIALIZACIÓN/MERCARTES/Adobe Scan 20 oct 2025 (1).pdf
justificacion_economica,08_JUSTIFICACION_ECONOMICA/CONTABILIDAD/GASTOS/4TR2025/COMERCIALIZACIÓN/MERCARTES/FACTURA María José Moral Morgado octubre 2025.pdf,FACTURA María José Moral Morgado octubre 2025.pdf,.pdf,2292853,documento,2025-10-10T02:49:50,1,,,,,,,factura,0.667,economica|gasto|justificacion,False,True,False,,ACC-ADMINISTRACION-A0CC1B65E1,0.78,automatico,/Users/usuario/Desktop/PROFESIONAL/enGira/FINANCIACIÓN/SUBVENCIONES/MINISTERIO DE CULTURA/Industrias Culturales 25/JUSTIFICACION/datos_engira/08_JUSTIFICACION_ECONOMICA/CONTABILIDAD/GASTOS/4TR2025/COMERCIALIZACIÓN/MERCARTES/FACTURA María José Moral Morgado octubre 2025.pdf
justificacion_economica,08_JUSTIFICACION_ECONOMICA/CONTABILIDAD/GASTOS/4TR2025/COMERCIALIZACIÓN/MERCARTES/A-V2025-5238950.pdf,A-V2025-5238950.pdf,.pdf,112017,documento,2025-10-22T02:55:02,1,20/10/2025,"0,01|0,02|0,17|0,39|0,41|1,05|1,56|1,72|1,73|1,90|12,44|14,56|15,05|17,36|17,36 €|17,36€|2,61|2,80|2025.10|5,00|6,05|7,43|9,00",46943079X,https://info.mercadona.es.|https://www.portalcliente.mercadona.es.,,"PÁGINA 1 DE 1
.1855-V
ajoH
,071
oiloF
,3703
omoT
,aicnelaV
ed
litnacreM
ortsigeR
le
ne
atircsnI
Firmado digitalmente por
SELLO DE ENTIDAD MERCADONA
Fecha: 2025.10.20
14:47:05 +02:00
Fdo. MERCADONA S.A.
MERCADONA S.A. DATOS FISCALES
A-46103834 Razón Social: MORAL MORGADO MARIA
C/ Alfonso Roig JOSE
Alfonso, s/n.
NIF: 46943079X
Albalat dels Sorells
Dirección: CALLE DOCTOR BELLIDO 3 2º
46135 Valencia , MADRID
(28018-MADRID)
Nº Factura: A-V2025-00005238950 Fecha Factura:20/10/2025
Supermercado: C/ ZAIDA, 95(Madrid) Telf.: 917467540
Factura Simplificada: 4731-010-398072 Fecha factura simplificada:20/10/2025
Descripción Unid. P.Unitario B.Imp. IVA Cuota IVA Importe
PAT. CLASSICAS 1 1,7273 1,7273 10% 0,1727 1,9000
RON AÑEJO 1 5,0000 5,0000 21% 1,0500 6,0500
CERVEZA CLASICA 1 7,4380 7,4380 21% 1,5620 9,0000
PEPINO 1 0,3942 0,3942 4% 0,0158 0,4100
TOTAL (€) 14,56 2,80 17,36
DETALLE (€)
IVA Base Imponible Cuota Total
4% 0,39 0,02 0,41
10% 1,73 0,17 1,90
21% 12,44 2,61 15,05
Total Factura 17,36€
FORMA DE PAGO
TARJETA BANCARIA 17,36 €
Para cualquier devolución de productos o rectificación de la factura es imprescindible presentar el ticket de compra o este
documento.
MERCADONA S.A. informa a sus clientes que disponemos de factura mensual para aquellos clientes que así lo soliciten, para cambiar
el tipo de facturación pueden comunicárnoslo en el teléfono 800 500 220, asimismo les informamos que ya pueden gestionar sus
facturas a través de nuestra página web https://www.portalcliente.mercadona.es.
La finalidad para la que van a ser tratados los datos facilitados por usted o por la persona a la que haya autorizado (gestorías,
ONG's, etc.) es la de gestionar sus facturas. Para saber más sobre nuestra política de protección de datos personales acceda a
https://info.mercadona.es.",factura,0.533,economica|gasto|justificacion,False,True,False,,ACC-ADMINISTRACION-A0CC1B65E1,0.78,automatico,/Users/usuario/Desktop/PROFESIONAL/enGira/FINANCIACIÓN/SUBVENCIONES/MINISTERIO DE CULTURA/Industrias Culturales 25/JUSTIFICACION/datos_engira/08_JUSTIFICACION_ECONOMICA/CONTABILIDAD/GASTOS/4TR2025/COMERCIALIZACIÓN/MERCARTES/A-V2025-5238950.pdf
justificacion_economica,08_JUSTIFICACION_ECONOMICA/CONTABILIDAD/GASTOS/4TR2025/SUMINISTROS/GASOLINA/Adobe Scan 20 oct 2025.pdf,Adobe Scan 20 oct 2025.pdf,.pdf,253537,documento,2025-10-20T06:06:28,1,20-10-2025,"1,52|1,529 €|14 €|21,00|32,79|41,44|41,44€|50,14|50,14 €|50,14€|8170 €|€ 21,00|€ 50,|€ 50,14",46943079X|B88131545,,,"QSER VALLECAS
AVO DE LA ALBUFERA,89
2
8038 - MADRID
MADRID
Tfno. 689683801 -
e-mail: atc.q8spain@q8.com
vveb: Vv\NW.q8spain.es
CLIEN'TE:
M. JOSE MORAL MORGADO
DOCTOR BELLIDO 3
MADRID
MADRID
28018
46943079X
Factura: 802817-90293
Fecha: 20-10-2025 Hora: 13:3""1
_A_R T_Ic;Lj_L9_ _____9 _AN_T._ ____ f_Y,_E _______
JME~-
SIN PLOMO 95 32,793 1,529 € 50, 14 €
--·------· ---·-- -----·-
_____ .,, __. ,._ ____ _
BASE IVA TOTAL
41,44€ 21,00% 8170 € 50,14€
TOTAL: 50,14€
:-:.==-~~::r~AN-cARiA-==-==-~o:·;~-;-
TOT AL A PAGAR: 50,14 €
-- ::::::::-__:::=::--==--:-..:::.:·:-:-..:---=-..:::=.::.~::...--=-=--:-==-~===----=
--~51 17916******9212
TarJ,: 4
GRACIAS POR SU VISITA
Fmite: Q8 E~JERGY _RED, S. L. U
C/ FRANCISCO SIL VELA 42 5ª PL T
_ MADRID- NIF: B88131545
28028
En c•11nphn116nt0 cun lü u ~ r - spuc1 . ; . : , , , ¡ 0 01, el Raglam . a . rno Gen&ral de P1\1tecc10n d¿¡ Dello. s ;
~ (·,úPR. ,:u 0c, e;¡1-:c-; ¡ y la norrnativa vrgei,te al rnspecto. 11; 1nforrm,rno: qu~!Lr'~
------ d ; , ; , - 1 - 0~ \J ~ rs o s. 1 , 1 1 1 ~ \E n , , Z 1 a e l I c n
1
1 ¡ C ,r l ; ú t. n
7
,,
9
c t o ra r l n c u .1 r d 'C o ' s l: :i c l o v n ..: : t o 1I n f i l n a ~ _ d& O e b u l iu 1 1 a 1 c pl , 1 o 1 n c & u s n 1 l m a p c u 0 a n s é ta ic s :l a P • ~ J 1 1 ~~~~~
1011
i;
: '~ ' -~ ----- ---•i,'..~~~!IJJ,_",presupuesto,0.267,administracion|economica|gasto|justificacion,False,True,False,,ACC-ADMINISTRACION-A0CC1B65E1,0.78,automatico,/Users/usuario/Desktop/PROFESIONAL/enGira/FINANCIACIÓN/SUBVENCIONES/MINISTERIO DE CULTURA/Industrias Culturales 25/JUSTIFICACION/datos_engira/08_JUSTIFICACION_ECONOMICA/CONTABILIDAD/GASTOS/4TR2025/SUMINISTROS/GASOLINA/Adobe Scan 20 oct 2025.pdf
desviaciones,09_DESVIACIONES_Y_CAMBIOS/presupuesto modificaciones sustanciales_signed.pdf,presupuesto modificaciones sustanciales_signed.pdf,.pdf,155054,documento,2026-05-28T10:39:15.019379,6,,"1.00|1.80|143,56|1503,94|173,79|180,09|1864,91|19155,03|2.20|212,77|25.00|25.000,01|25.000€|3.20|315,09|34.18|40.00|40.000,01|40.000€|4044,97|4115,09|50.00|50.000 €|50.000€|503,52|870,91|9.18|969,36",,,,"SUBSECRETARÍA DE CULTURA
M INISTERIO Centro de Coordinación
DE CULTURA de Industrias Culturales
AYUDAS A PROYECTOS PROFESIONALES Y EMPRESARIALES
PARA EL FOMENTO DE LA INNOVACIÓN
EN LAS INDUSTRIAS CULTURALES Y CREATIVAS
PRESUPUESTO DE INGRESOS Y GASTOS
CONSIDERACIONES GENERALES
- El total de ingresos debe coincidir con el total de gastos de la tabla Resumen de Gastos.
Será necesario respetar lo establecido en el artículo 5 de la convocatoria. Los gastos se presentarán
con el mayor nivel de desagregación y detalle posible (se pueden adjuntar a este modelo los
documentos que justifiquen este presupuesto)
- Deberá respetarse la estructura de este Modelo de Presupuesto de Ingresos y Gastos.
Se podrá añadir las filas extra que resulten necesarias para cumplimentar los datos.
- Los importes señalados en el presupuesto no incluirán el IVA.
SOLICITANTE:
MARIA JOSÉ MORAL MORGADO
TÍTULO DEL PROYECTO:
enGira!
1. INGRESOS
Se compone de tres apartados. Deben cumplimentarse todos.
CONCEPTO EUROS
1.1 Ayuda a proyectos profesionales y empresariales para el fomento de las ICC
25.000
(Máximo 50.000 €)
Procedencia del resto de aportaciones dinerarias EUROS
1.2 Otros ingresos: desglosar procedencia. Aportación propia 9.180
El porcentaje mínimo de otros ingresos sobre el
coste total del proyecto dependerá de la ayuda
solicitada:
- Ayuda solicitada hasta 25.000€ mínimo 20%
- Ayuda de 25.000,01 a 40.000€ mínimo 30%
- Ayuda de 40.000,01 a 50.000€ mínimo 40%
1.3 TOTAL DE INGRESOS (Apartado 1.1 + Apartado 1.2)
34.180
1
SUBSECRETARÍA DE CULTURA
M INISTERIO Centro de Coordinación
DE CULTURA de Industrias Culturales
2. GASTOS
Se compone de tres tablas y deben cumplimentarse todas. En el caso de no existir gastos
correspondientes a alguna de las categorías relacionadas en la columna de la izquierda
de las dos primeras tablas, esas partidas podrán dejarse sin rellenar.
2.1. GASTOS FINANCIADOS CON LA AYUDA A PROYECTOS PROFESIONALES Y
EMPRESARIALES PARA EL FOMENTO DE LA INNOVACIÓN EN LAS ICC
Subvencionables según el ANEXO I de la convocatoria. El importe total de los gastos
incluidos en esta tabla no podrá superar los 50.000€ y deberá coincidir con la cantidad
solicitada a las Ayudas a proyectos profesionales y empresariales para el fomento de ICC
2
SUBSECRETARÍA DE CULTURA
M INISTERIO Centro de Coordinación
DE CULTURA de Industrias Culturales
Desglosar conceptos de gasto
Denominación (corresponderán a actuaciones
EUROS
de la partida descritas en la memoria del
proyecto)
Gastos de
personal: Implementación de servicios de
nóminas de pago para artistas
trabajadores
Atención al cliente
empleados
por el solicitante
Administración Gestión de bases de datos
Contabilidad
Total de nóminas de trabajadores 4044,97
Desglosar conceptos de gasto
Denominación (corresponderán a actuaciones
EUROS
de la partida descritas en la memoria del
Gastos
proyecto)
de los trabajos
realizados Webinars para usuarios registrados
por el autónomo orientados a maximizar la eficacia
(máximo 20% Comunicación de las herramientas enGira! 1800
de la ayuda)
RRSS
Total trabajos realizados por el autónomo 1.800
Desglosar conceptos de gasto
Denominación (corresponderán a actuaciones
EUROS
de la partida descritas en la memoria del
proyecto)
Soporte y mejora técnica 1503,94
Software
Servidor 212,77
Programas de acompañamiento
orientados a la distribución para 4000
Alilanzas estratégicas artistas suscritos a la plataforma
Gastos de Búsqueda patrocinios 900
proveedores
externos: Zoom 143,56
facturas de Comunicación
adquisición Roll-up, material promocional… 969,36
de bienes
Stand Mercartes 1008
o prestación
de servicios Dietas/Alojamiento en feria
Comercialización 503,52
empleada/transporte
E-mail marketing 180,09
Campaña de marketing digital 5800
Formación Análisis de datos 3650
Legal LOPD 173,79
Laboral Gestión nómina empleada 110
comercial
Total de facturas de proveedores externos 19155,03
Desglosar conceptos de gasto
Denominación
Gastos (corresponderán a actuaciones EUROS
de la partida
protocolarios descritas en la memoria del
y de proyecto)
representación
(máximo 5%
de la ayuda)
3
SUBSECRETARÍA DE CULTURA
M INISTERIO Centro de Coordinación
DE CULTURA de Industrias Culturales
de la ayuda)
Total de facturas de gastos protocolarios y representación
2.1 Total de gastos financiados con cargo a la ayuda a proyectos profesionales
25000
y empresariales para el fomento de las ICC
4
SUBSECRETARÍA DE CULTURA
M INISTERIO Centro de Coordinación
DE CULTURA de Industrias Culturales
2.2. OTROS GASTOS DEL PROYECTO
Financiados con los ingresos distintos a la Ayuda a proyectos profesionales y empresariales para
el fomento de las ICC Dependiendo de la ayuda solicitada el porcentaje mínimo de OTROS
GASTOS DEL PROYECTO sobre la cuantía total del proyecto será el 20%, el 30% o el 40%. (ver
tabla 1.2 de Otros Ingresos)
in
Denominación Desglosar conceptos de gasto
de la partida (corresponderán a actuaciones
EUROS
Gastos de personal: descritas en la memoria del
nóminas de proyecto)
trabajadores
empleados
por el solicitante
Total de nóminas de trabajadores
Desglosar conceptos de gasto
Denominación (corresponderán a actuaciones
EUROS
de la partida descritas en la memoria del
proyecto)
Alianzas Firma de acuerdos marco con 1.000
Gastos estratégicas festivales y circuitos para la
de los trabajos contratación de espectáculos de
realizados enGira!
por el autónomo
Acuerdos comerciales con
asociaciones y plataformas de artistas
Responsable de Estrategia y supervisión 2.200
operaciones
Total trabajos realizados por el autónomo 3.200
Desglosar conceptos de gasto
Denominación (corresponderán a actuaciones
EUROS
de la partida descritas en la memoria del
Gastos de
proyecto)
proveedores externos:
facturas de Investigación Data Analytics 3800
adquisición
de bienes
o prestación
Alianzas FESTIVAL TA 315,09
de servicios
estratégicas
Total de facturas de proveedores externos 4115,09
Desglosar conceptos de gasto
Denominación (corresponderán a actuaciones
EUROS
de la partida descritas en la memoria del
proyecto)
Gastos ordinarios,
de gestión
Gestoría 772
y administración
Gestoría
(máximo 25% PRL 222
de “Otros gastos
del proyecto”) Teléfono / Internet 870,91
Administración
Total de gastos ordinarios, de gestión y administración 1864,91
9180
2.2 Total de gastos financiados con cargo a los ingresos ajenos
a la ayuda solicitada
5
SUBSECRETARÍA DE CULTURA
M INISTERIO Centro de Coordinación
DE CULTURA de Industrias Culturales
2.3 RESUMEN DE GASTOS
GASTOS EUROS
Total de gastos financiados con la ayuda a proyectos profesionales
y empresariales para el fomento de las ICC 25.000
(Apartado 2.1)
9.180
Total Otros gastos del proyecto
(Apartado 2.2)
2.3 TOTAL DE GASTOS
34.180
(Esta cantidad debe coincidir con el Total de Ingresos)
6",presupuesto,1.0,administracion|cambios|economica,False,True,False,,ACC-RESPONSABLE-DE-OPE-1C962F9F75,1.0,automatico,/Users/usuario/Desktop/PROFESIONAL/enGira/FINANCIACIÓN/SUBVENCIONES/MINISTERIO DE CULTURA/Industrias Culturales 25/JUSTIFICACION/datos_engira/09_DESVIACIONES_Y_CAMBIOS/presupuesto modificaciones sustanciales_signed.pdf
desviaciones,09_DESVIACIONES_Y_CAMBIOS/Cronograma_modificaciones_sustanciales_signed.pdf,Cronograma_modificaciones_sustanciales_signed.pdf,.pdf,149215,documento,2026-05-28T10:38:23.228223,3,,"110 €|1716,71|1716,71 €|173,79|173,79 €|2.20|2.200 €|2913 €|3.80|3.800 €|34.18|34.180 €|4915,88|4915,88 €|6215,09|7491,61|7491,61 €|994 €",,,,"SUBSECRETARÍA DE CULTURA
MINISTERIO
DE C ULTURA
Centro de Coordinación de Industrias Culturales
AYUDAS A PROYECTOS PROFESIONALES Y EMPRESARIALES PARA EL FOMENTO DE LA INNOVACIÓN
EN LAS INDUSTRIAS CULTURALES Y CREATIVAS
CRONOGRAMA DE DESARROLLO DEL PROYECTO POR FASES
SOLICITANTE: MARIA JOSE MORAL MORGADO TÍTULO DEL PROYECTO: enGira!
FECHAS PREVISTAS
PRINCIPALES ACTUACIONES A REALIZAR EN CADA FASE CUANTÍA DEL GASTO
DENOMINACIÓN DE LA FASE (deben estar dentro del periodo
(deben corresponder a actuaciones descritas en la memoria del proyecto) EN CADA FASE
de ejecución de la
convocatoria)
RESPONSABLE DE
Julio 2025 – Junio 2026 Estrategia y supervisión 2.200 €
OPERACIONES
Atención al Cliente
Gestión de usuarios de la plataforma y bases de datos
ADMINISTRACIÓN Julio 2025 – Junio 2026 4915,88 €
Contabilidad
Teléfono / Internet
Mejora de la eficiencia del panel de admnistrador de la plataforma
enGira!
SOPORTE TÉCNICO Y
DESARROLLO DE Julio 2025 – Junio 2026 Mantenimiento y Resolución de incidencias 1716,71 €
SOFTWARE
Servidor
Firma de acuerdos marco con festivales y circuitos para la
contratación de espectáculos de enGira!
Julio 2025 – Junio 2026
ALIANZAS ESTRATÉGICAS Búsqueda de patrocinio 6215,09
SUBSECRETARÍA DE CULTURA
MINISTERIO
DE C ULTURA
Centro de Coordinación de Industrias Culturales
Programas de acompañamiento semestral orientado en la
Enero - junio 2026
distribución para artistas suscritos a la plataforma
FORMACIÓN Octubre - Marzo 2026 Formación en Data Analytics & IA 3650
Abril - Junio 2026 Campaña de marketing digital
COMERCIALIZACIÓN Octubre 2025
Stand en MERCARTES 7491,61 €
Noviembre 2025 – Junio
Implementación de servicios de pago para artistas
2026
Webinars cómo sacar partido a las herramientas enGira!
Contratación Zoom
Julio 2025 – Junio 2026
COMUNICACIÓN Newsletter usuarios 2913 €
Campañas conjuntas con colaboradores en RRSS
Octubre 2025 Material promocional, activación de stand
Gestoría
GESTORÍA Julio 2025 – Junio 2026 994 €
PRL
LABORAL Julio 2025 – Junio 2026 Gestoría laboral 110 €
LEGAL Julio 2025 – Junio 2026 LOPD 173,79 €
INVESTIGACION Febrero - Abril 2026 Análisis de audiencias y comportamiento digital 3.800 €
SUMA TOTAL DE LOS GASTOS DE TODAS LAS FASES
34.180 €
(debe coincidir con el TOTAL DE GASTOS del RESUMEN DE GASTOS del
presupuesto)
SUBSECRETARÍA DE CULTURA
MINISTERIO
DE C ULTURA
Centro de Coordinación de Industrias Culturales",presupuesto,0.4,administracion|cambios|economica,False,True,False,,ACC-RESPONSABLE-DE-OPE-1C962F9F75,1.0,automatico,/Users/usuario/Desktop/PROFESIONAL/enGira/FINANCIACIÓN/SUBVENCIONES/MINISTERIO DE CULTURA/Industrias Culturales 25/JUSTIFICACION/datos_engira/09_DESVIACIONES_Y_CAMBIOS/Cronograma_modificaciones_sustanciales_signed.pdf
desviaciones,09_DESVIACIONES_Y_CAMBIOS/Autorizacion_modificaciones_sustanciales.pdf,Autorizacion_modificaciones_sustanciales.pdf,.pdf,303334,documento,2026-07-25T13:58:20.579761,1,15/06/2026,"25.00|25.000,00",46943079X,https://run.gob.es/hsblF8yLcR,,"RcLy8Flbsh/se.bog.nur//:sptth:nóiccerid
etneiugis
al
ne
otnemucod
etse
ed
dadirgetni
al
racifirev
edeuP
| acf3-cc43-dc17-c8bd-ef49-b04f-1a57-7cbb-NEG
:
.V.S.C
| lanigiro
otnemucod
la
eyutitsus
on
,AMRIF
ED
EMROFNI
SUBSECRETARÍA DE CULTURA
MINISTERIO
DE CULTURA CENTRO DE COORDINACION
DE INDUSTRIAS CULTURALES
CENTRO DE COORDINACIÓN
DE INDUSTRIAS CULTURALES
RESOLUCIÓN DE LA SUBSECRETARÍA DE CULTURA POR LA QUE SE AUTORIZA LA
MODIFICACIÓN PRESUPUESTARIA PROPUESTA, A MARIA JOSE MORAL MORGADO
La resolución de 30 de septiembre 2025, de la Subsecretaría de Cultura por la que se conceden
las ayudas a proyectos profesionales y empresariales para el fomento de la innovación en las
industrias culturales y creativas correspondientes al año 2025, otorgó a MARIA JOSE MORAL
MORGADO (DNI 46943079X) una ayuda por un importe de 25.000,00 euros para la realización
del proyecto “enGira!”.
El 28 de mayo de 2026 tuvo entrada en este Departamento un escrito presentado por Dª. Maria
José Moral Morgado, representante legal de la entidad, donde se expone que para poder
desarrollar el proyecto subvencionado de manera satisfactoria es necesario realizar una
modificación en las partidas de gastos del proyecto por lo que solicita autorización para la
modificación presupuestaria planteada y para la eliminación de una actuación prevista y su
situación por otra.
Por todo lo anterior:
DE CONFORMIDAD con lo establecido en el artículo 14 de la Resolución de la Subsecretaría de
Cultura, por la que se convocan las ayudas a proyectos profesionales y empresariales para el
fomento de la innovación en las industrias culturales y creativas correspondientes al año 2025, y
en los artículos 61 y 64 del Reglamento de la Ley 38/2003, de 17 de noviembre, General de
Subvenciones, aprobado por Real Decreto 887/2006, de 21 de julio.
RESUELVO que se autorice la modificación presupuestaria para la ejecución y justificación del
proyecto y el cambio de actuaciones planteado. Se mantiene la cuantía de la ayuda. El plazo
para justificar la ayuda continúa siendo el comprendido entre el 1 de julio de 2026 y el 30 de
septiembre de 2026. El 30 de septiembre de 2026 será también la fecha límite para efectuar el
pago de las facturas.
Esta Resolución es definitiva en la vía administrativa y contra la misma cabe interponer recurso
contencioso-administrativo ante la Sala de lo Contencioso-Administrativo de la Audiencia
Nacional, conforme a lo establecido en el artículo 11.1 de la ley 29/1998, de 13 de julio,
reguladora de la Jurisdicción Contencioso-Administrativa, y artículo 66 de la Ley Orgánica
6/1985, de 1 de julio, del Poder Judicial, en la redacción dada por la Ley Orgánica 6/1998, de 13
de julio, en el plazo de dos meses a contar desde el día siguiente a la fecha de su notificación,
de acuerdo con lo dispuesto en el artículo 46.1 de la citada Ley 29/1998.
Asimismo, la presente resolución podrá ser recurrida potestativamente en reposición, en el plazo
de un mes ante el mismo órgano que la ha dictado, de acuerdo con lo dispuesto en los artículos
123 y 124 de la Ley 39/2015, de 1 de octubre, del Procedimiento Administrativo Común de las
Administraciones Públicas.
La Subsecretaria de Cultura.
P.D. (Decimoséptimo Orden CLT/1527/2025, de 23 de diciembre)
El Director del Centro de Coordinación de Industrias Culturales.
Juan Francisco Melgar Jaquotot
CSV : GEN-bbc7-75a1-f40b-94fe-db8c-71cd-34cc-3fca
DIRECCIÓN DE VALIDACIÓN : https://run.gob.es/hsblF8yLcR
FIRMANTE(1) : JUAN FRANCISCO MELGAR JAQUOTOT | FECHA : 15/06/2026 09:34 | Sin acción específica",resolución,0.6,administracion|cambios,False,False,False,,,0.26,sin_vincular,/Users/usuario/Desktop/PROFESIONAL/enGira/FINANCIACIÓN/SUBVENCIONES/MINISTERIO DE CULTURA/Industrias Culturales 25/JUSTIFICACION/datos_engira/09_DESVIACIONES_Y_CAMBIOS/Autorizacion_modificaciones_sustanciales.pdf
desviaciones,09_DESVIACIONES_Y_CAMBIOS/Solicitud_Modificacion_Sustancial_enGira_signed.pdf,Solicitud_Modificacion_Sustancial_enGira_signed.pdf,.pdf,173159,documento,2026-05-28T10:40:09.161880,5,,"1.71|1.716,71|1.716,71 €|173,79|2.20|2.28|2.282,90|2.37|2.378,39|2.378,39 €|2.79|2.798,90|2.798,90 €|2.91|3.00|3.000 €|3.21|3.215,09|3.215,09 €|3.52|3.523,29|3.523,29 €|3.65|3.650 €|3.80|3.800 €|326,21|4.22|4.220,12|4.220,12 €|4.91|4.915,88|4.915,88 €|5.24|5.240 €|6.21|6.215,09|6.215,09 €|630,10|7.49|7.491,61|7.491,61 €|851,10|851,10 €|9.13|9.136 €|9.87|9.870 €",46943079X,,,"Solicitud de autorización para realizar modificaciones sustanciales en el
presupuesto de gasto del proyecto enGira!
Ayudas a proyectos profesionales y empresariales para el fomento de la innovación en las
industrias culturales y creativas
Proyecto beneficiario: enGira!
Solicitante: Maria José Moral Morgado
NIF: 46943079X
1. ESCRITO DE SOLICITUD
A LA SUBSECRETARÍA DE CULTURA / CENTRO DE COORDINACIÓN DE INDUSTRIAS
CULTURALES / MINISTERIO DE CULTURA
D./Dña. María José Moral Morgado, como beneficiaria de la ayuda concedida en el marco de la
convocatoria de Ayudas a proyectos profesionales y empresariales para el fomento de la
innovación en las industrias culturales y creativas, para el proyecto “enGira!”, comparece y
EXPONE
Que, durante el desarrollo y ejecución del proyecto subvencionado, se han producido una serie de
circunstancias técnicas, operativas y estratégicas que han hecho necesario reajustar determinadas
partidas del presupuesto inicialmente aprobado, así como reordenar parcialmente algunas
actuaciones y fases del cronograma de ejecución.
Estas modificaciones derivan de la propia evolución del proyecto en fase de implementación, del
análisis de necesidades detectadas durante su puesta en marcha y de la conveniencia de optimizar
los recursos disponibles para asegurar una ejecución más eficaz, sostenible y alineada con los
objetivos del proyecto.
Asimismo, se hace constar que las modificaciones solicitadas no alteran la finalidad, naturaleza ni
objetivos esenciales del proyecto subvencionado, manteniéndose plenamente su objeto innovador
y su impacto previsto en el ámbito de las industrias culturales y creativas.
SOLICITA
autorización para modificaciones presupuestarias y para eliminar actividad (en sustitución
por otra) del proyecto “enGira!”, conforme a la documentación adjunta.
En Madrid, a 28 de mayo de 2026.
Fdo.: María José Moral Morgado
2. JUSTIFICACIÓN DE LAS DESVIACIONES ACAECIDAS EN EL PRESUPUESTO Y
CRONOGRAMA DE EJECUCIÓN
Durante el desarrollo del proyecto enGira!, y una vez iniciada su implementación operativa, técnica
y comercial, se han identificado una serie de necesidades no plenamente previsibles en el
momento de formulación inicial del presupuesto, lo que ha hecho necesario reordenar
determinadas partidas económicas y ajustar el cronograma de ejecución.
Estas modificaciones responden a criterios de eficiencia, adecuación a la realidad de ejecución y
optimización del impacto del proyecto, manteniéndose en todo momento la finalidad, los objetivos
generales y la naturaleza innovadora de la propuesta subvencionada.
En términos generales, las desviaciones producidas obedecen a los siguientes factores:
a) Adecuación del proyecto a las necesidades reales detectadas durante la ejecución
La puesta en marcha de la plataforma y las primeras acciones de implementación han permitido
identificar con mayor precisión qué líneas de trabajo resultaban más estratégicas para asegurar la
viabilidad y sostenibilidad de enGira!, especialmente en lo relativo a:
• consolidación de alianzas,
• análisis de comportamiento de usuarios,
• formación especializada,
• y acciones de activación y comunicación orientadas a uso real.
b) Repriorización de recursos técnicos
Determinadas actuaciones inicialmente previstas en el ámbito del desarrollo de software no
resultaron prioritarias en esta fase de implementación, por lo que se optó por concentrar el gasto
técnico en aquellas tareas más directamente vinculadas a la estabilidad, mantenimiento, resolución
de incidencias y mejora funcional de la herramienta, aplazando o reduciendo desarrollos no
esenciales.
c) Refuerzo de las áreas con mayor impacto estratégico
La experiencia de ejecución evidenció la necesidad de incrementar el peso presupuestario de
áreas como:
• alianzas estratégicas,
• formación especializada en análisis de datos e inteligencia artificial,
• comunicación y activación de usuarios,
• e investigación aplicada sobre audiencias y comportamiento digital,
por considerarse líneas directamente relacionadas con la consolidación del modelo de negocio, la
mejora del producto y la sostenibilidad futura del proyecto.
d) Adaptación de la estrategia comercial
La estrategia de comercialización se ha reformulado para orientarla hacia acciones más realistas,
medibles y eficaces, priorizando herramientas de marketing digital, activación profesional y
monetización progresiva de servicios, en lugar de otras actuaciones inicialmente contempladas
que, tras el avance del proyecto, se revelaron menos prioritarias o menos eficientes en esta fase.
e) Ajuste a costes reales de ejecución
Algunas partidas de estructura y soporte (administración, laboral, legal o gestoría) han sido
reajustadas para reflejar con mayor fidelidad el coste real finalmente necesario para la correcta
ejecución del proyecto.
En consecuencia, las modificaciones presupuestarias solicitadas no alteran la esencia del proyecto
subvencionado, sino que suponen una adaptación técnica y operativa necesaria para asegurar una
ejecución más eficiente, coherente y alineada con los objetivos de innovación, sostenibilidad e
impacto sectorial que fundamentan el proyecto enGira!.
3. CUADRO COMPARATIVO DE PARTIDAS
Par:da Inicial (€) Modificado (€) Diferencia (€) Observación
Responsable de 2.200 2.200 0 Sin cambios
operaciones
Administración 9.136 4.915,88 -4.220,12 Op:mización de
recursos
Soporte técnico y 5.240 1.716,71 -3.523,29 Priorización de
soUware mantenimiento
Alianzas 3.000 6.215,09 +3.215,09 Refuerzo de
estratégicas sostenibilidad
Formación 851,10 3.650 +2.798,90 Capacitación en
Data & IA
Comercialización 9.870 7.491,61 -2.378,39 Reorientación
comercial
Comunicación 2.282,90 2.913 +630,10 Ac:vación y
difusión
Gestoría 900 994 +94 Ajuste coste real
Laboral 200 110 -90 Ajuste coste real
Legal 500 173,79 -326,21 Ajuste coste real
Inves:gación 0 3.800 +3.800 Nueva necesidad
detectada
4. CAMBIOS POR PARTIDAS
ADMINISTRACIÓN
• Inicial: 9.136 €
• Modificado: 4.915,88 €
• Variación: – 4.220,12 €
Se ha reducido el peso presupuestario de tareas administra:vas y de ges:ón ordinaria, al haberse op:mizado
procesos internos y priorizado recursos hacia áreas más directamente vinculadas al desarrollo comercial,
técnico y estratégico del proyecto.
SOPORTE TÉCNICO Y DESARROLLO DE SOFTWARE
• Inicial: 5.240 €
• Modificado: 1.716,71 €
• Variación: – 3.523,29 €
Durante la ejecución se ha constatado que no era prioritario acometer todas las mejoras previstas
inicialmente, siendo más eficiente concentrar el gasto técnico en mantenimiento, estabilidad, resolución de
incidencias y op4mización funcional, aplazando desarrollos no esenciales.
ALIANZAS ESTRATÉGICAS
• Inicial: 3.000 €
• Modificado: 6.215,09 €
• Variación: + 3.215,09 €
Se ha evidenciado durante la implementación que la viabilidad, sostenibilidad y escalabilidad de enGira!
dependen en mayor medida de la consolidación de alianzas ins:tucionales, acuerdos estratégicos,
colaboración con circuitos y modelos de acompañamiento, por lo que ha sido necesario reforzar esta línea.
FORMACIÓN
• Inicial: 851,10 €
• Modificado: 3.650 €
• Variación: + 2.798,90 €
La evolución del proyecto ha puesto de manifiesto la necesidad de reforzar capacidades técnicas y analí:cas
especializadas, especialmente en materia de análisis de datos e inteligencia ar:ficial aplicada a procesos de
comercialización, comportamiento de usuarios y op:mización de decisiones.
COMERCIALIZACIÓN
• Inicial: 9.870 €
• Modificado: 7.491,61 €
• Variación: – 2.378,39 €
Se ha reorientado la estrategia comercial hacia acciones más eficientes, medibles y adaptadas al
comportamiento real del mercado, reduciendo peso en algunas acciones inicialmente previstas (como ciertas
dinámicas de venta fría o desarrollos comerciales más amplios) y concentrando la inversión en acciones de
captación digital y mone:zación más viables.
INVESTIGACIÓN
• Inicial: no exisma
• Modificado: 3.800 €
• Nuevo concepto incorporado
La experiencia de ejecución ha puesto de manifiesto la necesidad de incorporar una línea específica de
inves:gación aplicada, orientada a:
• evaluar el comportamiento de los usuarios,
• medir el impacto de la plataforma,
• op:mizar la estrategia de captación y fidelización,
• y mejorar la toma de decisiones en el desarrollo del modelo de negocio.",transferencia,0.667,administracion|cambios|economica|pago,False,True,True,,ACC-SOPORTE-TECNICO-Y--97F30C5E65,1.0,automatico,/Users/usuario/Desktop/PROFESIONAL/enGira/FINANCIACIÓN/SUBVENCIONES/MINISTERIO DE CULTURA/Industrias Culturales 25/JUSTIFICACION/datos_engira/09_DESVIACIONES_Y_CAMBIOS/Solicitud_Modificacion_Sustancial_enGira_signed.pdf
memoria_final,10_MEMORIA_FINAL/declaraci-n-responsable.docx,declaraci-n-responsable.docx,.docx,49528,documento,2026-07-24T13:04:16.090372,,,,,,,"DECLARACIÓN RESPONSABLE Ayudas a proyectos profesionales y empresariales para la innovación en las industrias culturales y creativas 2025
Nombre y apellidos: ……………………………………………………………………………………………………
En representación de la entidad (en su caso) : ……………………………………………………………………..
N.º de expediente: …………………………………………………………………………………..………………….
Cuantía total del proyecto: …………………………………………………………………………………………....
Cuantía de la ayuda: …………………………………………………………………………………………………..
Declara:
Que la memoria económica presentada para justificar la ayuda para la acción y la promoción cultural concedida recoge todos los gastos e ingresos relacionados con la actividad subvencionada, teniendo los mismos fiel reflejo en la contabilidad de esta empresa. Los documentos que acreditan, tanto la realización de dichos gastos como la obtención de los ingresos declarados, están en poder del beneficiario y a disposición del Ministerio de Cultura y de los órganos de control previstos en la normativa reguladora de estas subvenciones.
Que para la misma actividad para la que ha recibido ayuda para la acción y la promoción cultural
No ha recibido ninguna otra ayuda de otras entidades públicas.
Ha recibido ayudas por las entidades públicas que se indican por las cuantías que también se expresan:
………………………………………………………………………………………………………………………………………………………………………………………………………………………………………………………………………………………………………………………………
Que para la misma actividad para la que ha recibido ayuda para la acción y la promoción cultural
No ha recibido ningún ingreso, recurso dinerario o patrocinio de entidades privadas.
Ha recibido ingresos, recursos dinerarios o patrocinios por las entidades privadas que se indican por las cuantías que también se expresan:
………………………………………………………………………………………………………………………………………………………………………………………………………………………………………………………………………………………………………………………………
Que la suma del total de las ayudas, ingresos, recursos y patrocinios recibidos para el desarrollo de la actividad subvencionada:
No ha superado el coste total de dicha actividad.
Ha superado el coste de la actividad en cuyo caso procedo a la devolución voluntaria correspondiente a ese exceso y así lo comunico por escrito al Centro de Coordinación de Industrias Culturales (en documento anexo) con el fin de que me hagan llegar la documentación necesaria para hacer efectivo el ingreso del correspondiente reintegro.
Que la suma total de los gastos, tanto los imputados a la ayuda como aquellos cubiertos con otras aportaciones diferentes a la ayuda:
Han alcanzado el coste total del proyecto aprobado inicialmente
No han alcanzado el coste total del proyecto aprobado inicialmente, en cuyo caso procedo a la devolución voluntaria correspondiente a ese déficit y así lo comunico por escrito al Centro de Coordinación de Industrias Culturales (en documento anexo) con el fin de que me hagan llegar la documentación necesaria para hacer efectivo el ingreso del correspondiente reintegro.
Lo que se hace constar a los efectos previstos en la normativa reguladora de la subvención.
En………………………………… a ………. de……………..………….de ………………….
Firmado:",presupuesto,0.533,administracion|documentacion|economica|memoria,False,True,False,,,,,/Users/usuario/Desktop/PROFESIONAL/enGira/FINANCIACIÓN/SUBVENCIONES/MINISTERIO DE CULTURA/Industrias Culturales 25/JUSTIFICACION/datos_engira/10_MEMORIA_FINAL/declaraci-n-responsable.docx
memoria_final,10_MEMORIA_FINAL/memoria_actividades_corto_25_engira.docx,memoria_actividades_corto_25_engira.docx,.docx,25551,documento,2026-07-29T12:26:42.428946,,,"1.71|1.716,71|1.716,71 €|110 €|173,79|173,79 €|2.00|2.20|2.200 €|2.91|2.913 €|3.10|3.11|3.65|3.650 €|3.80|3.800 €|4.91|4.915,88|4.915,88 €|6.21|6.215,09|6.215,09 €|994 €|€
1.",,,,"MEMORIA DE ACTIVIDADES DEL PROYECTO
0. Cronograma de desarrollo ejecutado
1. Resumen ejecutivo
2. Descripción del proyecto
3. Desarrollo del proyecto
3.1 Responsable de operaciones
3.2 Administración
3.3 Soporte técnico y desarrollo de software
3.4 Alianzas estratégicas
3.5 Formación
3.6 Comercialización
3.7 Comunicación
3.8 Gestoría
3.9 Laboral
3.10 Legal
3.11 Investigación
4. Resultados obtenidos
5. Indicadores de ejecución
6. Comunicación y difusión
7. Modificaciones autorizadas e incidencias
8. Recursos humanos y trabajo desarrollado
9. Conclusiones
10. Relación de evidencias y anexos
CRONOGRAMA DE DESARROLLO DEL PROYECTO EJECUTADO POR FASES
RESPONSABLE DE OPERACIONES
Periodo de ejecución: Julio 2025 – Junio 2026
Actuaciones realizadas
Durante todo el periodo de ejecución se desarrollaron las tareas de dirección estratégica, coordinación general y supervisión técnica del proyecto enGira!, garantizando la correcta ejecución de las actuaciones previstas y la coordinación entre los distintos agentes implicados.
Las principales funciones desempeñadas fueron:
planificación global del proyecto;
coordinación de proveedores y colaboradores;
supervisión del desarrollo tecnológico;
seguimiento del cronograma y del presupuesto;
coordinación de la estrategia de comercialización y comunicación;
relaciones institucionales con entidades colaboradoras y administraciones públicas.
Estas tareas permitieron mantener la coherencia entre el desarrollo tecnológico de la plataforma y las actuaciones de validación, difusión y acompañamiento realizadas durante el periodo subvencionado.
Importe ejecutado: 2.200 €
ADMINISTRACIÓN
Periodo de ejecución: Julio 2025 – Junio 2026
Actuaciones realizadas
Las tareas administrativas garantizaron el funcionamiento ordinario del proyecto y el soporte a los usuarios registrados en la plataforma.
Entre las actuaciones desarrolladas destacan:
atención y soporte a usuarios;
gestión administrativa del registro de artistas y profesionales;
mantenimiento y actualización de bases de datos;
seguimiento económico y contable del proyecto;
gestión documental;
coordinación administrativa con proveedores;
gestión de comunicaciones internas;
mantenimiento de los servicios de telefonía e internet necesarios para el funcionamiento de la plataforma.
Estas actuaciones permitieron asegurar la continuidad operativa de enGira! durante todo el periodo de ejecución.
Importe ejecutado: 4.915,88 €
SOPORTE TÉCNICO Y DESARROLLO DE SOFTWARE
Periodo de ejecución: Julio 2025 – Junio 2026
Actuaciones realizadas
Durante esta fase se realizaron actuaciones orientadas a consolidar el funcionamiento técnico de la plataforma y mejorar la experiencia de uso de las herramientas disponibles para artistas y programadores.
Las principales actuaciones fueron:
optimización del panel de administración;
resolución de incidencias técnicas detectadas durante el uso de la plataforma;
mantenimiento evolutivo del software;
actualización de servicios de servidor;
mejora de la estabilidad del sistema;
optimización del rendimiento general.
Estas actuaciones permitieron consolidar una plataforma estable sobre la que desarrollar las acciones de comercialización y acompañamiento previstas en el proyecto.
Importe ejecutado: 1.716,71 €
ALIANZAS ESTRATÉGICAS
Periodo de ejecución: Julio 2025 – Junio 2026
Actuaciones realizadas
Se desarrolló una intensa labor de creación y consolidación de alianzas estratégicas con agentes del ecosistema de las artes escénicas, con el objetivo de ampliar las oportunidades de circulación para los artistas participantes y fortalecer el posicionamiento de la plataforma.
Entre las actuaciones realizadas destacan:
negociación de acuerdos marco con festivales y circuitos;
reuniones con instituciones culturales;
generación de colaboraciones con organizaciones profesionales;
desarrollo de programas de acompañamiento para artistas;
búsqueda de nuevas oportunidades de financiación y patrocinio.
Estas actuaciones reforzaron el papel de enGira! como herramienta de cooperación entre artistas, programadores y entidades culturales.
Importe ejecutado: 6.215,09 €
1. RESUMEN EJECUTIVO
Durante el periodo comprendido entre julio de 2025 y junio de 2026 se desarrolló una nueva fase de consolidación de enGira!, plataforma digital orientada a mejorar la distribución, promoción y movilidad de las artes escénicas contemporáneas.
La ejecución se centró en reforzar el funcionamiento técnico de la plataforma, ampliar su implantación entre profesionales del sector y validar nuevos servicios de acompañamiento dirigidos a artistas, compañías y programadores. Paralelamente, se impulsaron acciones de comercialización, comunicación, formación e investigación, incorporando metodologías de análisis de datos aplicadas a la gestión cultural.
Las actuaciones se organizaron conforme al cronograma y al presupuesto modificados y autorizados por el Ministerio de Cultura, estructurándose en las áreas de dirección, administración, soporte técnico, alianzas estratégicas, comercialización, formación, comunicación, gestoría, asesoría laboral, asesoría jurídica e investigación.
Entre los principales resultados destacan la consolidación operativa de la plataforma, la validación de un modelo de acompañamiento profesional, el fortalecimiento de la red de alianzas, la participación en MERCARTES, el desarrollo de una estrategia de comunicación especializada y la incorporación del análisis de datos como herramienta de apoyo a la toma de decisiones.
2. DESCRIPCIÓN DEL PROYECTO
2.1 Denominación y ámbito de actuación
Proyecto: enGira!
Periodo de ejecución: julio de 2025 – junio de 2026
Beneficiaria: María José Moral Morgado
Ámbito de actuación: nacional e internacional.
enGira! es una plataforma digital orientada a facilitar la distribución de espectáculos de artes escénicas mediante herramientas tecnológicas, bases de datos especializadas y servicios de acompañamiento profesional. Su finalidad es mejorar la conexión entre artistas, compañías, distribuidores y programadores, favoreciendo la circulación de proyectos escénicos y el acceso a oportunidades de exhibición.
2.2 Objetivos
Durante el periodo subvencionado se mantuvieron los objetivos generales del proyecto:
mejorar los procesos de distribución de espectáculos;
facilitar el acceso de artistas y compañías a espacios de exhibición, ferias y festivales;
favorecer la cooperación entre profesionales del sector;
ampliar las oportunidades de circulación de la creación contemporánea;
incorporar herramientas de análisis de datos aplicadas a la gestión cultural;
consolidar un modelo sostenible de servicios vinculados a la plataforma.
2.3 Descripción funcional
La plataforma ofrece perfiles diferenciados para artistas, programadores y distribuidores, permitiendo la gestión de espectáculos, el acceso a una base de datos de más de 2.000 espacios de exhibición, la consulta de festivales y circuitos profesionales y la utilización de herramientas orientadas a planificar procesos de distribución.
2.4 Evolución durante el periodo subvencionado
La ejecución del proyecto supuso una evolución respecto a etapas anteriores. Además del mantenimiento y mejora de la plataforma, se incorporaron servicios de acompañamiento profesional, acciones de comercialización, formación especializada y análisis de datos aplicados a la gestión cultural.
Esta evolución permitió validar un modelo de trabajo que combina tecnología, asesoramiento especializado y generación de conocimiento para responder de forma más eficaz a las necesidades del sector de las artes escénicas.
3. DESARROLLO DEL PROYECTO
3.1 Responsable de operaciones
Periodo de ejecución: julio de 2025 – junio de 2026
Importe ejecutado: 2.200 €
La dirección del proyecto fue asumida por María José Moral Morgado, responsable de la coordinación general de las actuaciones y del seguimiento de su ejecución.
Actuaciones realizadas
planificación y seguimiento del cronograma;
coordinación de proveedores y colaboradores;
supervisión del desarrollo tecnológico;
coordinación de las acciones de comercialización y comunicación;
seguimiento económico y administrativo;
coordinación de los programas de acompañamiento;
relaciones institucionales y preparación de la documentación justificativa.
Resultado
La coordinación permitió mantener la coherencia entre las distintas áreas del proyecto, garantizar el cumplimiento del cronograma y adaptar las actuaciones a las necesidades detectadas durante la ejecución.
3.2 Administración
Periodo de ejecución: julio de 2025 – junio de 2026
Importe ejecutado: 4.915,88 €
Las tareas administrativas aseguraron el funcionamiento ordinario de la plataforma y la atención continuada a sus usuarios.
Actuaciones realizadas
gestión de usuarios y actualización de registros;
mantenimiento de bases de datos;
atención y soporte a artistas y profesionales;
gestión documental;
seguimiento económico y contable;
coordinación con proveedores y gestoría;
mantenimiento de los servicios de telefonía e internet.
Resultado
Se garantizó la continuidad operativa del proyecto, la correcta organización documental y la disponibilidad de la información necesaria para la gestión y justificación de la ayuda.
3.3 Soporte técnico y desarrollo de software
Periodo de ejecución: julio de 2025 – junio de 2026
Importe ejecutado: 1.716,71 €
El soporte técnico se orientó al mantenimiento evolutivo de la plataforma y a la mejora de su estabilidad.
Actuaciones realizadas
mantenimiento de la plataforma;
resolución de incidencias;
mejora del panel de administración;
actualización de componentes;
mantenimiento del servidor;
optimización del rendimiento.
Resultado
Las actuaciones permitieron mantener la plataforma plenamente operativa durante todo el periodo y mejorar la experiencia de uso tanto para usuarios como para administradores.
3.4 Alianzas estratégicas
Periodo de ejecución: julio de 2025 – junio de 2026
Importe ejecutado: 6.215,09 €
El proyecto reforzó su red de colaboración con entidades, festivales, circuitos y organizaciones profesionales.
Actuaciones realizadas
reuniones con instituciones culturales;
identificación de nuevos colaboradores;
participación en encuentros profesionales;
búsqueda de oportunidades de financiación;
diseño de programas de acompañamiento para compañías;
elaboración de estrategias de distribución adaptadas a cada proyecto.
Los programas de acompañamiento incluyeron diagnóstico inicial, revisión de materiales, identificación de circuitos, planificación comercial y seguimiento personalizado mediante las herramientas de enGira!.
Resultado
Se consolidó una metodología de acompañamiento profesional, se fortaleció la red de contactos del proyecto y se generó información útil para orientar el desarrollo futuro de la plataforma.
3.5 Comercialización, validación y desarrollo de mercado
Periodo de ejecución: abril de 2026 – junio de 2026
La fase de comercialización tuvo como objetivo validar el modelo de negocio de enGira! mediante su aplicación en contextos reales.
Actuaciones realizadas
participación en MERCARTES;
presentación pública de la plataforma;
reuniones con programadores, distribuidores e instituciones;
incorporación de mejoras funcionales para artistas;
validación de los servicios de acompañamiento;
desarrollo de campañas de marketing digital;
elaboración de materiales comerciales.
Resultado
La participación en MERCARTES permitió incrementar la visibilidad del proyecto, ampliar la red profesional, validar la utilidad práctica de la plataforma y recoger información para orientar futuras mejoras.
3.6 Formación
Periodo de ejecución: octubre de 2025 – marzo de 2026
Importe ejecutado: 3.650 €
Se realizó formación especializada en Data Analytics e Inteligencia Artificial con el fin de incorporar herramientas de análisis aplicadas a la gestión cultural.
Actuaciones realizadas
formación en análisis de datos;
estructuración de bases de datos;
definición de indicadores;
análisis de campañas digitales;
aplicación práctica de los conocimientos al proyecto.
Resulta",memoria,1.0,actividad|documentacion|memoria,False,False,False,,,,,/Users/usuario/Desktop/PROFESIONAL/enGira/FINANCIACIÓN/SUBVENCIONES/MINISTERIO DE CULTURA/Industrias Culturales 25/JUSTIFICACION/datos_engira/10_MEMORIA_FINAL/memoria_actividades_corto_25_engira.docx
modelos_normalizados,11_MODELOS_NORMALIZADOS/memoria-econ-mica--aut-nomos-.xlsx,memoria-econ-mica--aut-nomos-.xlsx,.xlsx,25043,hoja_calculo,2026-07-24T13:04:55.080369,,,,,,,"MINISTERIO
DE CULTURA | | | | | | | | | | SUBSECRETARÍA DE CULTURA
CENTRO DE COORDINACIÓN DE INDUSTRIAS CULTURALES | | |
| | | | | | | | | | | | |
| | | | | | | | | | | | |
| | | | | | | | | | | | |
AYUDAS A PROYECTOS PROFESIONALES Y EMPRESARIALES PARA LA INNOVACIÓN EN LAS INDUSTRIAS CULTURALES Y CREATIVAS 2025 | | | | | | | | | | | | |
| | | | | | | | | | | | |
MEMORIA ECONÓMICA JUSTIFICATIVA (AUTÓNOMOS): DECLARACIÓN DE TODOS LOS GASTOS E INGRESOS DE LA ACTIVIDAD SUBVENCIONADA | | | | | | | | | | | | |
Razón social: | | | | | | | | | | | Nº de Expediente | |
Proyecto: | | | | | | | | | | | | |
| | | | | | | | | | | | |
INGRESOS
(Se relacionarán todos los ingresos destinados a la actividad subvencionada, incluyendo la presente ayuda, la aportación propia o de otras entidades, y otras ayudas recibidas, según se hiciera constar en el presupuesto aprobado) | | | | | | | | | | | | |
PROCEDENCIA DE LOS INGRESOS | | | | | | | | | | | | IMPORTE |
Ayuda a proyectos profesionaless y empresariales para la innovación en las industrias culturales y creativas | | | | | | | | | | | | |
Otros ingresos:
Desglosar procedencia | | | | | | | | | | | | |
| | | | | | | | | | | | |
| | | | | | | | | | | | |
TOTAL DE INGRESOS | | | | | | | | | | | | =SUM(M13:M16) |
| | | | | | | | | | | | |
GASTOS | | | | | | | | | | | | |
1. GASTOS FINANCIADOS CON CARGA A LA AYUDA A PROYECTOS PROFESIONALES Y EMPRESARIALES PARA LA INNOVACIÓN EN LAS INDUSTRIAS CULTURALES Y CREATIVAS (el total de estos gastos debe concidir con el total del importe de la ayuda). | | | | | | | | | | | | |
| | | | | | | | | | | | |
Gastos de personal: nóminas de trabajadores empleados por el beneficiario
| Denominación de la partida
(coincidente con la del Presupuesto Aprobado) | | Desglosar conceptos de gasto (corresponderán a actuaciones descritas en la memoria del proyecto) | Nº | JUSTIFICANTES DE GASTO | | FECHA DE EMISIÓN | FECHA DE PAGO | IMPORTE EJECUTADO POR CONCEPTO (€) | IMPORTE EJECUTADO, POR PARTIDA (€) | IMPORTE PRESUPUESTADO EN LA SOLICITUD O MODIFICACIÓN APROBADA, POR PARTIDA (€) | DESVIOS
(€) |
| | | | Mes y año de la nómina | | Nombre y apellidos del perceptor | | | | | | |
| | | | 1 | | | | | | =SUM(J24:J25) | | |
| | | | 2 | | | | | | | | |
| | | | 3 | | | | | | =SUM(J26:J27) | | |
| | | | 4 | | | | | | | | |
| TOTAL DE GASTOS DE NÓMINAS DE TRABAJADORES | | | | | | | | =SUM(J24:J27) | =SUM(K24:K27) | | |
Gastos
de los trabajos realizados
por el autónomo (máximo 20%
de la ayuda) | Denominación de la partida
(coincidente con la del Presupuesto Aprobado) | | Desglosar conceptos de gasto (corresponderán a actuaciones descritas en la memoria del proyecto) | Mes y año de la nómina | | Nombre y apellidos del perceptor | FECHA DE EMISIÓN | FECHA DE PAGO | IMPORTE EJECUTADO POR CONCEPTO (€) | IMPORTE EJECUTADO, POR PARTIDA (€ | IMPORTE PRESUPUESTADO EN LA SOLICITUD O MODIFICACIÓN APROBADA, POR PARTIDA (€ | DESVIOS
(€) |
| | | | | | | | | | | | |
| | | | 1 | | | | | | =SUM(J31:J32) | | |
| | | | 2 | | | | | | | | |
| | | | 3 | | | | | | =SUM(J33:J34) | | |
| | | | 4 | | | | | | | | |
| | | | 5 | | | | | | =SUM(J35:J36) | | |
| | | | 6 | | | | | | | | |
| TOTAL DE GASTOS DE LOS TRABAJOS REALIZADOS POR EL AUTÓNOMO | | | | | | | | =SUM(J31:J36) | =SUM(K31:K36) | | |
Gastos protocolarios y de representación,
(máximo 5% de la ayuda) | Denominación de la partida (coincidente con la del Presupuesto Aprobado) | | Desglosar conceptos de gasto (corresponderán a actuaciones descritas en la memoria del proyecto) | Nº de la factura | | Emisor | FECHA DE EMISIÓN | FECHA DE PAGO | IMPORTE EJECUTADO POR CONCEPTO (€) | IMPORTE EJECUTADO, POR PARTIDA(€) | IMPORTE PRESUPUESTADO EN LA SOLICITUD O MODIFICACIÓN APROBADA, POR PARTIDA (€) | DESVIOS (€) |
| | | | 1 | | | | | | =SUM(J39:J40) | | |
| | | | 2 | | | | | | | | |
| | | | 3 | | | | | | =SUM(J41:J42) | | |
| | | | 4 | | | | | | | | |
| TOTAL DE GASTOS PROTOCOLARIOS Y DE REPRESENTACIÓN | | | | | | | | =SUM(J39:J42) | =SUM(K39:K42) | | |
Gastos de proveedores externos: facturas de adquisición de bienes o prestación de servicios | Denominación de la partida
(coincidente con la del Presupuesto Aprobado) | | Desglosar conceptos de gasto (corresponderán a actuaciones descritas en la memoria del proyecto) | Nº de la factura | | Emisor | FECHA DE EMISIÓN | FECHA DE PAGO | IMPORTE EJECUTADO POR CONCEPTO (€) | IMPORTE EJECUTADO, POR PARTIDA(€) | IMPORTE PRESUPUESTADO EN LA SOLICITUD O MODIFICACIÓN APROBADA, POR PARTIDA (€) | DESVIOS (€) |
| | | | 1 | | | | | | =SUM(J45:J46) | | |
| | | | 2 | | | | | | | | |
| | | | 3 | | | | | | =SUM(J47:J48) | | |
| | | | 4 | | | | | | | | |
| | | | 5 | | | | | | =SUM(J49:J50) | | |
| | | | 6 | | | | | | | | |
| TOTAL DE GASTOS POR ADQUISICIÓN DE BIENES O PRESTACIÓN DE SERVICIOS | | | | | | | | =SUM(J45:J50) | =SUM(K45:K50) | | |
TOTAL DE GASTOS | | | | | | | | | =SUM(J28+J37+J43+J51) | | | |
| | | | | | | | | | | | |
2. OTROS GASTOS DEL PROYECTO (financiados con aportaciones propias y aportaciones de terceros ajenas al Ministerio de Cultura) | | | | | | | | | | | | |
| | | | | | | | | | | | |
Gastos de personal: nóminas de trabajadores financiadas con ingresos distintos a la ayuda concedida | Denominación de la partida
(coincidente con la del Presupuesto Aprobado) | | Desglosar conceptos de gasto (corresponderán a actuaciones descritas en la memoria del proyecto) | Nº | JUSTIFICANTES DE GASTO | | FECHA DE EMISIÓN | FECHA DE PAGO | IMPORTE EJECUTADO POR CONCEPTO (€) | IMPORTE EJECUTADO, POR PARTIDA (€) | IMPORTE PRESUPUESTADO EN LA SOLICITUD O MODIFICACIÓN APROBADA, POR PARTIDA (€) | DESVIOS (€) |
| | | | Mes y año de la nómina | | Nombre y apellidos del perceptor | | | | | | |
| | | | 1 | | | | | | =SUM(J58:J59) | | |
| | | | 2 | | | | | | | | |
| | | | 3 | | | | | | =SUM(J60:J61) | | |
| | | | 4 | | | | | | | | |
| TOTAL DE NÓMINAS DE TRABAJADORES NO FINANCIADAS CON LA AYUDA | | | | | | | | =SUM(J58:J61) | =SUM(K58:K61) | | |
Gastos de los trabajos realizados por el autónomo | Denominación de la partida
(coincidente con la del Presupuesto Aprobado) | | Desglosar conceptos de gasto (corresponderán a actuaciones descritas en la memoria del proyecto) | Mes y año de la nómina | | Nombre y apellidos del perceptor | FECHA DE EMISIÓN | FECHA DE PAGO | IMPORTE EJECUTADO POR CONCEPTO (€) | IMPORTE EJECUTADO, POR PARTIDA (€) | IMPORTE PRESUPUESTADO EN LA SOLICITUD O MODIFICACIÓN APROBADA, POR PARTIDA (€) | DESVIOS (€) |
| | | | | | | | | | | | |
| | | | 1 | | | | | | =SUM(J65:J66) | | |
| | | | 2 | | | | | | | | |
| | | | 3 | | | | | | =SUM(J67:J68) | | |
| | | | 4 | | | | | | | | |
| TOTAL DE TRABAJOS REALIZADOS POR EL AUTÓNOMO NO FINANCIADOS CON LA AYUDA | | | | | | | | =SUM(J65:J68) | =SUM(K65:K68) | | |
Gastos de proveedores externos: facturas de adquisición
de bienes
o prestación
de servicios | Denominación de la partida
(coincidente con la del Presupuesto Aprobado) | | Desglosar conceptos de gasto (corresponderán a actuaciones descritas en la memoria del proyecto) | Nº de la factura | | Emisor | FECHA DE EMISIÓN | FECHA DE PAGO | IMPORTE EJECUTADO POR CONCEPTO (€) | IMPORTE EJECUTADO, POR PARTIDA (€) | IMPORTE PRESUPUESTADO EN LA SOLICITUD O MODIFICACIÓN APROBADA, POR PARTIDA (€) | DESVIOS (€) |
| | | | 1 | | | | | | =SUM(J71:J72) | | |
| | | | 2 | | | | | | | | |
| | | | 3 | | | | | | =SUM(J73:J74) | | |
| | | | 4 | | | | | | | | |
| | | | 5 | | | | | | =SUM(J75:J76) | | |
| | | | 6 | | | | | | | | |
| TOTAL DE GASTOS DE PROVEEDORES EXTERNOS NO FINANCIADOS CON LA AYUDA | | | | | | | | =SUM(J71:J76) | =SUM(K71:K76) | | |
Gastos ordinarios,
de gestión
y administración (máximo 25%
de “Otros gastos
del proyecto”) | Denominación de la partida
(coincidente con la del Presupuesto Aprobado) | | Desglosar conceptos de gasto (corresponderán a actuaciones descritas en la memoria del proyecto) | Nº de la factura | | Emisor | FECHA DE EMISIÓN | FECHA DE PAGO | IMPORTE EJECUTADO POR CONCEPTO (€) | IMPORTE EJECUTADO, POR PARTIDA(€) | IMPORTE PRESUPUESTADO EN LA SOLICITUD O MODIFICACIÓN APROBADA, POR PARTIDA (€) | DESVIOS (€) |
| | | | 1 | | | | | | =SUM(J79:J80) | | |
| | | | 2 | | | | | | | | |
| | | | 3 | | | | | | =SUM(J81:J82) | | |
| | | | 4 | | | | | | | | |
| TOTAL DE GASTOS ORDINARIOS DE LA ENTIDAD | | | | | | | | =SUM(J79:J82) | =SUM(K79:K82) | | |
TOTAL DE GASTOS | | | | | | | | | =SUM(J62+J69+J77+J83) | | | |
| | | | | | | | | | | | |
3. RESUMEN DE GASTOS | | | | | | | | | | | | |
| | | | | | | | | | | | |
| | | | | | | | | | | | |
GASTOS | | | | | | | | | | | | IMPORTE |
Total de gastos financiados con cargo a la Ayuda a proyectos profesionales y empresariales para la innovación en las industrias culturales y creativas | | | | | | | | | | | | |
Total Otros gastos del proyecto | | | | | | | | | | | | |
TOTAL DE GASTOS (Esta cantidad debe coincidir con el ""Total de Ingresos"") | | | | | | | | | | | | =SUM(M90:M91) |
| | | | | | | | | | | | |
| | | | | | | | | | | | |
La estructura de este modelo debe respetarse pudiéndose añadir las filas extra que resulten necesarias. | | | | | | | | | | | | |
| | | | | | | | | | | | |
Se deberán reflejar todas las partidas del presupuesto inicial y en caso de no haberse ejecutado se indicarán con coste 0 en el Importe ejecutado.
En el supuesto de incorporar nuevas partidas no recogidas en el presupuesto inicial se indicarán con coste 0 en el Importe presupuestado. | | | | | | | | | | | | |
| | | | | | | | | | | | |
Para el cálculo y cumplimentación de las desviaciones solo se considerarán las partidas con desviación negativa. Las desviaciones positivas (importe ejecutado superior al importe presupuestado) no serán objeto de cómputo ni compensarán las desviaciones negativas. | | | | | | | | | | | | |
| | | | | | | | | | | | |
Esta relación debe recoger el TOTAL de los gastos del proyecto, IVA excluido. | | | | | | | | | | | | |",memoria,1.0,actividad|documentacion,False,False,False,,,,,/Users/usuario/Desktop/PROFESIONAL/enGira/FINANCIACIÓN/SUBVENCIONES/MINISTERIO DE CULTURA/Industrias Culturales 25/JUSTIFICACION/datos_engira/11_MODELOS_NORMALIZADOS/memoria-econ-mica--aut-nomos-.xlsx
modelos_normalizados,11_MODELOS_NORMALIZADOS/memoria-de-actividades.docx,memoria-de-actividades.docx,.docx,43029,documento,2026-07-24T13:04:42.754363,,,,,,,"CRONOGRAMA DE DESARROLLO DEL PROYECTO EJECUTADO POR FASES
Denominación de la fase | Fechas de ejecución
| Principales actuaciones realizadas en esta fase
(deben corresponderse con las descritas en el último cronograma presentado) | Cuantía del gasto
| | |
| | |
| | |
| | |
| | |
| | |
| | |
| | |
| | |
| | |
| | |
SUMA TOTAL DE GASTOS DE TODAS LAS FASES
(debe coincidir con el TOTAL DE GASTOS de la Memoria económica) | SUMA TOTAL DE GASTOS DE TODAS LAS FASES
(debe coincidir con el TOTAL DE GASTOS de la Memoria económica) | SUMA TOTAL DE GASTOS DE TODAS LAS FASES
(debe coincidir con el TOTAL DE GASTOS de la Memoria económica) |",memoria,0.933,actividad|documentacion,False,False,False,,,,,/Users/usuario/Desktop/PROFESIONAL/enGira/FINANCIACIÓN/SUBVENCIONES/MINISTERIO DE CULTURA/Industrias Culturales 25/JUSTIFICACION/datos_engira/11_MODELOS_NORMALIZADOS/memoria-de-actividades.docx
